axis,k_m2,k_mD,n_pores,n_throats,conductance_model
x,1.8612282773586252e-13,188.5889488432004,4704.0,8520.0,valvatne_blunt
y,2.0172284366921225e-14,20.439566445458553,4704.0,8520.0,valvatne_blunt
z,9.885166518977055e-14,100.16144637559023,4704.0,8520.0,valvatne_blunt
