formulation,axis,slice_direction,coordinate_m,x_m,y_m,u_parallel_m_s,u_tangential_m_s,u_x_m_s,u_y_m_s
brinkman_usfem_pkpk_k1,x,flux,5.215e-06,5.215e-06,0.00036505,3.844091456734857e-09,8.8987830323101e-09,3.844091456734857e-09,8.8987830323101e-09
brinkman_usfem_pkpk_k1,x,flux,7.6139e-06,7.6139e-06,0.00036505,9.337190875926347e-09,1.370671740303033e-08,9.337190875926347e-09,1.370671740303033e-08
brinkman_usfem_pkpk_k1,x,flux,1.00128e-05,1.00128e-05,0.00036505,1.4830290295117835e-08,1.8514651773750564e-08,1.4830290295117835e-08,1.8514651773750564e-08
brinkman_usfem_pkpk_k1,x,flux,1.24117e-05,1.24117e-05,0.00036505,3.425405707930214e-07,2.460451609704044e-07,3.425405707930214e-07,2.460451609704044e-07
brinkman_usfem_pkpk_k1,x,flux,1.48106e-05,1.48106e-05,0.00036505,7.380860473074961e-07,5.204646332883074e-07,7.380860473074961e-07,5.204646332883074e-07
brinkman_usfem_pkpk_k1,x,flux,1.72095e-05,1.72095e-05,0.00036505,1.1336315238219704e-06,7.948841056062103e-07,1.1336315238219704e-06,7.948841056062103e-07
brinkman_usfem_pkpk_k1,x,flux,1.96084e-05,1.96084e-05,0.00036505,1.5291770003364452e-06,1.0693035779241134e-06,1.5291770003364452e-06,1.0693035779241134e-06
brinkman_usfem_pkpk_k1,x,flux,2.20073e-05,2.20073e-05,0.00036505,1.928468735771751e-06,1.2343700510813254e-06,1.928468735771751e-06,1.2343700510813254e-06
brinkman_usfem_pkpk_k1,x,flux,2.44062e-05,2.44062e-05,0.00036505,2.331847299120691e-06,1.2801423433359655e-06,2.331847299120691e-06,1.2801423433359655e-06
brinkman_usfem_pkpk_k1,x,flux,2.6805100000000002e-05,2.6805100000000002e-05,0.00036505,2.7352258624696316e-06,1.3259146355906055e-06,2.7352258624696316e-06,1.3259146355906055e-06
brinkman_usfem_pkpk_k1,x,flux,2.9204e-05,2.9204e-05,0.00036505,3.1386044258185715e-06,1.3716869278452453e-06,3.1386044258185715e-06,1.3716869278452453e-06
brinkman_usfem_pkpk_k1,x,flux,3.1602899999999995e-05,3.1602899999999995e-05,0.00036505,3.4990765853135976e-06,1.4146680908276787e-06,3.4990765853135976e-06,1.4146680908276787e-06
brinkman_usfem_pkpk_k1,x,flux,3.4001800000000004e-05,3.4001800000000004e-05,0.00036505,3.573506052449205e-06,1.4390417253287358e-06,3.573506052449205e-06,1.4390417253287358e-06
brinkman_usfem_pkpk_k1,x,flux,3.64007e-05,3.64007e-05,0.00036505,3.6479355195848115e-06,1.4634153598297926e-06,3.6479355195848115e-06,1.4634153598297926e-06
brinkman_usfem_pkpk_k1,x,flux,3.8799599999999994e-05,3.8799599999999994e-05,0.00036505,3.7223649867204176e-06,1.4877889943308494e-06,3.7223649867204176e-06,1.4877889943308494e-06
brinkman_usfem_pkpk_k1,x,flux,4.11985e-05,4.11985e-05,0.00036505,3.7967944538560245e-06,1.5121626288319065e-06,3.7967944538560245e-06,1.5121626288319065e-06
brinkman_usfem_pkpk_k1,x,flux,4.35974e-05,4.35974e-05,0.00036505,3.803324980603623e-06,1.53699284620958e-06,3.803324980603623e-06,1.53699284620958e-06
brinkman_usfem_pkpk_k1,x,flux,4.5996300000000005e-05,4.5996300000000005e-05,0.00036505,3.790994690576775e-06,1.5619498921640916e-06,3.790994690576775e-06,1.5619498921640916e-06
brinkman_usfem_pkpk_k1,x,flux,4.83952e-05,4.83952e-05,0.00036505,3.7786644005499264e-06,1.586906938118603e-06,3.7786644005499264e-06,1.586906938118603e-06
brinkman_usfem_pkpk_k1,x,flux,5.0794099999999995e-05,5.0794099999999995e-05,0.00036505,3.766334110523078e-06,1.6118639840731146e-06,3.766334110523078e-06,1.6118639840731146e-06
brinkman_usfem_pkpk_k1,x,flux,5.3193000000000004e-05,5.3193000000000004e-05,0.00036505,3.7448480847952323e-06,1.6492545506039126e-06,3.7448480847952323e-06,1.6492545506039126e-06
brinkman_usfem_pkpk_k1,x,flux,5.55919e-05,5.55919e-05,0.00036505,3.711459602656088e-06,1.7028086938838832e-06,3.711459602656088e-06,1.7028086938838832e-06
brinkman_usfem_pkpk_k1,x,flux,5.7990799999999994e-05,5.7990799999999994e-05,0.00036505,3.678071120516944e-06,1.7563628371638537e-06,3.678071120516944e-06,1.7563628371638537e-06
brinkman_usfem_pkpk_k1,x,flux,6.03897e-05,6.03897e-05,0.00036505,3.6446826383778e-06,1.8099169804438245e-06,3.6446826383778e-06,1.8099169804438245e-06
brinkman_usfem_pkpk_k1,x,flux,6.27886e-05,6.27886e-05,0.00036505,3.6114194886085875e-06,1.863403325951609e-06,3.6114194886085875e-06,1.863403325951609e-06
brinkman_usfem_pkpk_k1,x,flux,6.51875e-05,6.51875e-05,0.00036505,3.579472328723662e-06,1.9161777948514397e-06,3.579472328723662e-06,1.9161777948514397e-06
brinkman_usfem_pkpk_k1,x,flux,6.75864e-05,6.75864e-05,0.00036505,3.5475251688387356e-06,1.96895226375127e-06,3.5475251688387356e-06,1.96895226375127e-06
brinkman_usfem_pkpk_k1,x,flux,6.99853e-05,6.99853e-05,0.00036505,3.5155780089538096e-06,2.0217267326511003e-06,3.5155780089538096e-06,2.0217267326511003e-06
brinkman_usfem_pkpk_k1,x,flux,7.238419999999999e-05,7.238419999999999e-05,0.00036505,3.4836308490688837e-06,2.0745012015509308e-06,3.4836308490688837e-06,2.0745012015509308e-06
brinkman_usfem_pkpk_k1,x,flux,7.47831e-05,7.47831e-05,0.00036505,3.4551367659934574e-06,2.1241873532388808e-06,3.4551367659934574e-06,2.1241873532388808e-06
brinkman_usfem_pkpk_k1,x,flux,7.7182e-05,7.7182e-05,0.00036505,3.4278614159096195e-06,2.172783510616755e-06,3.4278614159096195e-06,2.172783510616755e-06
brinkman_usfem_pkpk_k1,x,flux,7.95809e-05,7.95809e-05,0.00036505,3.4005860658257803e-06,2.221379667994629e-06,3.4005860658257803e-06,2.221379667994629e-06
brinkman_usfem_pkpk_k1,x,flux,8.19798e-05,8.19798e-05,0.00036505,3.373310715741942e-06,2.269975825372503e-06,3.373310715741942e-06,2.269975825372503e-06
brinkman_usfem_pkpk_k1,x,flux,8.437869999999999e-05,8.437869999999999e-05,0.00036505,3.3425271152656418e-06,2.3144422621886186e-06,3.3425271152656418e-06,2.3144422621886186e-06
brinkman_usfem_pkpk_k1,x,flux,8.67776e-05,8.67776e-05,0.00036505,3.306286236401068e-06,2.3524846892419988e-06,3.306286236401068e-06,2.3524846892419988e-06
brinkman_usfem_pkpk_k1,x,flux,8.91765e-05,8.91765e-05,0.00036505,3.270045357536494e-06,2.390527116295379e-06,3.270045357536494e-06,2.390527116295379e-06
brinkman_usfem_pkpk_k1,x,flux,9.15754e-05,9.15754e-05,0.00036505,3.2338044786719197e-06,2.4285695433487595e-06,3.2338044786719197e-06,2.4285695433487595e-06
brinkman_usfem_pkpk_k1,x,flux,9.39743e-05,9.39743e-05,0.00036505,3.1962868759498667e-06,2.4651515551838496e-06,3.1962868759498667e-06,2.4651515551838496e-06
brinkman_usfem_pkpk_k1,x,flux,9.63732e-05,9.63732e-05,0.00036505,3.13068134836326e-06,2.4696044322165487e-06,3.13068134836326e-06,2.4696044322165487e-06
brinkman_usfem_pkpk_k1,x,flux,9.87721e-05,9.87721e-05,0.00036505,3.065075820776653e-06,2.4740573092492477e-06,3.065075820776653e-06,2.4740573092492477e-06
brinkman_usfem_pkpk_k1,x,flux,0.000101171,0.000101171,0.00036505,2.9994702931900466e-06,2.478510186281947e-06,2.9994702931900466e-06,2.478510186281947e-06
brinkman_usfem_pkpk_k1,x,flux,0.00010356989999999999,0.00010356989999999999,0.00036505,2.9338647656034398e-06,2.482963063314646e-06,2.9338647656034398e-06,2.482963063314646e-06
brinkman_usfem_pkpk_k1,x,flux,0.0001059688,0.0001059688,0.00036505,2.8301223668102737e-06,2.4203274063126344e-06,2.8301223668102737e-06,2.4203274063126344e-06
brinkman_usfem_pkpk_k1,x,flux,0.0001083677,0.0001083677,0.00036505,2.709695086864239e-06,2.3283405156704362e-06,2.709695086864239e-06,2.3283405156704362e-06
brinkman_usfem_pkpk_k1,x,flux,0.00011076659999999999,0.00011076659999999999,0.00036505,2.5892678069182047e-06,2.236353625028238e-06,2.5892678069182047e-06,2.236353625028238e-06
brinkman_usfem_pkpk_k1,x,flux,0.0001131655,0.0001131655,0.00036505,2.4688405269721688e-06,2.1443667343860395e-06,2.4688405269721688e-06,2.1443667343860395e-06
brinkman_usfem_pkpk_k1,x,flux,0.0001155644,0.0001155644,0.00036505,2.312861399610799e-06,2.0029548817214817e-06,2.312861399610799e-06,2.0029548817214817e-06
brinkman_usfem_pkpk_k1,x,flux,0.0001179633,0.0001179633,0.00036505,2.090222558345671e-06,1.7688712252649968e-06,2.090222558345671e-06,1.7688712252649968e-06
brinkman_usfem_pkpk_k1,x,flux,0.0001203622,0.0001203622,0.00036505,1.8675837170805442e-06,1.5347875688085123e-06,1.8675837170805442e-06,1.5347875688085123e-06
brinkman_usfem_pkpk_k1,x,flux,0.0001227611,0.0001227611,0.00036505,1.6449448758154178e-06,1.300703912352028e-06,1.6449448758154178e-06,1.300703912352028e-06
brinkman_usfem_pkpk_k1,x,flux,0.00012516,0.00012516,0.00036505,1.4223060345502896e-06,1.0666202558955423e-06,1.4223060345502896e-06,1.0666202558955423e-06
brinkman_usfem_pkpk_k1,x,flux,0.0001275589,0.0001275589,0.00036505,1.1645726041367014e-06,8.72767681499897e-07,1.1645726041367014e-06,8.72767681499897e-07
brinkman_usfem_pkpk_k1,x,flux,0.00012995780000000002,0.00012995780000000002,0.00036505,9.068391737231121e-07,6.789151071042513e-07,9.068391737231121e-07,6.789151071042513e-07
brinkman_usfem_pkpk_k1,x,flux,0.0001323567,0.0001323567,0.00036505,6.491057433095258e-07,4.850625327086076e-07,6.491057433095258e-07,4.850625327086076e-07
brinkman_usfem_pkpk_k1,x,flux,0.0001347556,0.0001347556,0.00036505,3.913723128959368e-07,2.9120995831296203e-07,3.913723128959368e-07,2.9120995831296203e-07
brinkman_usfem_pkpk_k1,x,flux,0.00013715450000000002,0.00013715450000000002,0.00036505,2.5758904866395345e-07,1.913270091359759e-07,2.5758904866395345e-07,1.913270091359759e-07
brinkman_usfem_pkpk_k1,x,flux,0.0001395534,0.0001395534,0.00036505,1.8991253972882617e-07,1.4156119340894136e-07,1.8991253972882617e-07,1.4156119340894136e-07
brinkman_usfem_pkpk_k1,x,flux,0.0001419523,0.0001419523,0.00036505,1.222360307936981e-07,9.179537768190623e-08,1.222360307936981e-07,9.179537768190623e-08
brinkman_usfem_pkpk_k1,x,flux,0.00014435120000000001,0.00014435120000000001,0.00036505,5.455952185857006e-08,4.202956195487109e-08,5.455952185857006e-08,4.202956195487109e-08
brinkman_usfem_pkpk_k1,x,flux,0.00014675010000000002,0.00014675010000000002,0.00036505,7.310505048470456e-09,6.021176986749646e-09,7.310505048470456e-09,6.021176986749646e-09
brinkman_usfem_pkpk_k1,x,flux,0.000149149,0.000149149,0.00036505,6.752898809864089e-09,1.4583480390022068e-09,6.752898809864089e-09,1.4583480390022068e-09
brinkman_usfem_pkpk_k1,x,flux,0.0001515479,0.0001515479,0.00036505,6.195292571257715e-09,-3.1044809087452838e-09,6.195292571257715e-09,-3.1044809087452838e-09
brinkman_usfem_pkpk_k1,x,flux,0.00015394680000000002,0.00015394680000000002,0.00036505,5.637686332651342e-09,-7.667309856492774e-09,5.637686332651342e-09,-7.667309856492774e-09
brinkman_usfem_pkpk_k1,x,flux,0.0001563457,0.0001563457,0.00036505,5.080080094044975e-09,-1.2230138804240213e-08,5.080080094044975e-09,-1.2230138804240213e-08
brinkman_usfem_pkpk_k1,x,flux,0.0001587446,0.0001587446,0.00036505,1.8625564339289206e-08,-2.8400737397556998e-08,1.8625564339289206e-08,-2.8400737397556998e-08
brinkman_usfem_pkpk_k1,x,flux,0.00016114350000000002,0.00016114350000000002,0.00036505,3.281209815198129e-08,-4.509896188385432e-08,3.281209815198129e-08,-4.509896188385432e-08
brinkman_usfem_pkpk_k1,x,flux,0.0001635424,0.0001635424,0.00036505,4.699863196467321e-08,-6.179718637015146e-08,4.699863196467321e-08,-6.179718637015146e-08
brinkman_usfem_pkpk_k1,x,flux,0.0001659413,0.0001659413,0.00036505,6.118516577736529e-08,-7.849541085644877e-08,6.118516577736529e-08,-7.849541085644877e-08
brinkman_usfem_pkpk_k1,x,flux,0.00016834020000000002,0.00016834020000000002,0.00036505,8.80271018915711e-08,-1.2991359116024345e-07,8.80271018915711e-08,-1.2991359116024345e-07
brinkman_usfem_pkpk_k1,x,flux,0.0001707391,0.0001707391,0.00036505,1.230046537710348e-07,-2.0365174306099876e-07,1.230046537710348e-07,-2.0365174306099876e-07
brinkman_usfem_pkpk_k1,x,flux,0.000173138,0.000173138,0.00036505,1.5798220565049885e-07,-2.7738989496175484e-07,1.5798220565049885e-07,-2.7738989496175484e-07
brinkman_usfem_pkpk_k1,x,flux,0.00017553690000000002,0.00017553690000000002,0.00036505,1.9295975752996297e-07,-3.51128046862511e-07,1.9295975752996297e-07,-3.51128046862511e-07
brinkman_usfem_pkpk_k1,x,flux,0.00017793580000000003,0.00017793580000000003,0.00036505,2.2810172624136903e-07,-4.0764745554458396e-07,2.2810172624136903e-07,-4.0764745554458396e-07
brinkman_usfem_pkpk_k1,x,flux,0.0001803347,0.0001803347,0.00036505,2.63709542643278e-07,-4.153804251070589e-07,2.63709542643278e-07,-4.153804251070589e-07
brinkman_usfem_pkpk_k1,x,flux,0.00018273360000000002,0.00018273360000000002,0.00036505,2.993173590451874e-07,-4.231133946695341e-07,2.993173590451874e-07,-4.231133946695341e-07
brinkman_usfem_pkpk_k1,x,flux,0.00018513250000000002,0.00018513250000000002,0.00036505,3.349251754470968e-07,-4.308463642320091e-07,3.349251754470968e-07,-4.308463642320091e-07
brinkman_usfem_pkpk_k1,x,flux,0.0001875314,0.0001875314,0.00036505,3.705329918490057e-07,-4.385793337944841e-07,3.705329918490057e-07,-4.385793337944841e-07
brinkman_usfem_pkpk_k1,x,flux,0.0001899303,0.0001899303,0.00036505,3.836487757018541e-07,-3.911517390155788e-07,3.836487757018541e-07,-3.911517390155788e-07
brinkman_usfem_pkpk_k1,x,flux,0.00019232920000000002,0.00019232920000000002,0.00036505,3.9462246121669676e-07,-3.384707571565424e-07,3.9462246121669676e-07,-3.384707571565424e-07
brinkman_usfem_pkpk_k1,x,flux,0.0001947281,0.0001947281,0.00036505,4.055961467315393e-07,-2.857897752975066e-07,4.055961467315393e-07,-2.857897752975066e-07
brinkman_usfem_pkpk_k1,x,flux,0.000197127,0.000197127,0.00036505,4.16569832246382e-07,-2.3310879343847022e-07,4.16569832246382e-07,-2.3310879343847022e-07
brinkman_usfem_pkpk_k1,x,flux,0.00019952590000000002,0.00019952590000000002,0.00036505,4.113123654416451e-07,-1.9356933429369565e-07,4.113123654416451e-07,-1.9356933429369565e-07
brinkman_usfem_pkpk_k1,x,flux,0.0002019248,0.0002019248,0.00036505,3.935693968526169e-07,-1.6413873877527688e-07,3.935693968526169e-07,-1.6413873877527688e-07
brinkman_usfem_pkpk_k1,x,flux,0.0002043237,0.0002043237,0.00036505,3.7582642826358846e-07,-1.3470814325685785e-07,3.7582642826358846e-07,-1.3470814325685785e-07
brinkman_usfem_pkpk_k1,x,flux,0.00020672260000000002,0.00020672260000000002,0.00036505,3.5808345967456e-07,-1.0527754773843874e-07,3.5808345967456e-07,-1.0527754773843874e-07
brinkman_usfem_pkpk_k1,x,flux,0.0002091215,0.0002091215,0.00036505,3.3600316850146404e-07,-8.15442492004782e-08,3.3600316850146404e-07,-8.15442492004782e-08
brinkman_usfem_pkpk_k1,x,flux,0.0002115204,0.0002115204,0.00036505,2.9830851602572317e-07,-7.832121979216614e-08,2.9830851602572317e-07,-7.832121979216614e-08
brinkman_usfem_pkpk_k1,x,flux,0.00021391930000000002,0.00021391930000000002,0.00036505,2.6061386354998234e-07,-7.509819038385407e-08,2.6061386354998234e-07,-7.509819038385407e-08
brinkman_usfem_pkpk_k1,x,flux,0.0002163182,0.0002163182,0.00036505,2.2291921107424192e-07,-7.187516097554204e-08,2.2291921107424192e-07,-7.187516097554204e-08
brinkman_usfem_pkpk_k1,x,flux,0.0002187171,0.0002187171,0.00036505,1.8522455859850102e-07,-6.865213156722997e-08,1.8522455859850102e-07,-6.865213156722997e-08
brinkman_usfem_pkpk_k1,x,flux,0.00022111600000000002,0.00022111600000000002,0.00036505,1.4646294303649564e-07,-5.501717765199608e-08,1.4646294303649564e-07,-5.501717765199608e-08
brinkman_usfem_pkpk_k1,x,flux,0.00022351490000000002,0.00022351490000000002,0.00036505,1.0754128301155066e-07,-3.982043506072401e-08,1.0754128301155066e-07,-3.982043506072401e-08
brinkman_usfem_pkpk_k1,x,flux,0.0002259138,0.0002259138,0.00036505,6.86196229866061e-08,-2.46236924694521e-08,6.86196229866061e-08,-2.46236924694521e-08
brinkman_usfem_pkpk_k1,x,flux,0.00022831270000000001,0.00022831270000000001,0.00036505,2.9697962961661092e-08,-9.42694987818001e-09,2.9697962961661092e-08,-9.42694987818001e-09
brinkman_usfem_pkpk_k1,x,flux,0.00023071160000000002,0.00023071160000000002,0.00036505,8.835622472158256e-09,-2.356368221837704e-09,8.835622472158256e-09,-2.356368221837704e-09
brinkman_usfem_pkpk_k1,x,flux,0.0002331105,0.0002331105,0.00036505,4.527658223477421e-09,-2.7347674225143256e-09,4.527658223477421e-09,-2.7347674225143256e-09
brinkman_usfem_pkpk_k1,x,flux,0.0002355094,0.0002355094,0.00036505,2.196939747965367e-10,-3.1131666231909515e-09,2.196939747965367e-10,-3.1131666231909515e-09
brinkman_usfem_pkpk_k1,x,flux,0.00023790830000000002,0.00023790830000000002,0.00036505,-4.088270273884349e-09,-3.4915658238675782e-09,-4.088270273884349e-09,-3.4915658238675782e-09
brinkman_usfem_pkpk_k1,x,flux,0.0002403072,0.0002403072,0.00036505,-6.701632149205592e-09,-7.949269157543029e-10,-6.701632149205592e-09,-7.949269157543029e-10
brinkman_usfem_pkpk_k1,x,flux,0.0002427061,0.0002427061,0.00036505,-1.2656327510685231e-09,1.650814300911197e-08,-1.2656327510685231e-09,1.650814300911197e-08
brinkman_usfem_pkpk_k1,x,flux,0.000245105,0.000245105,0.00036505,4.170366647068546e-09,3.381121293397824e-08,4.170366647068546e-09,3.381121293397824e-08
brinkman_usfem_pkpk_k1,x,flux,0.0002475039,0.0002475039,0.00036505,9.606366045205491e-09,5.1114282858844114e-08,9.606366045205491e-09,5.1114282858844114e-08
brinkman_usfem_pkpk_k1,x,flux,0.0002499028,0.0002499028,0.00036505,1.5042365443342557e-08,6.841735278371038e-08,1.5042365443342557e-08,6.841735278371038e-08
brinkman_usfem_pkpk_k1,x,flux,0.0002523017,0.0002523017,0.00036505,8.941186624182097e-08,1.1585428911213708e-07,8.941186624182097e-08,1.1585428911213708e-07
brinkman_usfem_pkpk_k1,x,flux,0.0002547006,0.0002547006,0.00036505,1.7829368312458172e-07,1.6963519731499728e-07,1.7829368312458172e-07,1.6963519731499728e-07
brinkman_usfem_pkpk_k1,x,flux,0.0002570995,0.0002570995,0.00036505,2.671755000073425e-07,2.234161055178575e-07,2.671755000073425e-07,2.234161055178575e-07
brinkman_usfem_pkpk_k1,x,flux,0.00025949839999999996,0.00025949839999999996,0.00036505,3.560573168901012e-07,2.771970137207165e-07,3.560573168901012e-07,2.771970137207165e-07
brinkman_usfem_pkpk_k1,x,flux,0.00026189729999999997,0.00026189729999999997,0.00036505,3.5356379926881195e-07,2.6799633354422974e-07,3.5356379926881195e-07,2.6799633354422974e-07
brinkman_usfem_pkpk_k1,x,flux,0.0002642962,0.0002642962,0.00036505,2.5138809855218725e-07,1.9008846604481325e-07,2.5138809855218725e-07,1.9008846604481325e-07
brinkman_usfem_pkpk_k1,x,flux,0.0002666951,0.0002666951,0.00036505,1.4921239783556252e-07,1.1218059854539685e-07,1.4921239783556252e-07,1.1218059854539685e-07
brinkman_usfem_pkpk_k1,x,flux,0.000269094,0.000269094,0.00036505,4.70366971189377e-08,3.4272731045980306e-08,4.70366971189377e-08,3.4272731045980306e-08
brinkman_usfem_pkpk_k1,x,flux,0.0002714929,0.0002714929,0.00036505,-3.5313232630126564e-08,-3.169631374881245e-08,-3.5313232630126564e-08,-3.169631374881245e-08
brinkman_usfem_pkpk_k1,x,flux,0.00027389179999999996,0.00027389179999999996,0.00036505,1.450864407120725e-08,-1.8073207179450867e-08,1.450864407120725e-08,-1.8073207179450867e-08
brinkman_usfem_pkpk_k1,x,flux,0.00027629069999999997,0.00027629069999999997,0.00036505,6.433052077254218e-08,-4.450100610088973e-09,6.433052077254218e-08,-4.450100610088973e-09
brinkman_usfem_pkpk_k1,x,flux,0.0002786896,0.0002786896,0.00036505,1.1415239747387711e-07,9.173005959272913e-09,1.1415239747387711e-07,9.173005959272913e-09
brinkman_usfem_pkpk_k1,x,flux,0.0002810885,0.0002810885,0.00036505,1.6397427417521202e-07,2.27961125286348e-08,1.6397427417521202e-07,2.27961125286348e-08
brinkman_usfem_pkpk_k1,x,flux,0.0002834874,0.0002834874,0.00036505,4.1851137422903656e-07,4.6253021340671714e-07,4.1851137422903656e-07,4.6253021340671714e-07
brinkman_usfem_pkpk_k1,x,flux,0.0002858863,0.0002858863,0.00036505,7.299138141029963e-07,1.0206284793705554e-06,7.299138141029963e-07,1.0206284793705554e-06
brinkman_usfem_pkpk_k1,x,flux,0.0002882852,0.0002882852,0.00036505,1.0413162539769562e-06,1.5787267453343942e-06,1.0413162539769562e-06,1.5787267453343942e-06
brinkman_usfem_pkpk_k1,x,flux,0.00029068409999999996,0.00029068409999999996,0.00036505,1.3527186938509089e-06,2.1368250112982198e-06,1.3527186938509089e-06,2.1368250112982198e-06
brinkman_usfem_pkpk_k1,x,flux,0.00029308299999999997,0.00029308299999999997,0.00036505,1.523066307547064e-06,2.366538305693312e-06,1.523066307547064e-06,2.366538305693312e-06
brinkman_usfem_pkpk_k1,x,flux,0.0002954819,0.0002954819,0.00036505,1.5100426472120606e-06,2.1693511370490013e-06,1.5100426472120606e-06,2.1693511370490013e-06
brinkman_usfem_pkpk_k1,x,flux,0.0002978808,0.0002978808,0.00036505,1.4970189868770567e-06,1.972163968404691e-06,1.4970189868770567e-06,1.972163968404691e-06
brinkman_usfem_pkpk_k1,x,flux,0.0003002797,0.0003002797,0.00036505,1.483995326542053e-06,1.7749767997603795e-06,1.483995326542053e-06,1.7749767997603795e-06
brinkman_usfem_pkpk_k1,x,flux,0.0003026786,0.0003026786,0.00036505,1.4454921694909448e-06,1.5641461896904345e-06,1.4454921694909448e-06,1.5641461896904345e-06
brinkman_usfem_pkpk_k1,x,flux,0.00030507749999999996,0.00030507749999999996,0.00036505,1.1394542969207355e-06,1.2100594446513121e-06,1.1394542969207355e-06,1.2100594446513121e-06
brinkman_usfem_pkpk_k1,x,flux,0.00030747639999999997,0.00030747639999999997,0.00036505,8.334164243505195e-07,8.559726996121817e-07,8.334164243505195e-07,8.559726996121817e-07
brinkman_usfem_pkpk_k1,x,flux,0.0003098753,0.0003098753,0.00036505,5.273785517803036e-07,5.018859545730513e-07,5.273785517803036e-07,5.018859545730513e-07
brinkman_usfem_pkpk_k1,x,flux,0.0003122742,0.0003122742,0.00036505,2.2134067921008754e-07,1.4779920953392092e-07,2.2134067921008754e-07,1.4779920953392092e-07
brinkman_usfem_pkpk_k1,x,flux,0.0003146731,0.0003146731,0.00036505,1.549944396684716e-07,3.038571963175736e-08,1.549944396684716e-07,3.038571963175736e-08
brinkman_usfem_pkpk_k1,x,flux,0.000317072,0.000317072,0.00036505,1.73245247078134e-07,-3.496033163233172e-09,1.73245247078134e-07,-3.496033163233172e-09
brinkman_usfem_pkpk_k1,x,flux,0.0003194709,0.0003194709,0.00036505,1.9149605448779642e-07,-3.7377785958223697e-08,1.9149605448779642e-07,-3.7377785958223697e-08
brinkman_usfem_pkpk_k1,x,flux,0.00032186979999999997,0.00032186979999999997,0.00036505,2.0974686189745844e-07,-7.125953875321347e-08,2.0974686189745844e-07,-7.125953875321347e-08
brinkman_usfem_pkpk_k1,x,flux,0.0003242687,0.0003242687,0.00036505,3.6267615730196105e-07,-4.7526169903120434e-08,3.6267615730196105e-07,-4.7526169903120434e-08
brinkman_usfem_pkpk_k1,x,flux,0.0003266676,0.0003266676,0.00036505,7.251053229206581e-07,6.583072150599134e-08,7.251053229206581e-07,6.583072150599134e-08
brinkman_usfem_pkpk_k1,x,flux,0.0003290665,0.0003290665,0.00036505,1.0875344885393551e-06,1.7918761291510313e-07,1.0875344885393551e-06,1.7918761291510313e-07
brinkman_usfem_pkpk_k1,x,flux,0.0003314654,0.0003314654,0.00036505,1.4499636541580525e-06,2.925445043242149e-07,1.4499636541580525e-06,2.925445043242149e-07
brinkman_usfem_pkpk_k1,x,flux,0.0003338643,0.0003338643,0.00036505,1.7927533581158644e-06,4.0066972503889645e-07,1.7927533581158644e-06,4.0066972503889645e-07
brinkman_usfem_pkpk_k1,x,flux,0.00033626319999999996,0.00033626319999999996,0.00036505,1.703474905534268e-06,3.9369819047613414e-07,1.703474905534268e-06,3.9369819047613414e-07
brinkman_usfem_pkpk_k1,x,flux,0.00033866209999999997,0.00033866209999999997,0.00036505,1.6141964529526692e-06,3.8672665591337163e-07,1.6141964529526692e-06,3.8672665591337163e-07
brinkman_usfem_pkpk_k1,x,flux,0.000341061,0.000341061,0.00036505,1.5249180003710706e-06,3.797551213506092e-07,1.5249180003710706e-06,3.797551213506092e-07
brinkman_usfem_pkpk_k1,x,flux,0.0003434599,0.0003434599,0.00036505,1.435639547789472e-06,3.7278358678784675e-07,1.435639547789472e-06,3.7278358678784675e-07
brinkman_usfem_pkpk_k1,x,flux,0.0003458588,0.0003458588,0.00036505,1.3680193908961961e-06,2.316137497395401e-07,1.3680193908961961e-06,2.316137497395401e-07
brinkman_usfem_pkpk_k1,x,flux,0.0003482577,0.0003482577,0.00036505,1.3098747383665624e-06,3.173215535380361e-08,1.3098747383665624e-06,3.173215535380361e-08
brinkman_usfem_pkpk_k1,x,flux,0.0003506566,0.0003506566,0.00036505,1.2517300858369285e-06,-1.6814943903193286e-07,1.2517300858369285e-06,-1.6814943903193286e-07
brinkman_usfem_pkpk_k1,x,flux,0.00035305549999999997,0.00035305549999999997,0.00036505,1.1935854333072958e-06,-3.6803103341766483e-07,1.1935854333072958e-06,-3.6803103341766483e-07
brinkman_usfem_pkpk_k1,x,flux,0.0003554544,0.0003554544,0.00036505,1.302625541329987e-06,-4.1966999544585123e-07,1.302625541329987e-06,-4.1966999544585123e-07
brinkman_usfem_pkpk_k1,x,flux,0.0003578533,0.0003578533,0.00036505,1.725137075388287e-06,-1.9335402180362666e-07,1.725137075388287e-06,-1.9335402180362666e-07
brinkman_usfem_pkpk_k1,x,flux,0.0003602522,0.0003602522,0.00036505,2.1476486094465876e-06,3.296195183859782e-08,2.1476486094465876e-06,3.296195183859782e-08
brinkman_usfem_pkpk_k1,x,flux,0.0003626511,0.0003626511,0.00036505,2.5701601435048853e-06,2.5927792548082113e-07,2.5701601435048853e-06,2.5927792548082113e-07
brinkman_usfem_pkpk_k1,x,flux,0.00036505,0.00036505,0.00036505,2.9926716775632043e-06,4.855938991230444e-07,2.9926716775632043e-06,4.855938991230444e-07
brinkman_usfem_pkpk_k1,x,flux,0.00036744889999999996,0.00036744889999999996,0.00036505,3.508445648896247e-06,8.809227370142989e-07,3.508445648896247e-06,8.809227370142989e-07
brinkman_usfem_pkpk_k1,x,flux,0.00036984779999999997,0.00036984779999999997,0.00036505,4.024219620229325e-06,1.276251574905564e-06,4.024219620229325e-06,1.276251574905564e-06
brinkman_usfem_pkpk_k1,x,flux,0.0003722467,0.0003722467,0.00036505,4.539993591562398e-06,1.6715804127968269e-06,4.539993591562398e-06,1.6715804127968269e-06
brinkman_usfem_pkpk_k1,x,flux,0.0003746456,0.0003746456,0.00036505,5.055767562895473e-06,2.0669092506880897e-06,5.055767562895473e-06,2.0669092506880897e-06
brinkman_usfem_pkpk_k1,x,flux,0.0003770445,0.0003770445,0.00036505,5.170125951790562e-06,2.1555531331087047e-06,5.170125951790562e-06,2.1555531331087047e-06
brinkman_usfem_pkpk_k1,x,flux,0.0003794434,0.0003794434,0.00036505,5.07039603005207e-06,2.0806317059449823e-06,5.07039603005207e-06,2.0806317059449823e-06
brinkman_usfem_pkpk_k1,x,flux,0.00038184229999999996,0.00038184229999999996,0.00036505,4.97066610831358e-06,2.0057102787812616e-06,4.97066610831358e-06,2.0057102787812616e-06
brinkman_usfem_pkpk_k1,x,flux,0.00038424119999999997,0.00038424119999999997,0.00036505,4.870936186575088e-06,1.9307888516175392e-06,4.870936186575088e-06,1.9307888516175392e-06
brinkman_usfem_pkpk_k1,x,flux,0.0003866401,0.0003866401,0.00036505,4.640227259007383e-06,1.8323556054509388e-06,4.640227259007383e-06,1.8323556054509388e-06
brinkman_usfem_pkpk_k1,x,flux,0.000389039,0.000389039,0.00036505,4.1101377466871955e-06,1.6801810587063348e-06,4.1101377466871955e-06,1.6801810587063348e-06
brinkman_usfem_pkpk_k1,x,flux,0.0003914379,0.0003914379,0.00036505,3.5800482343670074e-06,1.5280065119617308e-06,3.5800482343670074e-06,1.5280065119617308e-06
brinkman_usfem_pkpk_k1,x,flux,0.0003938368,0.0003938368,0.00036505,3.0499587220468197e-06,1.3758319652171266e-06,3.0499587220468197e-06,1.3758319652171266e-06
brinkman_usfem_pkpk_k1,x,flux,0.0003962357,0.0003962357,0.00036505,2.519869209726632e-06,1.2236574184725223e-06,2.519869209726632e-06,1.2236574184725223e-06
brinkman_usfem_pkpk_k1,x,flux,0.00039863459999999997,0.00039863459999999997,0.00036505,1.9511173335650713e-06,8.181367996224044e-07,1.9511173335650713e-06,8.181367996224044e-07
brinkman_usfem_pkpk_k1,x,flux,0.0004010335,0.0004010335,0.00036505,1.3806080772288845e-06,4.01100450222024e-07,1.3806080772288845e-06,4.01100450222024e-07
brinkman_usfem_pkpk_k1,x,flux,0.0004034324,0.0004034324,0.00036505,8.100988208926979e-07,-1.5935899178356107e-08,8.100988208926979e-07,-1.5935899178356107e-08
brinkman_usfem_pkpk_k1,x,flux,0.0004058313,0.0004058313,0.00036505,2.3958956455651123e-07,-4.3297224857873626e-07,2.3958956455651123e-07,-4.3297224857873626e-07
brinkman_usfem_pkpk_k1,x,flux,0.0004082302,0.0004082302,0.00036505,-4.2886900500604036e-08,-4.617064173394619e-07,-4.2886900500604036e-08,-4.617064173394619e-07
brinkman_usfem_pkpk_k1,x,flux,0.0004106291,0.0004106291,0.00036505,-1.4019942830689376e-07,-2.4081775568898456e-07,-1.4019942830689376e-07,-2.4081775568898456e-07
brinkman_usfem_pkpk_k1,x,flux,0.00041302799999999996,0.00041302799999999996,0.00036505,-2.3751195611318127e-07,-1.992909403851238e-08,-2.3751195611318127e-07,-1.992909403851238e-08
brinkman_usfem_pkpk_k1,x,flux,0.00041542689999999997,0.00041542689999999997,0.00036505,-3.34824483919471e-07,2.0095956761196493e-07,-3.34824483919471e-07,2.0095956761196493e-07
brinkman_usfem_pkpk_k1,x,flux,0.0004178258,0.0004178258,0.00036505,-3.499674545328429e-07,3.7149037298683645e-07,-3.499674545328429e-07,3.7149037298683645e-07
brinkman_usfem_pkpk_k1,x,flux,0.0004202247,0.0004202247,0.00036505,-1.3229667976626982e-07,3.9934058558081164e-07,-1.3229667976626982e-07,3.9934058558081164e-07
brinkman_usfem_pkpk_k1,x,flux,0.0004226236,0.0004226236,0.00036505,8.537409500030322e-08,4.271907981747868e-07,8.537409500030322e-08,4.271907981747868e-07
brinkman_usfem_pkpk_k1,x,flux,0.0004250225,0.0004250225,0.00036505,3.0304486976687623e-07,4.5504101076876196e-07,3.0304486976687623e-07,4.5504101076876196e-07
brinkman_usfem_pkpk_k1,x,flux,0.00042742139999999996,0.00042742139999999996,0.00036505,5.207156445334442e-07,4.828912233627365e-07,5.207156445334442e-07,4.828912233627365e-07
brinkman_usfem_pkpk_k1,x,flux,0.00042982029999999997,0.00042982029999999997,0.00036505,3.4342243658863785e-07,4.062382958442812e-07,3.4342243658863785e-07,4.062382958442812e-07
brinkman_usfem_pkpk_k1,x,flux,0.0004322192,0.0004322192,0.00036505,1.2851361124273548e-07,3.196326883151147e-07,1.2851361124273548e-07,3.196326883151147e-07
brinkman_usfem_pkpk_k1,x,flux,0.0004346181,0.0004346181,0.00036505,-8.639521410316689e-08,2.3302708078594825e-07,-8.639521410316689e-08,2.3302708078594825e-07
brinkman_usfem_pkpk_k1,x,flux,0.000437017,0.000437017,0.00036505,-3.013040394490693e-07,1.464214732567818e-07,-3.013040394490693e-07,1.464214732567818e-07
brinkman_usfem_pkpk_k1,x,flux,0.0004394159,0.0004394159,0.00036505,-3.8674040358825254e-07,2.971640766866092e-07,-3.8674040358825254e-07,2.971640766866092e-07
brinkman_usfem_pkpk_k1,x,flux,0.0004418148,0.0004418148,0.00036505,-3.7258256679918994e-07,6.304822270079751e-07,-3.7258256679918994e-07,6.304822270079751e-07
brinkman_usfem_pkpk_k1,x,flux,0.00044421369999999996,0.00044421369999999996,0.00036505,-3.5842473001012766e-07,9.638003773293334e-07,-3.5842473001012766e-07,9.638003773293334e-07
brinkman_usfem_pkpk_k1,x,flux,0.0004466126,0.0004466126,0.00036505,-3.4426689322106507e-07,1.297118527650699e-06,-3.4426689322106507e-07,1.297118527650699e-06
brinkman_usfem_pkpk_k1,x,flux,0.0004490115,0.0004490115,0.00036505,3.373100052434341e-07,2.7543669728180673e-06,3.373100052434341e-07,2.7543669728180673e-06
brinkman_usfem_pkpk_k1,x,flux,0.0004514104,0.0004514104,0.00036505,3.42159552573952e-06,8.257764479431039e-06,3.42159552573952e-06,8.257764479431039e-06
brinkman_usfem_pkpk_k1,x,flux,0.0004538093,0.0004538093,0.00036505,6.505881046235605e-06,1.3761161986044008e-05,6.505881046235605e-06,1.3761161986044008e-05
brinkman_usfem_pkpk_k1,x,flux,0.0004562082,0.0004562082,0.00036505,9.59016656673169e-06,1.926455949265698e-05,9.59016656673169e-06,1.926455949265698e-05
brinkman_usfem_pkpk_k1,x,flux,0.00045860709999999996,0.00045860709999999996,0.00036505,1.2674452087227706e-05,2.4767956999269827e-05,1.2674452087227706e-05,2.4767956999269827e-05
brinkman_usfem_pkpk_k1,x,flux,0.00046100599999999997,0.00046100599999999997,0.00036505,1.4088531862540901e-05,2.3790710949092042e-05,1.4088531862540901e-05,2.3790710949092042e-05
brinkman_usfem_pkpk_k1,x,flux,0.0004634049,0.0004634049,0.00036505,1.525208077607664e-05,2.1841368365395488e-05,1.525208077607664e-05,2.1841368365395488e-05
brinkman_usfem_pkpk_k1,x,flux,0.0004658038,0.0004658038,0.00036505,1.641562968961238e-05,1.989202578169893e-05,1.641562968961238e-05,1.989202578169893e-05
brinkman_usfem_pkpk_k1,x,flux,0.0004682027,0.0004682027,0.00036505,1.7579178603148115e-05,1.7942683198002375e-05,1.7579178603148115e-05,1.7942683198002375e-05
brinkman_usfem_pkpk_k1,x,flux,0.0004706016,0.0004706016,0.00036505,1.734427406423615e-05,1.5435352775924203e-05,1.734427406423615e-05,1.5435352775924203e-05
brinkman_usfem_pkpk_k1,x,flux,0.0004730005,0.0004730005,0.00036505,1.582745386058047e-05,1.2416533501996172e-05,1.582745386058047e-05,1.2416533501996172e-05
brinkman_usfem_pkpk_k1,x,flux,0.00047539939999999997,0.00047539939999999997,0.00036505,1.431063365692482e-05,9.397714228068212e-06,1.431063365692482e-05,9.397714228068212e-06
brinkman_usfem_pkpk_k1,x,flux,0.0004777983,0.0004777983,0.00036505,1.2793813453269138e-05,6.378894954140185e-06,1.2793813453269138e-05,6.378894954140185e-06
brinkman_usfem_pkpk_k1,x,flux,0.0004801972,0.0004801972,0.00036505,1.129799219226792e-05,3.6603406203303266e-06,1.129799219226792e-05,3.6603406203303266e-06
brinkman_usfem_pkpk_k1,x,flux,0.0004825961,0.0004825961,0.00036505,9.901915908875523e-06,2.368044752082034e-06,9.901915908875523e-06,2.368044752082034e-06
brinkman_usfem_pkpk_k1,x,flux,0.000484995,0.000484995,0.00036505,8.505839625483124e-06,1.0757488838337416e-06,8.505839625483124e-06,1.0757488838337416e-06
brinkman_usfem_pkpk_k1,x,flux,0.0004873939,0.0004873939,0.00036505,7.109763342090725e-06,-2.1654698441455125e-07,7.109763342090725e-06,-2.1654698441455125e-07
brinkman_usfem_pkpk_k1,x,flux,0.0004897928,0.0004897928,0.00036505,5.7136870586983265e-06,-1.5088428526628442e-06,5.7136870586983265e-06,-1.5088428526628442e-06
brinkman_usfem_pkpk_k1,x,flux,0.0004921917,0.0004921917,0.00036505,5.013943978474661e-06,-2.3037122190611973e-06,5.013943978474661e-06,-2.3037122190611973e-06
brinkman_usfem_pkpk_k1,x,flux,0.0004945906,0.0004945906,0.00036505,4.460797362075979e-06,-2.9938602166490533e-06,4.460797362075979e-06,-2.9938602166490533e-06
brinkman_usfem_pkpk_k1,x,flux,0.0004969895,0.0004969895,0.00036505,3.907650745677297e-06,-3.6840082142369093e-06,3.907650745677297e-06,-3.6840082142369093e-06
brinkman_usfem_pkpk_k1,x,flux,0.0004993884,0.0004993884,0.00036505,3.354504129278615e-06,-4.374156211824765e-06,3.354504129278615e-06,-4.374156211824765e-06
brinkman_usfem_pkpk_k1,x,flux,0.0005017873000000001,0.0005017873000000001,0.00036505,2.781996721899586e-06,-4.260014914141438e-06,2.781996721899586e-06,-4.260014914141438e-06
brinkman_usfem_pkpk_k1,x,flux,0.0005041862000000001,0.0005041862000000001,0.00036505,2.1883684516329438e-06,-3.2684671125260077e-06,2.1883684516329438e-06,-3.2684671125260077e-06
brinkman_usfem_pkpk_k1,x,flux,0.0005065851000000001,0.0005065851000000001,0.00036505,1.5947401813663019e-06,-2.276919310910577e-06,1.5947401813663019e-06,-2.276919310910577e-06
brinkman_usfem_pkpk_k1,x,flux,0.0005089840000000001,0.0005089840000000001,0.00036505,1.0011119110996604e-06,-1.2853715092951473e-06,1.0011119110996604e-06,-1.2853715092951473e-06
brinkman_usfem_pkpk_k1,x,flux,0.0005113829000000001,0.0005113829000000001,0.00036505,4.5292599803641035e-07,-4.3466839446938374e-07,4.5292599803641035e-07,-4.3466839446938374e-07
brinkman_usfem_pkpk_k1,x,flux,0.0005137818,0.0005137818,0.00036505,2.076891329955507e-07,-5.229298582408314e-07,2.076891329955507e-07,-5.229298582408314e-07
brinkman_usfem_pkpk_k1,x,flux,0.0005161807,0.0005161807,0.00036505,-3.7547732045320134e-08,-6.11191322012283e-07,-3.7547732045320134e-08,-6.11191322012283e-07
brinkman_usfem_pkpk_k1,x,flux,0.0005185796,0.0005185796,0.00036505,-2.8278459708619084e-07,-6.994527857837345e-07,-2.8278459708619084e-07,-6.994527857837345e-07
brinkman_usfem_pkpk_k1,x,flux,0.0005209785,0.0005209785,0.00036505,-5.280214621270618e-07,-7.877142495551861e-07,-5.280214621270618e-07,-7.877142495551861e-07
brinkman_usfem_pkpk_k1,x,flux,0.0005233774,0.0005233774,0.00036505,-9.608210651360515e-07,-5.742281649454191e-07,-9.608210651360515e-07,-5.742281649454191e-07
brinkman_usfem_pkpk_k1,x,flux,0.0005257763,0.0005257763,0.00036505,-1.445721428691752e-06,-2.769233168964137e-07,-1.445721428691752e-06,-2.769233168964137e-07
brinkman_usfem_pkpk_k1,x,flux,0.0005281752,0.0005281752,0.00036505,-1.9306217922474523e-06,2.038153115259192e-08,-1.9306217922474523e-06,2.038153115259192e-08
brinkman_usfem_pkpk_k1,x,flux,0.0005305741,0.0005305741,0.00036505,-2.415522155803153e-06,3.1768637920159736e-07,-2.415522155803153e-06,3.1768637920159736e-07
brinkman_usfem_pkpk_k1,x,flux,0.0005329730000000001,0.0005329730000000001,0.00036505,-1.892973468774803e-06,8.047357888207634e-07,-1.892973468774803e-06,8.047357888207634e-07
brinkman_usfem_pkpk_k1,x,flux,0.0005353719000000001,0.0005353719000000001,0.00036505,-6.074101598733625e-08,1.5384531284810844e-06,-6.074101598733625e-08,1.5384531284810844e-06
brinkman_usfem_pkpk_k1,x,flux,0.0005377708000000001,0.0005377708000000001,0.00036505,1.7714914368001301e-06,2.272170468141406e-06,1.7714914368001301e-06,2.272170468141406e-06
brinkman_usfem_pkpk_k1,x,flux,0.0005401697000000001,0.0005401697000000001,0.00036505,3.6037238895875966e-06,3.0058878078017267e-06,3.6037238895875966e-06,3.0058878078017267e-06
brinkman_usfem_pkpk_k1,x,flux,0.0005425686,0.0005425686,0.00036505,5.281652302902345e-06,3.664303430024499e-06,5.281652302902345e-06,3.664303430024499e-06
brinkman_usfem_pkpk_k1,x,flux,0.0005449675,0.0005449675,0.00036505,5.3393883017548706e-06,3.53205101915355e-06,5.3393883017548706e-06,3.53205101915355e-06
brinkman_usfem_pkpk_k1,x,flux,0.0005473664,0.0005473664,0.00036505,5.397124300607397e-06,3.399798608282601e-06,5.397124300607397e-06,3.399798608282601e-06
brinkman_usfem_pkpk_k1,x,flux,0.0005497653,0.0005497653,0.00036505,5.454860299459923e-06,3.267546197411652e-06,5.454860299459923e-06,3.267546197411652e-06
brinkman_usfem_pkpk_k1,x,flux,0.0005521642,0.0005521642,0.00036505,5.512596298312449e-06,3.135293786540703e-06,5.512596298312449e-06,3.135293786540703e-06
brinkman_usfem_pkpk_k1,x,flux,0.0005545631,0.0005545631,0.00036505,5.069622325634792e-06,2.283983238374796e-06,5.069622325634792e-06,2.283983238374796e-06
brinkman_usfem_pkpk_k1,x,flux,0.000556962,0.000556962,0.00036505,4.44992718653469e-06,1.178887465281211e-06,4.44992718653469e-06,1.178887465281211e-06
brinkman_usfem_pkpk_k1,x,flux,0.0005593609,0.0005593609,0.00036505,3.830232047434588e-06,7.37916921876252e-08,3.830232047434588e-06,7.37916921876252e-08
brinkman_usfem_pkpk_k1,x,flux,0.0005617598000000001,0.0005617598000000001,0.00036505,3.2105369083344866e-06,-1.0313040809059601e-06,3.2105369083344866e-06,-1.0313040809059601e-06
brinkman_usfem_pkpk_k1,x,flux,0.0005641587000000001,0.0005641587000000001,0.00036505,3.0822044542613268e-06,-1.7880834485746633e-06,3.0822044542613268e-06,-1.7880834485746633e-06
brinkman_usfem_pkpk_k1,x,flux,0.0005665576000000001,0.0005665576000000001,0.00036505,3.718213954674479e-06,-2.0030372966935276e-06,3.718213954674479e-06,-2.0030372966935276e-06
brinkman_usfem_pkpk_k1,x,flux,0.0005689565000000001,0.0005689565000000001,0.00036505,4.354223455087631e-06,-2.217991144812392e-06,4.354223455087631e-06,-2.217991144812392e-06
brinkman_usfem_pkpk_k1,x,flux,0.0005713554000000001,0.0005713554000000001,0.00036505,4.990232955500783e-06,-2.4329449929312566e-06,4.990232955500783e-06,-2.4329449929312566e-06
brinkman_usfem_pkpk_k1,x,flux,0.0005737543,0.0005737543,0.00036505,5.625453003249832e-06,-2.7029200591488013e-06,5.625453003249832e-06,-2.7029200591488013e-06
brinkman_usfem_pkpk_k1,x,flux,0.0005761532,0.0005761532,0.00036505,6.243305092389439e-06,-4.183361923537581e-06,6.243305092389439e-06,-4.183361923537581e-06
brinkman_usfem_pkpk_k1,x,flux,0.0005785521,0.0005785521,0.00036505,6.861157181529046e-06,-5.663803787926361e-06,6.861157181529046e-06,-5.663803787926361e-06
brinkman_usfem_pkpk_k1,x,flux,0.000580951,0.000580951,0.00036505,7.479009270668653e-06,-7.1442456523151405e-06,7.479009270668653e-06,-7.1442456523151405e-06
brinkman_usfem_pkpk_k1,x,flux,0.0005833499,0.0005833499,0.00036505,8.09686135980826e-06,-8.624687516703921e-06,8.09686135980826e-06,-8.624687516703921e-06
brinkman_usfem_pkpk_k1,x,flux,0.0005857488,0.0005857488,0.00036505,8.094010612867423e-06,-8.435457892280692e-06,8.094010612867423e-06,-8.435457892280692e-06
brinkman_usfem_pkpk_k1,x,flux,0.0005881477,0.0005881477,0.00036505,7.819602375141366e-06,-7.5157469915021395e-06,7.819602375141366e-06,-7.5157469915021395e-06
brinkman_usfem_pkpk_k1,x,flux,0.0005905466,0.0005905466,0.00036505,7.545194137415309e-06,-6.5960360907235875e-06,7.545194137415309e-06,-6.5960360907235875e-06
brinkman_usfem_pkpk_k1,x,flux,0.0005929455000000001,0.0005929455000000001,0.00036505,7.270785899689252e-06,-5.676325189945036e-06,7.270785899689252e-06,-5.676325189945036e-06
brinkman_usfem_pkpk_k1,x,flux,0.0005953444000000001,0.0005953444000000001,0.00036505,6.815668635595984e-06,-4.6331870170887654e-06,6.815668635595984e-06,-4.6331870170887654e-06
brinkman_usfem_pkpk_k1,x,flux,0.0005977433000000001,0.0005977433000000001,0.00036505,6.021721947064265e-06,-3.35862270908688e-06,6.021721947064265e-06,-3.35862270908688e-06
brinkman_usfem_pkpk_k1,x,flux,0.0006001422000000001,0.0006001422000000001,0.00036505,5.2277752585325465e-06,-2.0840584010849945e-06,5.2277752585325465e-06,-2.0840584010849945e-06
brinkman_usfem_pkpk_k1,x,flux,0.0006025411000000001,0.0006025411000000001,0.00036505,4.4338285700008274e-06,-8.094940930831093e-07,4.4338285700008274e-06,-8.094940930831093e-07
brinkman_usfem_pkpk_k1,x,flux,0.00060494,0.00060494,0.00036505,3.6398818814691558e-06,4.650702149187171e-07,3.6398818814691558e-06,4.650702149187171e-07
brinkman_usfem_pkpk_k1,x,flux,0.0006073389,0.0006073389,0.00036505,2.8853038961061716e-06,4.438914991670607e-07,2.8853038961061716e-06,4.438914991670607e-07
brinkman_usfem_pkpk_k1,x,flux,0.0006097378,0.0006097378,0.00036505,2.13072591074317e-06,4.2271278341542396e-07,2.13072591074317e-06,4.2271278341542396e-07
brinkman_usfem_pkpk_k1,x,flux,0.0006121367,0.0006121367,0.00036505,1.3761479253801684e-06,4.015340676637871e-07,1.3761479253801684e-06,4.015340676637871e-07
brinkman_usfem_pkpk_k1,x,flux,0.0006145356,0.0006145356,0.00036505,6.215699400171674e-07,3.803553519121503e-07,6.215699400171674e-07,3.803553519121503e-07
brinkman_usfem_pkpk_k1,x,flux,0.0006169345,0.0006169345,0.00036505,3.012010693459817e-07,3.019172617896518e-07,3.012010693459817e-07,3.019172617896518e-07
brinkman_usfem_pkpk_k1,x,flux,0.0006193334,0.0006193334,0.00036505,2.124103931770919e-07,1.929408386693656e-07,2.124103931770919e-07,1.929408386693656e-07
brinkman_usfem_pkpk_k1,x,flux,0.0006217323,0.0006217323,0.00036505,1.2361971700820206e-07,8.396441554907931e-08,1.2361971700820206e-07,8.396441554907931e-08
brinkman_usfem_pkpk_k1,x,flux,0.0006241312000000001,0.0006241312000000001,0.00036505,3.4829040839312235e-08,-2.501200757120695e-08,3.4829040839312235e-08,-2.501200757120695e-08
brinkman_usfem_pkpk_k1,x,flux,0.0006265301000000001,0.0006265301000000001,0.00036505,-1.948971459641198e-08,-8.828213707796833e-08,-1.948971459641198e-08,-8.828213707796833e-08
brinkman_usfem_pkpk_k1,x,flux,0.0006289290000000001,0.0006289290000000001,0.00036505,4.984491643664371e-09,-4.708073832525328e-08,4.984491643664371e-09,-4.708073832525328e-08
brinkman_usfem_pkpk_k1,x,flux,0.0006313279000000001,0.0006313279000000001,0.00036505,2.945869788374074e-08,-5.879339572538182e-09,2.945869788374074e-08,-5.879339572538182e-09
brinkman_usfem_pkpk_k1,x,flux,0.0006337268000000001,0.0006337268000000001,0.00036505,5.393290412381709e-08,3.532205918017688e-08,5.393290412381709e-08,3.532205918017688e-08
brinkman_usfem_pkpk_k1,x,flux,0.0006361257,0.0006361257,0.00036505,7.840711036389234e-08,7.652345793289007e-08,7.840711036389234e-08,7.652345793289007e-08
brinkman_usfem_pkpk_k1,x,flux,0.0006385246,0.0006385246,0.00036505,6.587240627820456e-08,3.991175971991167e-08,6.587240627820456e-08,3.991175971991167e-08
brinkman_usfem_pkpk_k1,x,flux,0.0006409235,0.0006409235,0.00036505,5.165547899589117e-08,-2.368974460530092e-10,5.165547899589117e-08,-2.368974460530092e-10
brinkman_usfem_pkpk_k1,x,flux,0.0006433224,0.0006433224,0.00036505,3.7438551713577766e-08,-4.0385554612017686e-08,3.7438551713577766e-08,-4.0385554612017686e-08
brinkman_usfem_pkpk_k1,x,flux,0.0006457213,0.0006457213,0.00036505,2.3221624431264377e-08,-8.053421177798235e-08,2.3221624431264377e-08,-8.053421177798235e-08
brinkman_usfem_pkpk_k1,x,flux,0.0006481202,0.0006481202,0.00036505,2.0924244500660318e-06,-4.567140135952727e-06,2.0924244500660318e-06,-4.567140135952727e-06
brinkman_usfem_pkpk_k1,x,flux,0.0006505191,0.0006505191,0.00036505,5.500968545433069e-06,-1.191218287463282e-05,5.500968545433069e-06,-1.191218287463282e-05
brinkman_usfem_pkpk_k1,x,flux,0.000652918,0.000652918,0.00036505,8.909512640800107e-06,-1.9257225613312912e-05,8.909512640800107e-06,-1.9257225613312912e-05
brinkman_usfem_pkpk_k1,x,flux,0.0006553169000000001,0.0006553169000000001,0.00036505,1.2318056736167142e-05,-2.6602268351993e-05,1.2318056736167142e-05,-2.6602268351993e-05
brinkman_usfem_pkpk_k1,x,flux,0.0006577158000000001,0.0006577158000000001,0.00036505,1.4684463971237002e-05,-3.169391080983892e-05,1.4684463971237002e-05,-3.169391080983892e-05
brinkman_usfem_pkpk_k1,x,flux,0.0006601147000000001,0.0006601147000000001,0.00036505,1.409815010213171e-05,-3.0400919138655107e-05,1.409815010213171e-05,-3.0400919138655107e-05
brinkman_usfem_pkpk_k1,x,flux,0.0006625136000000001,0.0006625136000000001,0.00036505,1.351183623302642e-05,-2.9107927467471287e-05,1.351183623302642e-05,-2.9107927467471287e-05
brinkman_usfem_pkpk_k1,x,flux,0.0006649125000000001,0.0006649125000000001,0.00036505,1.2925522363921128e-05,-2.781493579628747e-05,1.2925522363921128e-05,-2.781493579628747e-05
brinkman_usfem_pkpk_k1,x,flux,0.0006673114,0.0006673114,0.00036505,1.2339208494815864e-05,-2.6521944125103715e-05,1.2339208494815864e-05,-2.6521944125103715e-05
brinkman_usfem_pkpk_k1,x,flux,0.0006697103,0.0006697103,0.00036505,1.0104045025423047e-05,-2.132721468761993e-05,1.0104045025423047e-05,-2.132721468761993e-05
brinkman_usfem_pkpk_k1,x,flux,0.0006721092,0.0006721092,0.00036505,7.711848260764686e-06,-1.5760891177155042e-05,7.711848260764686e-06,-1.5760891177155042e-05
brinkman_usfem_pkpk_k1,x,flux,0.0006745081,0.0006745081,0.00036505,5.319651496106325e-06,-1.0194567666690157e-05,5.319651496106325e-06,-1.0194567666690157e-05
brinkman_usfem_pkpk_k1,x,flux,0.000676907,0.000676907,0.00036505,2.9274547314479633e-06,-4.628244156225269e-06,2.9274547314479633e-06,-4.628244156225269e-06
brinkman_usfem_pkpk_k1,x,flux,0.0006793059,0.0006793059,0.00036505,1.7710826251014915e-06,-1.8762397848862544e-06,1.7710826251014915e-06,-1.8762397848862544e-06
brinkman_usfem_pkpk_k1,x,flux,0.0006817048,0.0006817048,0.00036505,1.5653448713026041e-06,-1.289096289797868e-06,1.5653448713026041e-06,-1.289096289797868e-06
brinkman_usfem_pkpk_k1,x,flux,0.0006841037000000001,0.0006841037000000001,0.00036505,1.3596071175037171e-06,-7.019527947094818e-07,1.3596071175037171e-06,-7.019527947094818e-07
brinkman_usfem_pkpk_k1,x,flux,0.0006865026000000001,0.0006865026000000001,0.00036505,1.1538693637048299e-06,-1.1480929962109501e-07,1.1538693637048299e-06,-1.1480929962109501e-07
brinkman_usfem_pkpk_k1,x,flux,0.0006889015000000001,0.0006889015000000001,0.00036505,9.662831026539544e-07,3.970766797991317e-07,9.662831026539544e-07,3.970766797991317e-07
brinkman_usfem_pkpk_k1,x,flux,0.0006913004000000001,0.0006913004000000001,0.00036505,8.440422154959248e-07,6.380356028139934e-07,8.440422154959248e-07,6.380356028139934e-07
brinkman_usfem_pkpk_k1,x,flux,0.0006936993000000001,0.0006936993000000001,0.00036505,7.21801328337895e-07,8.789945258288553e-07,7.21801328337895e-07,8.789945258288553e-07
brinkman_usfem_pkpk_k1,x,flux,0.0006960982000000001,0.0006960982000000001,0.00036505,5.995604411798651e-07,1.119953448843717e-06,5.995604411798651e-07,1.119953448843717e-06
brinkman_usfem_pkpk_k1,x,flux,0.0006984971,0.0006984971,0.00036505,4.773195540218409e-07,1.360912371858568e-06,4.773195540218409e-07,1.360912371858568e-06
brinkman_usfem_pkpk_k1,x,flux,0.000700896,0.000700896,0.00036505,-1.4320060725629887e-07,1.2401444712018946e-06,-1.4320060725629887e-07,1.2401444712018946e-06
brinkman_usfem_pkpk_k1,x,flux,0.0007032949,0.0007032949,0.00036505,-8.384626596524706e-07,1.06511754699449e-06,-8.384626596524706e-07,1.06511754699449e-06
brinkman_usfem_pkpk_k1,x,flux,0.0007056938,0.0007056938,0.00036505,-1.533724712048642e-06,8.900906227870856e-07,-1.533724712048642e-06,8.900906227870856e-07
brinkman_usfem_pkpk_k1,x,flux,0.0007080927,0.0007080927,0.00036505,-2.2289867644448143e-06,7.15063698579681e-07,-2.2289867644448143e-06,7.15063698579681e-07
brinkman_usfem_pkpk_k1,x,flux,0.0007104916,0.0007104916,0.00036505,-2.1925870172579717e-06,6.681443603506945e-07,-2.1925870172579717e-06,6.681443603506945e-07
brinkman_usfem_pkpk_k1,x,flux,0.0007128905,0.0007128905,0.00036505,-1.4854972871200835e-06,7.386569759352501e-07,-1.4854972871200835e-06,7.386569759352501e-07
brinkman_usfem_pkpk_k1,x,flux,0.0007152894000000001,0.0007152894000000001,0.00036505,-7.784075569821949e-07,8.091695915198057e-07,-7.784075569821949e-07,8.091695915198057e-07
brinkman_usfem_pkpk_k1,x,flux,0.0007176883000000001,0.0007176883000000001,0.00036505,-7.131782684430671e-08,8.796822071043613e-07,-7.131782684430671e-08,8.796822071043613e-07
brinkman_usfem_pkpk_k1,x,flux,0.0007200872000000001,0.0007200872000000001,0.00036505,6.11440799899054e-07,9.730951658190156e-07,6.11440799899054e-07,9.730951658190156e-07
brinkman_usfem_pkpk_k1,x,flux,0.0007224861000000001,0.0007224861000000001,0.00036505,1.17862668551838e-06,1.1752847544016217e-06,1.17862668551838e-06,1.1752847544016217e-06
brinkman_usfem_pkpk_k1,x,flux,0.000724885,0.000724885,0.00036505,1.7458125711376808e-06,1.3774743429842184e-06,1.7458125711376808e-06,1.3774743429842184e-06
brinkman_usfem_pkpk_k1,x,tangential,5.215e-06,0.00036505,5.215e-06,9.178185526980242e-06,-1.2040831625755868e-06,9.178185526980242e-06,-1.2040831625755868e-06
brinkman_usfem_pkpk_k1,x,tangential,7.6139e-06,0.00036505,7.6139e-06,7.870750080376587e-06,-1.7579614173603567e-06,7.870750080376587e-06,-1.7579614173603567e-06
brinkman_usfem_pkpk_k1,x,tangential,1.00128e-05,0.00036505,1.00128e-05,6.5633146337729315e-06,-2.3118396721451263e-06,6.5633146337729315e-06,-2.3118396721451263e-06
brinkman_usfem_pkpk_k1,x,tangential,1.24117e-05,0.00036505,1.24117e-05,5.829891139515203e-06,-1.4124526289308953e-06,5.829891139515203e-06,-1.4124526289308953e-06
brinkman_usfem_pkpk_k1,x,tangential,1.48106e-05,0.00036505,1.48106e-05,5.217312266803984e-06,-2.071149966642416e-07,5.217312266803984e-06,-2.071149966642416e-07
brinkman_usfem_pkpk_k1,x,tangential,1.72095e-05,0.00036505,1.72095e-05,4.604733394092765e-06,9.982226356024108e-07,4.604733394092765e-06,9.982226356024108e-07
brinkman_usfem_pkpk_k1,x,tangential,1.96084e-05,0.00036505,1.96084e-05,3.992154521381545e-06,2.2035602678690646e-06,3.992154521381545e-06,2.2035602678690646e-06
brinkman_usfem_pkpk_k1,x,tangential,2.20073e-05,0.00036505,2.20073e-05,4.763931742052098e-06,3.4361876153075177e-06,4.763931742052098e-06,3.4361876153075177e-06
brinkman_usfem_pkpk_k1,x,tangential,2.44062e-05,0.00036505,2.44062e-05,7.045915610048223e-06,4.698585561115209e-06,7.045915610048223e-06,4.698585561115209e-06
brinkman_usfem_pkpk_k1,x,tangential,2.6805100000000002e-05,0.00036505,2.6805100000000002e-05,9.327899478044348e-06,5.960983506922901e-06,9.327899478044348e-06,5.960983506922901e-06
brinkman_usfem_pkpk_k1,x,tangential,2.9204e-05,0.00036505,2.9204e-05,1.160988334604047e-05,7.2233814527305915e-06,1.160988334604047e-05,7.2233814527305915e-06
brinkman_usfem_pkpk_k1,x,tangential,3.1602899999999995e-05,0.00036505,3.1602899999999995e-05,1.357394394086381e-05,8.329970836452165e-06,1.357394394086381e-05,8.329970836452165e-06
brinkman_usfem_pkpk_k1,x,tangential,3.4001800000000004e-05,0.00036505,3.4001800000000004e-05,1.34185160478686e-05,8.397836472932955e-06,1.34185160478686e-05,8.397836472932955e-06
brinkman_usfem_pkpk_k1,x,tangential,3.64007e-05,0.00036505,3.64007e-05,1.3263088154873392e-05,8.465702109413744e-06,1.3263088154873392e-05,8.465702109413744e-06
brinkman_usfem_pkpk_k1,x,tangential,3.8799599999999994e-05,0.00036505,3.8799599999999994e-05,1.3107660261878183e-05,8.533567745894532e-06,1.3107660261878183e-05,8.533567745894532e-06
brinkman_usfem_pkpk_k1,x,tangential,4.11985e-05,0.00036505,4.11985e-05,1.2952232368882972e-05,8.601433382375323e-06,1.2952232368882972e-05,8.601433382375323e-06
brinkman_usfem_pkpk_k1,x,tangential,4.35974e-05,0.00036505,4.35974e-05,1.168462950128492e-05,7.722798477908274e-06,1.168462950128492e-05,7.722798477908274e-06
brinkman_usfem_pkpk_k1,x,tangential,4.5996300000000005e-05,0.00036505,4.5996300000000005e-05,1.0108089140741626e-05,6.581246756511267e-06,1.0108089140741626e-05,6.581246756511267e-06
brinkman_usfem_pkpk_k1,x,tangential,4.83952e-05,0.00036505,4.83952e-05,8.531548780198339e-06,5.439695035114265e-06,8.531548780198339e-06,5.439695035114265e-06
brinkman_usfem_pkpk_k1,x,tangential,5.0794099999999995e-05,0.00036505,5.0794099999999995e-05,6.955008419655052e-06,4.2981433137172636e-06,6.955008419655052e-06,4.2981433137172636e-06
brinkman_usfem_pkpk_k1,x,tangential,5.3193000000000004e-05,0.00036505,5.3193000000000004e-05,5.457999980824697e-06,3.2880982132005428e-06,5.457999980824697e-06,3.2880982132005428e-06
brinkman_usfem_pkpk_k1,x,tangential,5.55919e-05,0.00036505,5.55919e-05,4.064383040221164e-06,2.4490117198281937e-06,4.064383040221164e-06,2.4490117198281937e-06
brinkman_usfem_pkpk_k1,x,tangential,5.7990799999999994e-05,0.00036505,5.7990799999999994e-05,2.6707660996176296e-06,1.609925226455845e-06,2.6707660996176296e-06,1.609925226455845e-06
brinkman_usfem_pkpk_k1,x,tangential,6.03897e-05,0.00036505,6.03897e-05,1.2771491590140882e-06,7.708387330834915e-07,1.2771491590140882e-06,7.708387330834915e-07
brinkman_usfem_pkpk_k1,x,tangential,6.27886e-05,0.00036505,6.27886e-05,4.591059502265888e-09,4.558547632433029e-09,4.591059502265888e-09,4.558547632433029e-09
brinkman_usfem_pkpk_k1,x,tangential,6.51875e-05,0.00036505,6.51875e-05,3.1507914534752414e-09,2.7445953549607415e-09,3.1507914534752414e-09,2.7445953549607415e-09
brinkman_usfem_pkpk_k1,x,tangential,6.75864e-05,0.00036505,6.75864e-05,1.7105234046846037e-09,9.306430774884646e-10,1.7105234046846037e-09,9.306430774884646e-10
brinkman_usfem_pkpk_k1,x,tangential,6.99853e-05,0.00036505,6.99853e-05,2.702553558939659e-10,-8.833091999838127e-10,2.702553558939659e-10,-8.833091999838127e-10
brinkman_usfem_pkpk_k1,x,tangential,7.238419999999999e-05,0.00036505,7.238419999999999e-05,-1.1700126928966723e-09,-2.6972614774560902e-09,-1.1700126928966723e-09,-2.6972614774560902e-09
brinkman_usfem_pkpk_k1,x,tangential,7.47831e-05,0.00036505,7.47831e-05,1.7018469103136803e-06,1.0240710554935888e-06,1.7018469103136803e-06,1.0240710554935888e-06
brinkman_usfem_pkpk_k1,x,tangential,7.7182e-05,0.00036505,7.7182e-05,4.006436959575106e-06,2.413868408670001e-06,4.006436959575106e-06,2.413868408670001e-06
brinkman_usfem_pkpk_k1,x,tangential,7.95809e-05,0.00036505,7.95809e-05,6.311027008836543e-06,3.80366576184642e-06,6.311027008836543e-06,3.80366576184642e-06
brinkman_usfem_pkpk_k1,x,tangential,8.19798e-05,0.00036505,8.19798e-05,8.61561705809797e-06,5.193463115022832e-06,8.61561705809797e-06,5.193463115022832e-06
brinkman_usfem_pkpk_k1,x,tangential,8.437869999999999e-05,0.00036505,8.437869999999999e-05,1.0517094720546381e-05,5.8802202123450745e-06,1.0517094720546381e-05,5.8802202123450745e-06
brinkman_usfem_pkpk_k1,x,tangential,8.67776e-05,0.00036505,8.67776e-05,1.1791508670174546e-05,5.473359133894144e-06,1.1791508670174546e-05,5.473359133894144e-06
brinkman_usfem_pkpk_k1,x,tangential,8.91765e-05,0.00036505,8.91765e-05,1.3065922619802701e-05,5.066498055443215e-06,1.3065922619802701e-05,5.066498055443215e-06
brinkman_usfem_pkpk_k1,x,tangential,9.15754e-05,0.00036505,9.15754e-05,1.4340336569430868e-05,4.659636976992284e-06,1.4340336569430868e-05,4.659636976992284e-06
brinkman_usfem_pkpk_k1,x,tangential,9.39743e-05,0.00036505,9.39743e-05,1.541335960176551e-05,4.217042940649817e-06,1.541335960176551e-05,4.217042940649817e-06
brinkman_usfem_pkpk_k1,x,tangential,9.63732e-05,0.00036505,9.63732e-05,1.2055782453642718e-05,2.9883238306934643e-06,1.2055782453642718e-05,2.9883238306934643e-06
brinkman_usfem_pkpk_k1,x,tangential,9.87721e-05,0.00036505,9.87721e-05,8.698205305519911e-06,1.7596047207371055e-06,8.698205305519911e-06,1.7596047207371055e-06
brinkman_usfem_pkpk_k1,x,tangential,0.000101171,0.00036505,0.000101171,5.340628157397125e-06,5.308856107807543e-07,5.340628157397125e-06,5.308856107807543e-07
brinkman_usfem_pkpk_k1,x,tangential,0.00010356989999999999,0.00036505,0.00010356989999999999,1.983051009274337e-06,-6.978334991755979e-07,1.983051009274337e-06,-6.978334991755979e-07
brinkman_usfem_pkpk_k1,x,tangential,0.0001059688,0.00036505,0.0001059688,7.119327302982821e-07,-1.1930055867144844e-06,7.119327302982821e-07,-1.1930055867144844e-06
brinkman_usfem_pkpk_k1,x,tangential,0.0001083677,0.00036505,0.0001083677,3.5364020657396254e-07,-1.3672508519457148e-06,3.5364020657396254e-07,-1.3672508519457148e-06
brinkman_usfem_pkpk_k1,x,tangential,0.00011076659999999999,0.00036505,0.00011076659999999999,-4.652317150357134e-09,-1.5414961171769454e-06,-4.652317150357134e-09,-1.5414961171769454e-06
brinkman_usfem_pkpk_k1,x,tangential,0.0001131655,0.00036505,0.0001131655,-3.6294484087467865e-07,-1.7157413824081768e-06,-3.6294484087467865e-07,-1.7157413824081768e-06
brinkman_usfem_pkpk_k1,x,tangential,0.0001155644,0.00036505,0.0001155644,4.034710635878082e-07,-1.2184886939320706e-06,4.034710635878082e-07,-1.2184886939320706e-06
brinkman_usfem_pkpk_k1,x,tangential,0.0001179633,0.00036505,0.0001179633,3.2787152709006245e-06,5.378226577453333e-07,3.2787152709006245e-06,5.378226577453333e-07
brinkman_usfem_pkpk_k1,x,tangential,0.0001203622,0.00036505,0.0001203622,6.153959478213424e-06,2.2941340094227273e-06,6.153959478213424e-06,2.2941340094227273e-06
brinkman_usfem_pkpk_k1,x,tangential,0.0001227611,0.00036505,0.0001227611,9.029203685526227e-06,4.050445361100123e-06,9.029203685526227e-06,4.050445361100123e-06
brinkman_usfem_pkpk_k1,x,tangential,0.00012516,0.00036505,0.00012516,1.1904447892839043e-05,5.806756712777526e-06,1.1904447892839043e-05,5.806756712777526e-06
brinkman_usfem_pkpk_k1,x,tangential,0.0001275589,0.00036505,0.0001275589,1.645174748803804e-05,7.320209393937552e-06,1.645174748803804e-05,7.320209393937552e-06
brinkman_usfem_pkpk_k1,x,tangential,0.00012995780000000002,0.00036505,0.00012995780000000002,2.099904708323706e-05,8.833662075097585e-06,2.099904708323706e-05,8.833662075097585e-06
brinkman_usfem_pkpk_k1,x,tangential,0.0001323567,0.00036505,0.0001323567,2.5546346678436035e-05,1.0347114756257602e-05,2.5546346678436035e-05,1.0347114756257602e-05
brinkman_usfem_pkpk_k1,x,tangential,0.0001347556,0.00036505,0.0001347556,3.0093646273635053e-05,1.1860567437417635e-05,3.0093646273635053e-05,1.1860567437417635e-05
brinkman_usfem_pkpk_k1,x,tangential,0.00013715450000000002,0.00036505,0.00013715450000000002,2.855327565835425e-05,1.156192298949546e-05,2.855327565835425e-05,1.156192298949546e-05
brinkman_usfem_pkpk_k1,x,tangential,0.0001395534,0.00036505,0.0001395534,2.3766147597484293e-05,1.0296826739396133e-05,2.3766147597484293e-05,1.0296826739396133e-05
brinkman_usfem_pkpk_k1,x,tangential,0.0001419523,0.00036505,0.0001419523,1.8979019536614286e-05,9.031730489296792e-06,1.8979019536614286e-05,9.031730489296792e-06
brinkman_usfem_pkpk_k1,x,tangential,0.00014435120000000001,0.00036505,0.00014435120000000001,1.4191891475744279e-05,7.766634239197452e-06,1.4191891475744279e-05,7.766634239197452e-06
brinkman_usfem_pkpk_k1,x,tangential,0.00014675010000000002,0.00036505,0.00014675010000000002,1.0039559376364349e-05,6.38456642395205e-06,1.0039559376364349e-05,6.38456642395205e-06
brinkman_usfem_pkpk_k1,x,tangential,0.000149149,0.00036505,0.000149149,7.3381894746760645e-06,4.735135031229986e-06,7.3381894746760645e-06,4.735135031229986e-06
brinkman_usfem_pkpk_k1,x,tangential,0.0001515479,0.00036505,0.0001515479,4.636819572987748e-06,3.0857036385079024e-06,4.636819572987748e-06,3.0857036385079024e-06
brinkman_usfem_pkpk_k1,x,tangential,0.00015394680000000002,0.00036505,0.00015394680000000002,1.935449671299431e-06,1.4362722457858186e-06,1.935449671299431e-06,1.4362722457858186e-06
brinkman_usfem_pkpk_k1,x,tangential,0.0001563457,0.00036505,0.0001563457,-7.659202303888551e-07,-2.131591469362466e-07,-7.659202303888551e-07,-2.131591469362466e-07
brinkman_usfem_pkpk_k1,x,tangential,0.0001587446,0.00036505,0.0001587446,-5.510768926944174e-07,-1.2932901386797975e-07,-5.510768926944174e-07,-1.2932901386797975e-07
brinkman_usfem_pkpk_k1,x,tangential,0.00016114350000000002,0.00036505,0.00016114350000000002,-2.03678407755311e-07,3.328573400893784e-08,-2.03678407755311e-07,3.328573400893784e-08
brinkman_usfem_pkpk_k1,x,tangential,0.0001635424,0.00036505,0.0001635424,1.4372007718379144e-07,1.959004818858535e-07,1.4372007718379144e-07,1.959004818858535e-07
brinkman_usfem_pkpk_k1,x,tangential,0.0001659413,0.00036505,0.0001659413,4.911185621228979e-07,3.5851522976277113e-07,4.911185621228979e-07,3.5851522976277113e-07
brinkman_usfem_pkpk_k1,x,tangential,0.00016834020000000002,0.00036505,0.00016834020000000002,5.5616666462282e-07,3.7627742086522186e-07,5.5616666462282e-07,3.7627742086522186e-07
brinkman_usfem_pkpk_k1,x,tangential,0.0001707391,0.00036505,0.0001707391,4.3970380698326786e-07,3.0092011118408806e-07,4.3970380698326786e-07,3.0092011118408806e-07
brinkman_usfem_pkpk_k1,x,tangential,0.000173138,0.00036505,0.000173138,3.2324094934371446e-07,2.255628015029534e-07,3.2324094934371446e-07,2.255628015029534e-07
brinkman_usfem_pkpk_k1,x,tangential,0.00017553690000000002,0.00036505,0.00017553690000000002,2.0677809170416103e-07,1.5020549182181876e-07,2.0677809170416103e-07,1.5020549182181876e-07
brinkman_usfem_pkpk_k1,x,tangential,0.00017793580000000003,0.00036505,0.00017793580000000003,9.636756874229053e-08,7.462009130360861e-08,9.636756874229053e-08,7.462009130360861e-08
brinkman_usfem_pkpk_k1,x,tangential,0.0001803347,0.00036505,0.0001803347,3.105327367184189e-09,-1.6115665863176082e-09,3.105327367184189e-09,-1.6115665863176082e-09
brinkman_usfem_pkpk_k1,x,tangential,0.00018273360000000002,0.00036505,0.00018273360000000002,-9.015691400792328e-08,-7.784322447624476e-08,-9.015691400792328e-08,-7.784322447624476e-08
brinkman_usfem_pkpk_k1,x,tangential,0.00018513250000000002,0.00036505,0.00018513250000000002,-1.8341915538303078e-07,-1.5407488236617187e-07,-1.8341915538303078e-07,-1.5407488236617187e-07
brinkman_usfem_pkpk_k1,x,tangential,0.0001875314,0.00036505,0.0001875314,-2.7668139675813715e-07,-2.3030654025609813e-07,-2.7668139675813715e-07,-2.3030654025609813e-07
brinkman_usfem_pkpk_k1,x,tangential,0.0001899303,0.00036505,0.0001899303,9.337249675619074e-07,7.193354037494909e-07,9.337249675619074e-07,7.193354037494909e-07
brinkman_usfem_pkpk_k1,x,tangential,0.00019232920000000002,0.00036505,0.00019232920000000002,2.268290246710051e-06,1.7666795955546452e-06,2.268290246710051e-06,1.7666795955546452e-06
brinkman_usfem_pkpk_k1,x,tangential,0.0001947281,0.00036505,0.0001947281,3.60285552585818e-06,2.814023787359787e-06,3.60285552585818e-06,2.814023787359787e-06
brinkman_usfem_pkpk_k1,x,tangential,0.000197127,0.00036505,0.000197127,4.937420805006324e-06,3.861367979164941e-06,4.937420805006324e-06,3.861367979164941e-06
brinkman_usfem_pkpk_k1,x,tangential,0.00019952590000000002,0.00036505,0.00019952590000000002,5.508343859922768e-06,4.918920334706e-06,5.508343859922768e-06,4.918920334706e-06
brinkman_usfem_pkpk_k1,x,tangential,0.0002019248,0.00036505,0.0002019248,5.491849819276374e-06,5.984325123890044e-06,5.491849819276374e-06,5.984325123890044e-06
brinkman_usfem_pkpk_k1,x,tangential,0.0002043237,0.00036505,0.0002043237,5.47535577862998e-06,7.049729913074099e-06,5.47535577862998e-06,7.049729913074099e-06
brinkman_usfem_pkpk_k1,x,tangential,0.00020672260000000002,0.00036505,0.00020672260000000002,5.458861737983586e-06,8.115134702258155e-06,5.458861737983586e-06,8.115134702258155e-06
brinkman_usfem_pkpk_k1,x,tangential,0.0002091215,0.00036505,0.0002091215,5.391407996247118e-06,9.092772296755901e-06,5.391407996247118e-06,9.092772296755901e-06
brinkman_usfem_pkpk_k1,x,tangential,0.0002115204,0.00036505,0.0002115204,5.140499330586376e-06,9.754447990383027e-06,5.140499330586376e-06,9.754447990383027e-06
brinkman_usfem_pkpk_k1,x,tangential,0.00021391930000000002,0.00036505,0.00021391930000000002,4.889590664925634e-06,1.0416123684010153e-05,4.889590664925634e-06,1.0416123684010153e-05
brinkman_usfem_pkpk_k1,x,tangential,0.0002163182,0.00036505,0.0002163182,4.638681999264895e-06,1.1077799377637273e-05,4.638681999264895e-06,1.1077799377637273e-05
brinkman_usfem_pkpk_k1,x,tangential,0.0002187171,0.00036505,0.0002187171,4.3877733336041525e-06,1.1739475071264397e-05,4.3877733336041525e-06,1.1739475071264397e-05
brinkman_usfem_pkpk_k1,x,tangential,0.00022111600000000002,0.00036505,0.00022111600000000002,4.574694232982958e-06,1.2109265807345005e-05,4.574694232982958e-06,1.2109265807345005e-05
brinkman_usfem_pkpk_k1,x,tangential,0.00022351490000000002,0.00036505,0.00022351490000000002,4.827289567117695e-06,1.2435273799793632e-05,4.827289567117695e-06,1.2435273799793632e-05
brinkman_usfem_pkpk_k1,x,tangential,0.0002259138,0.00036505,0.0002259138,5.079884901252429e-06,1.2761281792242256e-05,5.079884901252429e-06,1.2761281792242256e-05
brinkman_usfem_pkpk_k1,x,tangential,0.00022831270000000001,0.00036505,0.00022831270000000001,5.332480235387166e-06,1.3087289784690884e-05,5.332480235387166e-06,1.3087289784690884e-05
brinkman_usfem_pkpk_k1,x,tangential,0.00023071160000000002,0.00036505,0.00023071160000000002,5.584741755771718e-06,1.3288347727413436e-05,5.584741755771718e-06,1.3288347727413436e-05
brinkman_usfem_pkpk_k1,x,tangential,0.0002331105,0.00036505,0.0002331105,5.836697280218598e-06,1.3374868124553754e-05,5.836697280218598e-06,1.3374868124553754e-05
brinkman_usfem_pkpk_k1,x,tangential,0.0002355094,0.00036505,0.0002355094,6.088652804665479e-06,1.3461388521694074e-05,6.088652804665479e-06,1.3461388521694074e-05
brinkman_usfem_pkpk_k1,x,tangential,0.00023790830000000002,0.00036505,0.00023790830000000002,6.3406083291123606e-06,1.3547908918834392e-05,6.3406083291123606e-06,1.3547908918834392e-05
brinkman_usfem_pkpk_k1,x,tangential,0.0002403072,0.00036505,0.0002403072,6.509004306579072e-06,1.364057632936516e-05,6.509004306579072e-06,1.364057632936516e-05
brinkman_usfem_pkpk_k1,x,tangential,0.0002427061,0.00036505,0.0002427061,6.280492435889993e-06,1.376244205350057e-05,6.280492435889993e-06,1.376244205350057e-05
brinkman_usfem_pkpk_k1,x,tangential,0.000245105,0.00036505,0.000245105,6.051980565200913e-06,1.388430777763598e-05,6.051980565200913e-06,1.388430777763598e-05
brinkman_usfem_pkpk_k1,x,tangential,0.0002475039,0.00036505,0.0002475039,5.823468694511838e-06,1.4006173501771385e-05,5.823468694511838e-06,1.4006173501771385e-05
brinkman_usfem_pkpk_k1,x,tangential,0.0002499028,0.00036505,0.0002499028,5.594956823822757e-06,1.4128039225906795e-05,5.594956823822757e-06,1.4128039225906795e-05
brinkman_usfem_pkpk_k1,x,tangential,0.0002523017,0.00036505,0.0002523017,4.976931129858668e-06,1.4345714864575905e-05,4.976931129858668e-06,1.4345714864575905e-05
brinkman_usfem_pkpk_k1,x,tangential,0.0002547006,0.00036505,0.0002547006,4.276902525731413e-06,1.4583561011567904e-05,4.276902525731413e-06,1.4583561011567904e-05
brinkman_usfem_pkpk_k1,x,tangential,0.0002570995,0.00036505,0.0002570995,3.576873921604158e-06,1.4821407158559905e-05,3.576873921604158e-06,1.4821407158559905e-05
brinkman_usfem_pkpk_k1,x,tangential,0.00025949839999999996,0.00036505,0.00025949839999999996,2.8768453174769186e-06,1.5059253305551897e-05,2.8768453174769186e-06,1.5059253305551897e-05
brinkman_usfem_pkpk_k1,x,tangential,0.00026189729999999997,0.00036505,0.00026189729999999997,2.2104680016182795e-06,1.5284569785765483e-05,2.2104680016182795e-06,1.5284569785765483e-05
brinkman_usfem_pkpk_k1,x,tangential,0.0002642962,0.00036505,0.0002642962,1.5808011820526906e-06,1.5496217538584435e-05,1.5808011820526906e-06,1.5496217538584435e-05
brinkman_usfem_pkpk_k1,x,tangential,0.0002666951,0.00036505,0.0002666951,9.511343624871015e-07,1.5707865291403383e-05,9.511343624871015e-07,1.5707865291403383e-05
brinkman_usfem_pkpk_k1,x,tangential,0.000269094,0.00036505,0.000269094,3.2146754292151225e-07,1.5919513044222334e-05,3.2146754292151225e-07,1.5919513044222334e-05
brinkman_usfem_pkpk_k1,x,tangential,0.0002714929,0.00036505,0.0002714929,-1.7484006559894438e-07,1.6107460167246637e-05,-1.7484006559894438e-07,1.6107460167246637e-05
brinkman_usfem_pkpk_k1,x,tangential,0.00027389179999999996,0.00036505,0.00027389179999999996,2.1791373284805959e-07,1.613740309163997e-05,2.1791373284805959e-07,1.613740309163997e-05
brinkman_usfem_pkpk_k1,x,tangential,0.00027629069999999997,0.00036505,0.00027629069999999997,6.10667531295072e-07,1.6167346016033303e-05,6.10667531295072e-07,1.6167346016033303e-05
brinkman_usfem_pkpk_k1,x,tangential,0.0002786896,0.00036505,0.0002786896,1.003421329742085e-06,1.6197288940426636e-05,1.003421329742085e-06,1.6197288940426636e-05
brinkman_usfem_pkpk_k1,x,tangential,0.0002810885,0.00036505,0.0002810885,1.3961751281890974e-06,1.622723186481997e-05,1.3961751281890974e-06,1.622723186481997e-05
brinkman_usfem_pkpk_k1,x,tangential,0.0002834874,0.00036505,0.0002834874,2.4593112530631657e-06,1.5991113327073698e-05,2.4593112530631657e-06,1.5991113327073698e-05
brinkman_usfem_pkpk_k1,x,tangential,0.0002858863,0.00036505,0.0002858863,3.708664690833648e-06,1.568108882762197e-05,3.708664690833648e-06,1.568108882762197e-05
brinkman_usfem_pkpk_k1,x,tangential,0.0002882852,0.00036505,0.0002882852,4.958018128604131e-06,1.5371064328170245e-05,4.958018128604131e-06,1.5371064328170245e-05
brinkman_usfem_pkpk_k1,x,tangential,0.00029068409999999996,0.00036505,0.00029068409999999996,6.207371566374586e-06,1.5061039828718527e-05,6.207371566374586e-06,1.5061039828718527e-05
brinkman_usfem_pkpk_k1,x,tangential,0.00029308299999999997,0.00036505,0.00029308299999999997,7.348517965117537e-06,1.4511865499941553e-05,7.348517965117537e-06,1.4511865499941553e-05
brinkman_usfem_pkpk_k1,x,tangential,0.0002954819,0.00036505,0.0002954819,8.348995213124662e-06,1.3651796393041734e-05,8.348995213124662e-06,1.3651796393041734e-05
brinkman_usfem_pkpk_k1,x,tangential,0.0002978808,0.00036505,0.0002978808,9.349472461131788e-06,1.2791727286141914e-05,9.349472461131788e-06,1.2791727286141914e-05
brinkman_usfem_pkpk_k1,x,tangential,0.0003002797,0.00036505,0.0003002797,1.0349949709138917e-05,1.1931658179242097e-05,1.0349949709138917e-05,1.1931658179242097e-05
brinkman_usfem_pkpk_k1,x,tangential,0.0003026786,0.00036505,0.0003026786,1.1238903746661535e-05,1.1041438784545122e-05,1.1238903746661535e-05,1.1041438784545122e-05
brinkman_usfem_pkpk_k1,x,tangential,0.00030507749999999996,0.00036505,0.00030507749999999996,1.0956864074096997e-05,9.834641367977997e-06,1.0956864074096997e-05,9.834641367977997e-06
brinkman_usfem_pkpk_k1,x,tangential,0.00030747639999999997,0.00036505,0.00030747639999999997,1.067482440153245e-05,8.627843951410844e-06,1.067482440153245e-05,8.627843951410844e-06
brinkman_usfem_pkpk_k1,x,tangential,0.0003098753,0.00036505,0.0003098753,1.0392784728967906e-05,7.42104653484369e-06,1.0392784728967906e-05,7.42104653484369e-06
brinkman_usfem_pkpk_k1,x,tangential,0.0003122742,0.00036505,0.0003122742,1.011074505640336e-05,6.214249118276537e-06,1.011074505640336e-05,6.214249118276537e-06
brinkman_usfem_pkpk_k1,x,tangential,0.0003146731,0.00036505,0.0003146731,8.89630959959432e-06,5.515731351888525e-06,8.89630959959432e-06,5.515731351888525e-06
brinkman_usfem_pkpk_k1,x,tangential,0.000317072,0.00036505,0.000317072,7.352793277757804e-06,4.996606403210815e-06,7.352793277757804e-06,4.996606403210815e-06
brinkman_usfem_pkpk_k1,x,tangential,0.0003194709,0.00036505,0.0003194709,5.809276955921289e-06,4.4774814545331045e-06,5.809276955921289e-06,4.4774814545331045e-06
brinkman_usfem_pkpk_k1,x,tangential,0.00032186979999999997,0.00036505,0.00032186979999999997,4.265760634084809e-06,3.958356505855406e-06,4.265760634084809e-06,3.958356505855406e-06
brinkman_usfem_pkpk_k1,x,tangential,0.0003242687,0.00036505,0.0003242687,3.060006908167286e-06,3.6521501522194167e-06,3.060006908167286e-06,3.6521501522194167e-06
brinkman_usfem_pkpk_k1,x,tangential,0.0003266676,0.00036505,0.0003266676,2.3796616647903966e-06,3.6771505019816545e-06,2.3796616647903966e-06,3.6771505019816545e-06
brinkman_usfem_pkpk_k1,x,tangential,0.0003290665,0.00036505,0.0003290665,1.699316421413507e-06,3.7021508517438923e-06,1.699316421413507e-06,3.7021508517438923e-06
brinkman_usfem_pkpk_k1,x,tangential,0.0003314654,0.00036505,0.0003314654,1.0189711780366178e-06,3.72715120150613e-06,1.0189711780366178e-06,3.72715120150613e-06
brinkman_usfem_pkpk_k1,x,tangential,0.0003338643,0.00036505,0.0003338643,3.714813344783305e-07,3.7522446560705325e-06,3.714813344783305e-07,3.7522446560705325e-06
brinkman_usfem_pkpk_k1,x,tangential,0.00033626319999999996,0.00036505,0.00033626319999999996,4.468102869292515e-07,3.779386416282573e-06,4.468102869292515e-07,3.779386416282573e-06
brinkman_usfem_pkpk_k1,x,tangential,0.00033866209999999997,0.00036505,0.00033866209999999997,5.221392393801743e-07,3.8065281764946143e-06,5.221392393801743e-07,3.8065281764946143e-06
brinkman_usfem_pkpk_k1,x,tangential,0.000341061,0.00036505,0.000341061,5.974681918310971e-07,3.8336699367066555e-06,5.974681918310971e-07,3.8336699367066555e-06
brinkman_usfem_pkpk_k1,x,tangential,0.0003434599,0.00036505,0.0003434599,6.727971442820199e-07,3.860811696918697e-06,6.727971442820199e-07,3.860811696918697e-06
brinkman_usfem_pkpk_k1,x,tangential,0.0003458588,0.00036505,0.0003458588,7.972608690285524e-07,3.6767413171649484e-06,7.972608690285524e-07,3.6767413171649484e-06
brinkman_usfem_pkpk_k1,x,tangential,0.0003482577,0.00036505,0.0003482577,9.432210566544141e-07,3.4002656261761645e-06,9.432210566544141e-07,3.4002656261761645e-06
brinkman_usfem_pkpk_k1,x,tangential,0.0003506566,0.00036505,0.0003506566,1.0891812442802758e-06,3.1237899351873807e-06,1.0891812442802758e-06,3.1237899351873807e-06
brinkman_usfem_pkpk_k1,x,tangential,0.00035305549999999997,0.00036505,0.00035305549999999997,1.2351414319061343e-06,2.8473142441986036e-06,1.2351414319061343e-06,2.8473142441986036e-06
brinkman_usfem_pkpk_k1,x,tangential,0.0003554544,0.00036505,0.0003554544,1.4633199641342126e-06,2.4924912019992914e-06,1.4633199641342126e-06,2.4924912019992914e-06
brinkman_usfem_pkpk_k1,x,tangential,0.0003578533,0.00036505,0.0003578533,1.8456578924914556e-06,1.9907668762802296e-06,1.8456578924914556e-06,1.9907668762802296e-06
brinkman_usfem_pkpk_k1,x,tangential,0.0003602522,0.00036505,0.0003602522,2.227995820848699e-06,1.4890425505611683e-06,2.227995820848699e-06,1.4890425505611683e-06
brinkman_usfem_pkpk_k1,x,tangential,0.0003626511,0.00036505,0.0003626511,2.6103337492059414e-06,9.873182248421065e-07,2.6103337492059414e-06,9.873182248421065e-07
brinkman_usfem_pkpk_k1,x,tangential,0.00036505,0.00036505,0.00036505,2.9926716775632043e-06,4.855938991230444e-07,2.9926716775632043e-06,4.855938991230444e-07
brinkman_usfem_pkpk_k1,x,tangential,0.00036744889999999996,0.00036505,0.00036744889999999996,5.536796364635312e-06,3.8292314484235146e-07,5.536796364635312e-06,3.8292314484235146e-07
brinkman_usfem_pkpk_k1,x,tangential,0.00036984779999999997,0.00036505,0.00036984779999999997,8.080921051707477e-06,2.802523905616563e-07,8.080921051707477e-06,2.802523905616563e-07
brinkman_usfem_pkpk_k1,x,tangential,0.0003722467,0.00036505,0.0003722467,1.062504573877964e-05,1.7758163628096118e-07,1.062504573877964e-05,1.7758163628096118e-07
brinkman_usfem_pkpk_k1,x,tangential,0.0003746456,0.00036505,0.0003746456,1.3169170425851805e-05,7.491088200026602e-08,1.3169170425851805e-05,7.491088200026602e-08
brinkman_usfem_pkpk_k1,x,tangential,0.0003770445,0.00036505,0.0003770445,1.5223354266994365e-05,5.681884804721338e-07,1.5223354266994365e-05,5.681884804721338e-07
brinkman_usfem_pkpk_k1,x,tangential,0.0003794434,0.00036505,0.0003794434,1.701623632364118e-05,1.3793052004120257e-06,1.701623632364118e-05,1.3793052004120257e-06
brinkman_usfem_pkpk_k1,x,tangential,0.00038184229999999996,0.00036505,0.00038184229999999996,1.8809118380287952e-05,2.1904219203518995e-06,1.8809118380287952e-05,2.1904219203518995e-06
brinkman_usfem_pkpk_k1,x,tangential,0.00038424119999999997,0.00036505,0.00038424119999999997,2.0602000436934767e-05,3.001538640291791e-06,2.0602000436934767e-05,3.001538640291791e-06
brinkman_usfem_pkpk_k1,x,tangential,0.0003866401,0.00036505,0.0003866401,2.166601430059123e-05,3.7796109146369004e-06,2.166601430059123e-05,3.7796109146369004e-06
brinkman_usfem_pkpk_k1,x,tangential,0.000389039,0.00036505,0.000389039,2.1064043723126848e-05,4.482153027622504e-06,2.1064043723126848e-05,4.482153027622504e-06
brinkman_usfem_pkpk_k1,x,tangential,0.0003914379,0.00036505,0.0003914379,2.0462073145662465e-05,5.184695140608109e-06,2.0462073145662465e-05,5.184695140608109e-06
brinkman_usfem_pkpk_k1,x,tangential,0.0003938368,0.00036505,0.0003938368,1.986010256819808e-05,5.887237253593712e-06,1.986010256819808e-05,5.887237253593712e-06
brinkman_usfem_pkpk_k1,x,tangential,0.0003962357,0.00036505,0.0003962357,1.9258131990733695e-05,6.589779366579315e-06,1.9258131990733695e-05,6.589779366579315e-06
brinkman_usfem_pkpk_k1,x,tangential,0.00039863459999999997,0.00036505,0.00039863459999999997,1.6592754410525457e-05,6.420397774045136e-06,1.6592754410525457e-05,6.420397774045136e-06
brinkman_usfem_pkpk_k1,x,tangential,0.0004010335,0.00036505,0.0004010335,1.3833585602919656e-05,6.211383285805502e-06,1.3833585602919656e-05,6.211383285805502e-06
brinkman_usfem_pkpk_k1,x,tangential,0.0004034324,0.00036505,0.0004034324,1.1074416795313856e-05,6.002368797565868e-06,1.1074416795313856e-05,6.002368797565868e-06
brinkman_usfem_pkpk_k1,x,tangential,0.0004058313,0.00036505,0.0004058313,8.315247987708055e-06,5.7933543093262335e-06,8.315247987708055e-06,5.7933543093262335e-06
brinkman_usfem_pkpk_k1,x,tangential,0.0004082302,0.00036505,0.0004082302,6.245187334569198e-06,4.942228829248277e-06,6.245187334569198e-06,4.942228829248277e-06
brinkman_usfem_pkpk_k1,x,tangential,0.0004106291,0.00036505,0.0004106291,4.618124780730514e-06,3.6783177115599387e-06,4.618124780730514e-06,3.6783177115599387e-06
brinkman_usfem_pkpk_k1,x,tangential,0.00041302799999999996,0.00036505,0.00041302799999999996,2.9910622268918673e-06,2.4144065938716293e-06,2.9910622268918673e-06,2.4144065938716293e-06
brinkman_usfem_pkpk_k1,x,tangential,0.00041542689999999997,0.00036505,0.00041542689999999997,1.3639996730531837e-06,1.1504954761832909e-06,1.3639996730531837e-06,1.1504954761832909e-06
brinkman_usfem_pkpk_k1,x,tangential,0.0004178258,0.00036505,0.0004178258,1.53029503891102e-07,2.0185253991174544e-07,1.53029503891102e-07,2.0185253991174544e-07
brinkman_usfem_pkpk_k1,x,tangential,0.0004202247,0.00036505,0.0004202247,1.2098775797959658e-07,1.4646945098793836e-07,1.2098775797959658e-07,1.4646945098793836e-07
brinkman_usfem_pkpk_k1,x,tangential,0.0004226236,0.00036505,0.0004226236,8.894601206809116e-08,9.10863620641313e-08,8.894601206809116e-08,9.10863620641313e-08
brinkman_usfem_pkpk_k1,x,tangential,0.0004250225,0.00036505,0.0004250225,5.690426615658574e-08,3.570327314032423e-08,5.690426615658574e-08,3.570327314032423e-08
brinkman_usfem_pkpk_k1,x,tangential,0.00042742139999999996,0.00036505,0.00042742139999999996,2.4862520245081037e-08,-1.967981578348159e-08,2.4862520245081037e-08,-1.967981578348159e-08
brinkman_usfem_pkpk_k1,x,tangential,0.00042982029999999997,0.00036505,0.00042982029999999997,1.6362426584068076e-08,-2.0309569400064718e-08,1.6362426584068076e-08,-2.0309569400064718e-08
brinkman_usfem_pkpk_k1,x,tangential,0.0004322192,0.00036505,0.0004322192,1.0104395042150425e-08,-1.5724719654053408e-08,1.0104395042150425e-08,-1.5724719654053408e-08
brinkman_usfem_pkpk_k1,x,tangential,0.0004346181,0.00036505,0.0004346181,3.846363500232773e-09,-1.1139869908042095e-08,3.846363500232773e-09,-1.1139869908042095e-08
brinkman_usfem_pkpk_k1,x,tangential,0.000437017,0.00036505,0.000437017,-2.4116680416848786e-09,-6.555020162030786e-09,-2.4116680416848786e-09,-6.555020162030786e-09
brinkman_usfem_pkpk_k1,x,tangential,0.0004394159,0.00036505,0.0004394159,2.731555221277438e-08,-3.9387132325400726e-08,2.731555221277438e-08,-3.9387132325400726e-08
brinkman_usfem_pkpk_k1,x,tangential,0.0004418148,0.00036505,0.0004418148,8.472373538752327e-08,-1.0100152288060205e-07,8.472373538752327e-08,-1.0100152288060205e-07
brinkman_usfem_pkpk_k1,x,tangential,0.00044421369999999996,0.00036505,0.00044421369999999996,1.4213191856227089e-07,-1.6261591343580203e-07,1.4213191856227089e-07,-1.6261591343580203e-07
brinkman_usfem_pkpk_k1,x,tangential,0.0004466126,0.00036505,0.0004466126,1.9954010173701975e-07,-2.2423030399100333e-07,1.9954010173701975e-07,-2.2423030399100333e-07
brinkman_usfem_pkpk_k1,x,tangential,0.0004490115,0.00036505,0.0004490115,2.858595972676282e-07,-3.5171747817470974e-07,2.858595972676282e-07,-3.5171747817470974e-07
brinkman_usfem_pkpk_k1,x,tangential,0.0004514104,0.00036505,0.0004514104,4.7625981727933927e-07,-7.163466734210527e-07,4.7625981727933927e-07,-7.163466734210527e-07
brinkman_usfem_pkpk_k1,x,tangential,0.0004538093,0.00036505,0.0004538093,6.666600372910504e-07,-1.0809758686673955e-06,6.666600372910504e-07,-1.0809758686673955e-06
brinkman_usfem_pkpk_k1,x,tangential,0.0004562082,0.00036505,0.0004562082,8.570602573027613e-07,-1.4456050639137383e-06,8.570602573027613e-07,-1.4456050639137383e-06
brinkman_usfem_pkpk_k1,x,tangential,0.00045860709999999996,0.00036505,0.00045860709999999996,1.047460477314468e-06,-1.8102342591600728e-06,1.047460477314468e-06,-1.8102342591600728e-06
brinkman_usfem_pkpk_k1,x,tangential,0.00046100599999999997,0.00036505,0.00046100599999999997,8.08997101343684e-07,-1.9848559771265083e-06,8.08997101343684e-07,-1.9848559771265083e-06
brinkman_usfem_pkpk_k1,x,tangential,0.0004634049,0.00036505,0.0004634049,5.062041859755124e-07,-2.1309765735009493e-06,5.062041859755124e-07,-2.1309765735009493e-06
brinkman_usfem_pkpk_k1,x,tangential,0.0004658038,0.00036505,0.0004658038,2.0341127060734093e-07,-2.2770971698753903e-06,2.0341127060734093e-07,-2.2770971698753903e-06
brinkman_usfem_pkpk_k1,x,tangential,0.0004682027,0.00036505,0.0004682027,-9.938164476083058e-08,-2.4232177662498313e-06,-9.938164476083058e-08,-2.4232177662498313e-06
brinkman_usfem_pkpk_k1,x,tangential,0.0004706016,0.00036505,0.0004706016,-1.249049453125088e-07,-2.449793821721215e-06,-1.249049453125088e-07,-2.449793821721215e-06
brinkman_usfem_pkpk_k1,x,tangential,0.0004730005,0.00036505,0.0004730005,1.0373556771759334e-07,-2.3667873813647983e-06,1.0373556771759334e-07,-2.3667873813647983e-06
brinkman_usfem_pkpk_k1,x,tangential,0.00047539939999999997,0.00036505,0.00047539939999999997,3.3237608074769037e-07,-2.2837809410083838e-06,3.3237608074769037e-07,-2.2837809410083838e-06
brinkman_usfem_pkpk_k1,x,tangential,0.0004777983,0.00036505,0.0004777983,5.610165937777923e-07,-2.2007745006519668e-06,5.610165937777923e-07,-2.2007745006519668e-06
brinkman_usfem_pkpk_k1,x,tangential,0.0004801972,0.00036505,0.0004801972,1.001920846013706e-06,-2.046729797283772e-06,1.001920846013706e-06,-2.046729797283772e-06
brinkman_usfem_pkpk_k1,x,tangential,0.0004825961,0.00036505,0.0004825961,2.451077859477328e-06,-1.5552533446095972e-06,2.451077859477328e-06,-1.5552533446095972e-06
brinkman_usfem_pkpk_k1,x,tangential,0.000484995,0.00036505,0.000484995,3.90023487294095e-06,-1.0637768919354221e-06,3.90023487294095e-06,-1.0637768919354221e-06
brinkman_usfem_pkpk_k1,x,tangential,0.0004873939,0.00036505,0.0004873939,5.3493918864045704e-06,-5.723004392612474e-07,5.3493918864045704e-06,-5.723004392612474e-07
brinkman_usfem_pkpk_k1,x,tangential,0.0004897928,0.00036505,0.0004897928,6.7985488998681925e-06,-8.082398658707243e-08,6.7985488998681925e-06,-8.082398658707243e-08
brinkman_usfem_pkpk_k1,x,tangential,0.0004921917,0.00036505,0.0004921917,5.630902203104136e-06,2.4225073058491237e-09,5.630902203104136e-06,2.4225073058491237e-09
brinkman_usfem_pkpk_k1,x,tangential,0.0004945906,0.00036505,0.0004945906,3.912349462081558e-06,-2.7414801834003173e-10,3.912349462081558e-06,-2.7414801834003173e-10
brinkman_usfem_pkpk_k1,x,tangential,0.0004969895,0.00036505,0.0004969895,2.193796721058982e-06,-2.970803342529186e-09,2.193796721058982e-06,-2.970803342529186e-09
brinkman_usfem_pkpk_k1,x,tangential,0.0004993884,0.00036505,0.0004993884,4.752439800364049e-07,-5.66745866671834e-09,4.752439800364049e-07,-5.66745866671834e-09
brinkman_usfem_pkpk_k1,x,tangential,0.0005017873000000001,0.00036505,0.0005017873000000001,-3.2604344553465104e-07,4.479173257862554e-08,-3.2604344553465104e-07,4.479173257862554e-08
brinkman_usfem_pkpk_k1,x,tangential,0.0005041862000000001,0.00036505,0.0005041862000000001,-1.2667779970409315e-07,1.5323912008162994e-07,-1.2667779970409315e-07,1.5323912008162994e-07
brinkman_usfem_pkpk_k1,x,tangential,0.0005065851000000001,0.00036505,0.0005065851000000001,7.268784612646467e-08,2.6168650758463436e-07,7.268784612646467e-08,2.6168650758463436e-07
brinkman_usfem_pkpk_k1,x,tangential,0.0005089840000000001,0.00036505,0.0005089840000000001,2.7205349195702257e-07,3.701338950876388e-07,2.7205349195702257e-07,3.701338950876388e-07
brinkman_usfem_pkpk_k1,x,tangential,0.0005113829000000001,0.00036505,0.0005113829000000001,4.4498477175232646e-07,4.6198331812256125e-07,4.4498477175232646e-07,4.6198331812256125e-07
brinkman_usfem_pkpk_k1,x,tangential,0.0005137818,0.00036505,0.0005137818,4.4168694464606317e-07,4.431796447036824e-07,4.4168694464606317e-07,4.431796447036824e-07
brinkman_usfem_pkpk_k1,x,tangential,0.0005161807,0.00036505,0.0005161807,4.383891175397997e-07,4.243759712848027e-07,4.383891175397997e-07,4.243759712848027e-07
brinkman_usfem_pkpk_k1,x,tangential,0.0005185796,0.00036505,0.0005185796,4.350912904335362e-07,4.0557229786592297e-07,4.350912904335362e-07,4.0557229786592297e-07
brinkman_usfem_pkpk_k1,x,tangential,0.0005209785,0.00036505,0.0005209785,4.3179346332727277e-07,3.867686244470433e-07,4.3179346332727277e-07,3.867686244470433e-07
brinkman_usfem_pkpk_k1,x,tangential,0.0005233774,0.00036505,0.0005233774,3.5348693684383214e-07,3.1382383347035366e-07,3.5348693684383214e-07,3.1382383347035366e-07
brinkman_usfem_pkpk_k1,x,tangential,0.0005257763,0.00036505,0.0005257763,2.5434466053339465e-07,2.2583984317204716e-07,2.5434466053339465e-07,2.2583984317204716e-07
brinkman_usfem_pkpk_k1,x,tangential,0.0005281752,0.00036505,0.0005281752,1.552023842229571e-07,1.3785585287374067e-07,1.552023842229571e-07,1.3785585287374067e-07
brinkman_usfem_pkpk_k1,x,tangential,0.0005305741,0.00036505,0.0005305741,5.60601079125196e-08,4.9871862575434196e-08,5.60601079125196e-08,4.9871862575434196e-08
brinkman_usfem_pkpk_k1,x,tangential,0.0005329730000000001,0.00036505,0.0005329730000000001,1.499117105007617e-11,1.435191988749658e-10,1.499117105007617e-11,1.435191988749658e-10
brinkman_usfem_pkpk_k1,x,tangential,0.0005353719000000001,0.00036505,0.0005353719000000001,-3.818130762106331e-12,1.4751682058620785e-10,-3.818130762106331e-12,1.4751682058620785e-10
brinkman_usfem_pkpk_k1,x,tangential,0.0005377708000000001,0.00036505,0.0005377708000000001,-2.262743257428882e-11,1.5151444229744988e-10,-2.262743257428882e-11,1.5151444229744988e-10
brinkman_usfem_pkpk_k1,x,tangential,0.0005401697000000001,0.00036505,0.0005401697000000001,-4.1436734386471315e-11,1.5551206400869193e-10,-4.1436734386471315e-11,1.5551206400869193e-10
brinkman_usfem_pkpk_k1,x,tangential,0.0005425686,0.00036505,0.0005425686,1.1392978200029729e-10,-1.0189280641374671e-10,1.1392978200029729e-10,-1.0189280641374671e-10
brinkman_usfem_pkpk_k1,x,tangential,0.0005449675,0.00036505,0.0005449675,2.0981423894756093e-09,-3.104023844239184e-09,2.0981423894756093e-09,-3.104023844239184e-09
brinkman_usfem_pkpk_k1,x,tangential,0.0005473664,0.00036505,0.0005473664,4.082354996950918e-09,-6.106154882064618e-09,4.082354996950918e-09,-6.106154882064618e-09
brinkman_usfem_pkpk_k1,x,tangential,0.0005497653,0.00036505,0.0005497653,6.066567604426229e-09,-9.108285919890052e-09,6.066567604426229e-09,-9.108285919890052e-09
brinkman_usfem_pkpk_k1,x,tangential,0.0005521642,0.00036505,0.0005521642,8.050780211901539e-09,-1.211041695771549e-08,8.050780211901539e-09,-1.211041695771549e-08
brinkman_usfem_pkpk_k1,x,tangential,0.0005545631,0.00036505,0.0005545631,2.211477265643437e-06,-1.6338717409543759e-06,2.211477265643437e-06,-1.6338717409543759e-06
brinkman_usfem_pkpk_k1,x,tangential,0.000556962,0.00036505,0.000556962,5.191883376777688e-06,-3.8269598389365865e-06,5.191883376777688e-06,-3.8269598389365865e-06
brinkman_usfem_pkpk_k1,x,tangential,0.0005593609,0.00036505,0.0005593609,8.172289487911938e-06,-6.020047936918796e-06,8.172289487911938e-06,-6.020047936918796e-06
brinkman_usfem_pkpk_k1,x,tangential,0.0005617598000000001,0.00036505,0.0005617598000000001,1.115269559904619e-05,-8.213136034901006e-06,1.115269559904619e-05,-8.213136034901006e-06
brinkman_usfem_pkpk_k1,x,tangential,0.0005641587000000001,0.00036505,0.0005641587000000001,1.4596883346028874e-05,-1.0550918684013574e-05,1.4596883346028874e-05,-1.0550918684013574e-05
brinkman_usfem_pkpk_k1,x,tangential,0.0005665576000000001,0.00036505,0.0005665576000000001,1.8762509193219735e-05,-1.3113781745995289e-05,1.8762509193219735e-05,-1.3113781745995289e-05
brinkman_usfem_pkpk_k1,x,tangential,0.0005689565000000001,0.00036505,0.0005689565000000001,2.2928135040410597e-05,-1.5676644807977005e-05,2.2928135040410597e-05,-1.5676644807977005e-05
brinkman_usfem_pkpk_k1,x,tangential,0.0005713554000000001,0.00036505,0.0005713554000000001,2.709376088760146e-05,-1.823950786995872e-05,2.709376088760146e-05,-1.823950786995872e-05
brinkman_usfem_pkpk_k1,x,tangential,0.0005737543,0.00036505,0.0005737543,3.1076029199827986e-05,-2.069588173015877e-05,3.1076029199827986e-05,-2.069588173015877e-05
brinkman_usfem_pkpk_k1,x,tangential,0.0005761532,0.00036505,0.0005761532,3.102443174284641e-05,-2.0809493151166645e-05,3.102443174284641e-05,-2.0809493151166645e-05
brinkman_usfem_pkpk_k1,x,tangential,0.0005785521,0.00036505,0.0005785521,3.097283428586483e-05,-2.0923104572174524e-05,3.097283428586483e-05,-2.0923104572174524e-05
brinkman_usfem_pkpk_k1,x,tangential,0.000580951,0.00036505,0.000580951,3.092123682888326e-05,-2.1036715993182403e-05,3.092123682888326e-05,-2.1036715993182403e-05
brinkman_usfem_pkpk_k1,x,tangential,0.0005833499,0.00036505,0.0005833499,3.086963937190168e-05,-2.115032741419028e-05,3.086963937190168e-05,-2.115032741419028e-05
brinkman_usfem_pkpk_k1,x,tangential,0.0005857488,0.00036505,0.0005857488,3.0188430036518652e-05,-2.035606363180569e-05,3.0188430036518652e-05,-2.035606363180569e-05
brinkman_usfem_pkpk_k1,x,tangential,0.0005881477,0.00036505,0.0005881477,2.9231765504334944e-05,-1.916460444793685e-05,2.9231765504334944e-05,-1.916460444793685e-05
brinkman_usfem_pkpk_k1,x,tangential,0.0005905466,0.00036505,0.0005905466,2.827510097215124e-05,-1.7973145264068016e-05,2.827510097215124e-05,-1.7973145264068016e-05
brinkman_usfem_pkpk_k1,x,tangential,0.0005929455000000001,0.00036505,0.0005929455000000001,2.7318436439967535e-05,-1.6781686080199177e-05,2.7318436439967535e-05,-1.6781686080199177e-05
brinkman_usfem_pkpk_k1,x,tangential,0.0005953444000000001,0.00036505,0.0005953444000000001,2.643618121149591e-05,-1.546597553095605e-05,2.643618121149591e-05,-1.546597553095605e-05
brinkman_usfem_pkpk_k1,x,tangential,0.0005977433000000001,0.00036505,0.0005977433000000001,2.5693443427484536e-05,-1.3917293671636338e-05,2.5693443427484536e-05,-1.3917293671636338e-05
brinkman_usfem_pkpk_k1,x,tangential,0.0006001422000000001,0.00036505,0.0006001422000000001,2.4950705643473165e-05,-1.2368611812316628e-05,2.4950705643473165e-05,-1.2368611812316628e-05
brinkman_usfem_pkpk_k1,x,tangential,0.0006025411000000001,0.00036505,0.0006025411000000001,2.420796785946179e-05,-1.0819929952996917e-05,2.420796785946179e-05,-1.0819929952996917e-05
brinkman_usfem_pkpk_k1,x,tangential,0.00060494,0.00036505,0.00060494,2.3465230075450455e-05,-9.271248093677305e-06,2.3465230075450455e-05,-9.271248093677305e-06
brinkman_usfem_pkpk_k1,x,tangential,0.0006073389,0.00036505,0.0006073389,2.2603027481494345e-05,-8.086123577726094e-06,2.2603027481494345e-05,-8.086123577726094e-06
brinkman_usfem_pkpk_k1,x,tangential,0.0006097378,0.00036505,0.0006097378,2.1740824887538204e-05,-6.900999061774848e-06,2.1740824887538204e-05,-6.900999061774848e-06
brinkman_usfem_pkpk_k1,x,tangential,0.0006121367,0.00036505,0.0006121367,2.0878622293582067e-05,-5.715874545823603e-06,2.0878622293582067e-05,-5.715874545823603e-06
brinkman_usfem_pkpk_k1,x,tangential,0.0006145356,0.00036505,0.0006145356,2.0016419699625927e-05,-4.530750029872357e-06,2.0016419699625927e-05,-4.530750029872357e-06
brinkman_usfem_pkpk_k1,x,tangential,0.0006169345,0.00036505,0.0006169345,1.8540478610282495e-05,-3.6514040023872887e-06,1.8540478610282495e-05,-3.6514040023872887e-06
brinkman_usfem_pkpk_k1,x,tangential,0.0006193334,0.00036505,0.0006193334,1.6737210323399277e-05,-2.9351398354175375e-06,1.6737210323399277e-05,-2.9351398354175375e-06
brinkman_usfem_pkpk_k1,x,tangential,0.0006217323,0.00036505,0.0006217323,1.4933942036516064e-05,-2.218875668447787e-06,1.4933942036516064e-05,-2.218875668447787e-06
brinkman_usfem_pkpk_k1,x,tangential,0.0006241312000000001,0.00036505,0.0006241312000000001,1.3130673749632846e-05,-1.5026115014780357e-06,1.3130673749632846e-05,-1.5026115014780357e-06
brinkman_usfem_pkpk_k1,x,tangential,0.0006265301000000001,0.00036505,0.0006265301000000001,1.104859069152342e-05,-9.380422583630897e-07,1.104859069152342e-05,-9.380422583630897e-07
brinkman_usfem_pkpk_k1,x,tangential,0.0006289290000000001,0.00036505,0.0006289290000000001,8.329216727754298e-06,-7.202042697733754e-07,8.329216727754298e-06,-7.202042697733754e-07
brinkman_usfem_pkpk_k1,x,tangential,0.0006313279000000001,0.00036505,0.0006313279000000001,5.609842763985178e-06,-5.023662811836613e-07,5.609842763985178e-06,-5.023662811836613e-07
brinkman_usfem_pkpk_k1,x,tangential,0.0006337268000000001,0.00036505,0.0006337268000000001,2.8904688002160574e-06,-2.8452829259394714e-07,2.8904688002160574e-06,-2.8452829259394714e-07
brinkman_usfem_pkpk_k1,x,tangential,0.0006361257,0.00036505,0.0006361257,1.710948364470598e-07,-6.669030400424284e-08,1.710948364470598e-07,-6.669030400424284e-08
brinkman_usfem_pkpk_k1,x,tangential,0.0006385246,0.00036505,0.0006385246,2.086553811545344e-08,-3.797298473742419e-08,2.086553811545344e-08,-3.797298473742419e-08
brinkman_usfem_pkpk_k1,x,tangential,0.0006409235,0.00036505,0.0006409235,-1.2584457241801384e-08,-1.785205953073034e-08,-1.2584457241801384e-08,-1.785205953073034e-08
brinkman_usfem_pkpk_k1,x,tangential,0.0006433224,0.00036505,0.0006433224,-4.6034452599056196e-08,2.268865675963499e-09,-4.6034452599056196e-08,2.268865675963499e-09
brinkman_usfem_pkpk_k1,x,tangential,0.0006457213,0.00036505,0.0006457213,-7.9484447956311e-08,2.2389790882657343e-08,-7.9484447956311e-08,2.2389790882657343e-08
brinkman_usfem_pkpk_k1,x,tangential,0.0006481202,0.00036505,0.0006481202,-3.5317197237788715e-08,1.0401104489008053e-07,-3.5317197237788715e-08,1.0401104489008053e-07
brinkman_usfem_pkpk_k1,x,tangential,0.0006505191,0.00036505,0.0006505191,5.8746854529440276e-08,2.2516822455510753e-07,5.8746854529440276e-08,2.2516822455510753e-07
brinkman_usfem_pkpk_k1,x,tangential,0.000652918,0.00036505,0.000652918,1.5281090629666917e-07,3.4632540422013434e-07,1.5281090629666917e-07,3.4632540422013434e-07
brinkman_usfem_pkpk_k1,x,tangential,0.0006553169000000001,0.00036505,0.0006553169000000001,2.468749580638981e-07,4.674825838851613e-07,2.468749580638981e-07,4.674825838851613e-07
brinkman_usfem_pkpk_k1,x,tangential,0.0006577158000000001,0.00036505,0.0006577158000000001,3.0136623325639253e-07,5.276084119909854e-07,3.0136623325639253e-07,5.276084119909854e-07
brinkman_usfem_pkpk_k1,x,tangential,0.0006601147000000001,0.00036505,0.0006601147000000001,2.4373464148715827e-07,4.1481207734576574e-07,2.4373464148715827e-07,4.1481207734576574e-07
brinkman_usfem_pkpk_k1,x,tangential,0.0006625136000000001,0.00036505,0.0006625136000000001,1.8610304971792395e-07,3.02015742700546e-07,1.8610304971792395e-07,3.02015742700546e-07
brinkman_usfem_pkpk_k1,x,tangential,0.0006649125000000001,0.00036505,0.0006649125000000001,1.284714579486897e-07,1.8921940805532636e-07,1.284714579486897e-07,1.8921940805532636e-07
brinkman_usfem_pkpk_k1,x,tangential,0.0006673114,0.00036505,0.0006673114,7.083986617945799e-08,7.642307341011176e-08,7.083986617945799e-08,7.642307341011176e-08
brinkman_usfem_pkpk_k1,x,tangential,0.0006697103,0.00036505,0.0006697103,8.643726304528909e-08,1.665221868919017e-08,8.643726304528909e-08,1.665221868919017e-08
brinkman_usfem_pkpk_k1,x,tangential,0.0006721092,0.00036505,0.0006721092,1.0900884930493473e-07,-3.8068590324659784e-08,1.0900884930493473e-07,-3.8068590324659784e-08
brinkman_usfem_pkpk_k1,x,tangential,0.0006745081,0.00036505,0.0006745081,1.3158043556458037e-07,-9.278939933850975e-08,1.3158043556458037e-07,-9.278939933850975e-08
brinkman_usfem_pkpk_k1,x,tangential,0.000676907,0.00036505,0.000676907,1.5415202182422602e-07,-1.4751020835235969e-07,1.5415202182422602e-07,-1.4751020835235969e-07
brinkman_usfem_pkpk_k1,x,tangential,0.0006793059,0.00036505,0.0006793059,1.4590257639863353e-07,-1.4900656319197426e-07,1.4590257639863353e-07,-1.4900656319197426e-07
brinkman_usfem_pkpk_k1,x,tangential,0.0006817048,0.00036505,0.0006817048,1.1394464506132212e-07,-1.0956103020525766e-07,1.1394464506132212e-07,-1.0956103020525766e-07
brinkman_usfem_pkpk_k1,x,tangential,0.0006841037000000001,0.00036505,0.0006841037000000001,8.19867137240107e-08,-7.01154972185411e-08,8.19867137240107e-08,-7.01154972185411e-08
brinkman_usfem_pkpk_k1,x,tangential,0.0006865026000000001,0.00036505,0.0006865026000000001,5.002878238669929e-08,-3.066996423182453e-08,5.002878238669929e-08,-3.066996423182453e-08
brinkman_usfem_pkpk_k1,x,tangential,0.0006889015000000001,0.00036505,0.0006889015000000001,2.3198289357773383e-08,-1.3060274725616042e-10,2.3198289357773383e-08,-1.3060274725616042e-10
brinkman_usfem_pkpk_k1,x,tangential,0.0006913004000000001,0.00036505,0.0006913004000000001,1.4826574239033183e-08,-1.653458670416504e-09,1.4826574239033183e-08,-1.653458670416504e-09
brinkman_usfem_pkpk_k1,x,tangential,0.0006936993000000001,0.00036505,0.0006936993000000001,6.454859120292985e-09,-3.176314593576848e-09,6.454859120292985e-09,-3.176314593576848e-09
brinkman_usfem_pkpk_k1,x,tangential,0.0006960982000000001,0.00036505,0.0006960982000000001,-1.9168559984472144e-09,-4.699170516737191e-09,-1.9168559984472144e-09,-4.699170516737191e-09
brinkman_usfem_pkpk_k1,x,tangential,0.0006984971,0.00036505,0.0006984971,-1.0288571117187037e-08,-6.2220264398974665e-09,-1.0288571117187037e-08,-6.2220264398974665e-09
brinkman_usfem_pkpk_k1,x,tangential,0.000700896,0.00036505,0.000700896,-6.0820925638825805e-09,-4.425101050256131e-09,-6.0820925638825805e-09,-4.425101050256131e-09
brinkman_usfem_pkpk_k1,x,tangential,0.0007032949,0.00036505,0.0007032949,1.1115040228482718e-11,-2.1302084636945335e-09,1.1115040228482718e-11,-2.1302084636945335e-09
brinkman_usfem_pkpk_k1,x,tangential,0.0007056938,0.00036505,0.0007056938,6.104322644339545e-09,1.646841228670643e-10,6.104322644339545e-09,1.646841228670643e-10
brinkman_usfem_pkpk_k1,x,tangential,0.0007080927,0.00036505,0.0007080927,1.2197530248450609e-08,2.459576709428662e-09,1.2197530248450609e-08,2.459576709428662e-09
brinkman_usfem_pkpk_k1,x,tangential,0.0007104916,0.00036505,0.0007104916,1.2668370821662577e-08,2.4951721826731896e-09,1.2668370821662577e-08,2.4951721826731896e-09
brinkman_usfem_pkpk_k1,x,tangential,0.0007128905,0.00036505,0.0007128905,7.98537494988416e-09,4.597453020439254e-10,7.98537494988416e-09,4.597453020439254e-10
brinkman_usfem_pkpk_k1,x,tangential,0.0007152894000000001,0.00036505,0.0007152894000000001,3.3023790781057394e-09,-1.5756815785853397e-09,3.3023790781057394e-09,-1.5756815785853397e-09
brinkman_usfem_pkpk_k1,x,tangential,0.0007176883000000001,0.00036505,0.0007176883000000001,-1.38061679367268e-09,-3.6111084592146045e-09,-1.38061679367268e-09,-3.6111084592146045e-09
brinkman_usfem_pkpk_k1,x,tangential,0.0007200872000000001,0.00036505,0.0007200872000000001,-4.717556535434007e-09,-5.080846134005832e-09,-4.717556535434007e-09,-5.080846134005832e-09
brinkman_usfem_pkpk_k1,x,tangential,0.0007224861000000001,0.00036505,0.0007224861000000001,-1.6607296596154272e-09,-3.863560081066915e-09,-1.6607296596154272e-09,-3.863560081066915e-09
brinkman_usfem_pkpk_k1,x,tangential,0.000724885,0.00036505,0.000724885,1.396097216203013e-09,-2.6462740281280524e-09,1.396097216203013e-09,-2.6462740281280524e-09
brinkman_usfem_pkpk_k1,y,flux,5.215e-06,0.00036505,5.215e-06,-1.1712154837025398e-07,-7.076514924968008e-08,-7.076514924968008e-08,-1.1712154837025398e-07
brinkman_usfem_pkpk_k1,y,flux,7.6139e-06,0.00036505,7.6139e-06,-1.3713127156849857e-07,-1.3678122155102298e-07,-1.3678122155102298e-07,-1.3713127156849857e-07
brinkman_usfem_pkpk_k1,y,flux,1.00128e-05,0.00036505,1.00128e-05,-1.5714099476674317e-07,-2.0279729385236588e-07,-2.0279729385236588e-07,-1.5714099476674317e-07
brinkman_usfem_pkpk_k1,y,flux,1.24117e-05,0.00036505,1.24117e-05,9.725239147727995e-08,5.541871339081174e-08,5.541871339081174e-08,9.725239147727995e-08
brinkman_usfem_pkpk_k1,y,flux,1.48106e-05,0.00036505,1.48106e-05,4.0941485339335955e-07,3.8189410580125707e-07,3.8189410580125707e-07,4.0941485339335955e-07
brinkman_usfem_pkpk_k1,y,flux,1.72095e-05,0.00036505,1.72095e-05,7.215773153094389e-07,7.083694982117021e-07,7.083694982117021e-07,7.215773153094389e-07
brinkman_usfem_pkpk_k1,y,flux,1.96084e-05,0.00036505,1.96084e-05,1.0337397772255186e-06,1.0348448906221474e-06,1.0348448906221474e-06,1.0337397772255186e-06
brinkman_usfem_pkpk_k1,y,flux,2.20073e-05,0.00036505,2.20073e-05,1.4670843300055616e-06,1.5545607841856992e-06,1.5545607841856992e-06,1.4670843300055616e-06
brinkman_usfem_pkpk_k1,y,flux,2.44062e-05,0.00036505,2.44062e-05,2.0326275273644747e-06,2.2850844971890047e-06,2.2850844971890047e-06,2.0326275273644747e-06
brinkman_usfem_pkpk_k1,y,flux,2.6805100000000002e-05,0.00036505,2.6805100000000002e-05,2.598170724723388e-06,3.0156082101923107e-06,3.0156082101923107e-06,2.598170724723388e-06
brinkman_usfem_pkpk_k1,y,flux,2.9204e-05,0.00036505,2.9204e-05,3.1637139220823e-06,3.7461319231956154e-06,3.7461319231956154e-06,3.1637139220823e-06
brinkman_usfem_pkpk_k1,y,flux,3.1602899999999995e-05,0.00036505,3.1602899999999995e-05,3.6578622198564477e-06,4.401833849961292e-06,4.401833849961292e-06,3.6578622198564477e-06
brinkman_usfem_pkpk_k1,y,flux,3.4001800000000004e-05,0.00036505,3.4001800000000004e-05,3.6760445203988265e-06,4.558723868476114e-06,4.558723868476114e-06,3.6760445203988265e-06
brinkman_usfem_pkpk_k1,y,flux,3.64007e-05,0.00036505,3.64007e-05,3.6942268209412052e-06,4.715613886990934e-06,4.715613886990934e-06,3.6942268209412052e-06
brinkman_usfem_pkpk_k1,y,flux,3.8799599999999994e-05,0.00036505,3.8799599999999994e-05,3.712409121483584e-06,4.872503905505754e-06,4.872503905505754e-06,3.712409121483584e-06
brinkman_usfem_pkpk_k1,y,flux,4.11985e-05,0.00036505,4.11985e-05,3.7305914220259628e-06,5.029393924020575e-06,5.029393924020575e-06,3.7305914220259628e-06
brinkman_usfem_pkpk_k1,y,flux,4.35974e-05,0.00036505,4.35974e-05,3.3453596766820695e-06,4.613889358133081e-06,4.613889358133081e-06,3.3453596766820695e-06
brinkman_usfem_pkpk_k1,y,flux,4.5996300000000005e-05,0.00036505,4.5996300000000005e-05,2.8480684741475426e-06,4.0393862965782746e-06,4.0393862965782746e-06,2.8480684741475426e-06
brinkman_usfem_pkpk_k1,y,flux,4.83952e-05,0.00036505,4.83952e-05,2.3507772716130183e-06,3.464883235023471e-06,3.464883235023471e-06,2.3507772716130183e-06
brinkman_usfem_pkpk_k1,y,flux,5.0794099999999995e-05,0.00036505,5.0794099999999995e-05,1.853486069078494e-06,2.890380173468668e-06,2.890380173468668e-06,1.853486069078494e-06
brinkman_usfem_pkpk_k1,y,flux,5.3193000000000004e-05,0.00036505,5.3193000000000004e-05,1.4157711589747349e-06,2.309698537542935e-06,2.309698537542935e-06,1.4157711589747349e-06
brinkman_usfem_pkpk_k1,y,flux,5.55919e-05,0.00036505,5.55919e-05,1.0555054290309734e-06,1.720984754934998e-06,1.720984754934998e-06,1.0555054290309734e-06
brinkman_usfem_pkpk_k1,y,flux,5.7990799999999994e-05,0.00036505,5.7990799999999994e-05,6.952396990872121e-07,1.1322709723270611e-06,1.1322709723270611e-06,6.952396990872121e-07
brinkman_usfem_pkpk_k1,y,flux,6.03897e-05,0.00036505,6.03897e-05,3.3497396914344883e-07,5.435571897191207e-07,5.435571897191207e-07,3.3497396914344883e-07
brinkman_usfem_pkpk_k1,y,flux,6.27886e-05,0.00036505,6.27886e-05,5.7295758542711565e-09,5.97987652737046e-09,5.97987652737046e-09,5.7295758542711565e-09
brinkman_usfem_pkpk_k1,y,flux,6.51875e-05,0.00036505,6.51875e-05,2.209217438237839e-09,5.335492205607281e-09,5.335492205607281e-09,2.209217438237839e-09
brinkman_usfem_pkpk_k1,y,flux,6.75864e-05,0.00036505,6.75864e-05,-1.3111409777954587e-09,4.691107883844106e-09,4.691107883844106e-09,-1.3111409777954587e-09
brinkman_usfem_pkpk_k1,y,flux,6.99853e-05,0.00036505,6.99853e-05,-4.831499393828756e-09,4.04672356208093e-09,4.04672356208093e-09,-4.831499393828756e-09
brinkman_usfem_pkpk_k1,y,flux,7.238419999999999e-05,0.00036505,7.238419999999999e-05,-8.351857809862053e-09,3.402339240317755e-09,3.402339240317755e-09,-8.351857809862053e-09
brinkman_usfem_pkpk_k1,y,flux,7.47831e-05,0.00036505,7.47831e-05,-1.0898682114173627e-07,-2.561266471784393e-07,-2.561266471784393e-07,-1.0898682114173627e-07
brinkman_usfem_pkpk_k1,y,flux,7.7182e-05,0.00036505,7.7182e-05,-2.438975273850845e-07,-6.070266696314317e-07,-6.070266696314317e-07,-2.438975273850845e-07
brinkman_usfem_pkpk_k1,y,flux,7.95809e-05,0.00036505,7.95809e-05,-3.7880823362843337e-07,-9.579266920844257e-07,-9.579266920844257e-07,-3.7880823362843337e-07
brinkman_usfem_pkpk_k1,y,flux,8.19798e-05,0.00036505,8.19798e-05,-5.137189398717815e-07,-1.3088267145374178e-06,-1.3088267145374178e-06,-5.137189398717815e-07
brinkman_usfem_pkpk_k1,y,flux,8.437869999999999e-05,0.00036505,8.437869999999999e-05,-5.84823295381165e-07,-1.5767816692989147e-06,-1.5767816692989147e-06,-5.84823295381165e-07
brinkman_usfem_pkpk_k1,y,flux,8.67776e-05,0.00036505,8.67776e-05,-5.566733275266015e-07,-1.7157109632069731e-06,-1.7157109632069731e-06,-5.566733275266015e-07
brinkman_usfem_pkpk_k1,y,flux,8.91765e-05,0.00036505,8.91765e-05,-5.28523359672038e-07,-1.8546402571150305e-06,-1.8546402571150305e-06,-5.28523359672038e-07
brinkman_usfem_pkpk_k1,y,flux,9.15754e-05,0.00036505,9.15754e-05,-5.003733918174744e-07,-1.993569551023089e-06,-1.993569551023089e-06,-5.003733918174744e-07
brinkman_usfem_pkpk_k1,y,flux,9.39743e-05,0.00036505,9.39743e-05,-4.66729559435457e-07,-2.1068118472484917e-06,-2.1068118472484917e-06,-4.66729559435457e-07
brinkman_usfem_pkpk_k1,y,flux,9.63732e-05,0.00036505,9.63732e-05,-3.122207074494462e-07,-1.6549401944554692e-06,-1.6549401944554692e-06,-3.122207074494462e-07
brinkman_usfem_pkpk_k1,y,flux,9.87721e-05,0.00036505,9.87721e-05,-1.5771185546343468e-07,-1.2030685416624449e-06,-1.2030685416624449e-06,-1.5771185546343468e-07
brinkman_usfem_pkpk_k1,y,flux,0.000101171,0.00036505,0.000101171,-3.2030034774240988e-09,-7.51196888869423e-07,-7.51196888869423e-07,-3.2030034774240988e-09
brinkman_usfem_pkpk_k1,y,flux,0.00010356989999999999,0.00036505,0.00010356989999999999,1.5130584850858658e-07,-2.9932523607640115e-07,-2.9932523607640115e-07,1.5130584850858658e-07
brinkman_usfem_pkpk_k1,y,flux,0.0001059688,0.00036505,0.0001059688,2.14852431522534e-07,-1.2553553008570852e-07,-1.2553553008570852e-07,2.14852431522534e-07
brinkman_usfem_pkpk_k1,y,flux,0.0001083677,0.00036505,0.0001083677,2.3860302186120183e-07,-7.340667582104033e-08,-7.340667582104033e-08,2.3860302186120183e-07
brinkman_usfem_pkpk_k1,y,flux,0.00011076659999999999,0.00036505,0.00011076659999999999,2.6235361219986964e-07,-2.127782155637212e-08,-2.127782155637212e-08,2.6235361219986964e-07
brinkman_usfem_pkpk_k1,y,flux,0.0001131655,0.00036505,0.0001131655,2.861042025385376e-07,3.085103270829637e-08,3.085103270829637e-08,2.861042025385376e-07
brinkman_usfem_pkpk_k1,y,flux,0.0001155644,0.00036505,0.0001155644,4.2783218422472416e-07,2.443784216207464e-07,2.443784216207464e-07,4.2783218422472416e-07
brinkman_usfem_pkpk_k1,y,flux,0.0001179633,0.00036505,0.0001179633,7.907677746875159e-07,7.605280629977984e-07,7.605280629977984e-07,7.907677746875159e-07
brinkman_usfem_pkpk_k1,y,flux,0.0001203622,0.00036505,0.0001203622,1.1537033651503057e-06,1.2766777043748474e-06,1.2766777043748474e-06,1.1537033651503057e-06
brinkman_usfem_pkpk_k1,y,flux,0.0001227611,0.00036505,0.0001227611,1.5166389556130958e-06,1.792827345751897e-06,1.792827345751897e-06,1.5166389556130958e-06
brinkman_usfem_pkpk_k1,y,flux,0.00012516,0.00036505,0.00012516,1.8795745460758875e-06,2.3089769871289492e-06,2.3089769871289492e-06,1.8795745460758875e-06
brinkman_usfem_pkpk_k1,y,flux,0.0001275589,0.00036505,0.0001275589,2.115647663229582e-06,3.345489987976741e-06,3.345489987976741e-06,2.115647663229582e-06
brinkman_usfem_pkpk_k1,y,flux,0.00012995780000000002,0.00036505,0.00012995780000000002,2.351720780383277e-06,4.382002988824539e-06,4.382002988824539e-06,2.351720780383277e-06
brinkman_usfem_pkpk_k1,y,flux,0.0001323567,0.00036505,0.0001323567,2.58779389753697e-06,5.418515989672327e-06,5.418515989672327e-06,2.58779389753697e-06
brinkman_usfem_pkpk_k1,y,flux,0.0001347556,0.00036505,0.0001347556,2.8238670146906653e-06,6.455028990520124e-06,6.455028990520124e-06,2.8238670146906653e-06
brinkman_usfem_pkpk_k1,y,flux,0.00013715450000000002,0.00036505,0.00013715450000000002,2.7366037088668638e-06,6.145298013098698e-06,6.145298013098698e-06,2.7366037088668638e-06
brinkman_usfem_pkpk_k1,y,flux,0.0001395534,0.00036505,0.0001395534,2.476894310788403e-06,5.1175702472670366e-06,5.1175702472670366e-06,2.476894310788403e-06
brinkman_usfem_pkpk_k1,y,flux,0.0001419523,0.00036505,0.0001419523,2.217184912709939e-06,4.089842481435365e-06,4.089842481435365e-06,2.217184912709939e-06
brinkman_usfem_pkpk_k1,y,flux,0.00014435120000000001,0.00036505,0.00014435120000000001,1.957475514631475e-06,3.062114715603693e-06,3.062114715603693e-06,1.957475514631475e-06
brinkman_usfem_pkpk_k1,y,flux,0.00014675010000000002,0.00036505,0.00014675010000000002,1.6526342714938183e-06,2.175995585589045e-06,2.175995585589045e-06,1.6526342714938183e-06
brinkman_usfem_pkpk_k1,y,flux,0.000149149,0.00036505,0.000149149,1.2446345253637315e-06,1.6135533374418881e-06,1.6135533374418881e-06,1.2446345253637315e-06
brinkman_usfem_pkpk_k1,y,flux,0.0001515479,0.00036505,0.0001515479,8.366347792336397e-07,1.0511110892947246e-06,1.0511110892947246e-06,8.366347792336397e-07
brinkman_usfem_pkpk_k1,y,flux,0.00015394680000000002,0.00036505,0.00015394680000000002,4.286350331035479e-07,4.886688411475611e-07,4.886688411475611e-07,4.286350331035479e-07
brinkman_usfem_pkpk_k1,y,flux,0.0001563457,0.00036505,0.0001563457,2.063528697346074e-08,-7.377340699959597e-08,-7.377340699959597e-08,2.063528697346074e-08
brinkman_usfem_pkpk_k1,y,flux,0.0001587446,0.00036505,0.0001587446,8.875998371590891e-08,-8.614750287075244e-08,-8.614750287075244e-08,8.875998371590891e-08
brinkman_usfem_pkpk_k1,y,flux,0.00016114350000000002,0.00036505,0.00016114350000000002,1.7852670058892718e-07,-7.351850091118228e-08,-7.351850091118228e-08,1.7852670058892718e-07
brinkman_usfem_pkpk_k1,y,flux,0.0001635424,0.00036505,0.0001635424,2.6829341746194444e-07,-6.088949895161227e-08,-6.088949895161227e-08,2.6829341746194444e-07
brinkman_usfem_pkpk_k1,y,flux,0.0001659413,0.00036505,0.0001659413,3.5806013433496265e-07,-4.826049699204211e-08,-4.826049699204211e-08,3.5806013433496265e-07
brinkman_usfem_pkpk_k1,y,flux,0.00016834020000000002,0.00036505,0.00016834020000000002,4.0207866128079743e-07,-3.8461943435171557e-08,-3.8461943435171557e-08,4.0207866128079743e-07
brinkman_usfem_pkpk_k1,y,flux,0.0001707391,0.00036505,0.0001707391,4.1668763755915627e-07,-3.0482963851465266e-08,-3.0482963851465266e-08,4.1668763755915627e-07
brinkman_usfem_pkpk_k1,y,flux,0.000173138,0.00036505,0.000173138,4.312966138375152e-07,-2.2503984267758896e-08,-2.2503984267758896e-08,4.312966138375152e-07
brinkman_usfem_pkpk_k1,y,flux,0.00017553690000000002,0.00036505,0.00017553690000000002,4.4590559011587426e-07,-1.4525004684052521e-08,-1.4525004684052521e-08,4.4590559011587426e-07
brinkman_usfem_pkpk_k1,y,flux,0.00017793580000000003,0.00036505,0.00017793580000000003,3.9707014561536837e-07,-4.288220263806594e-08,-4.288220263806594e-08,3.9707014561536837e-07
brinkman_usfem_pkpk_k1,y,flux,0.0001803347,0.00036505,0.0001803347,1.6847550890808665e-07,-1.7419190361561425e-07,-1.7419190361561425e-07,1.6847550890808665e-07
brinkman_usfem_pkpk_k1,y,flux,0.00018273360000000002,0.00036505,0.00018273360000000002,-6.011912779919783e-08,-3.055016045931642e-07,-3.055016045931642e-07,-6.011912779919783e-08
brinkman_usfem_pkpk_k1,y,flux,0.00018513250000000002,0.00036505,0.00018513250000000002,-2.8871376450648234e-07,-4.3681130557071405e-07,-4.3681130557071405e-07,-2.8871376450648234e-07
brinkman_usfem_pkpk_k1,y,flux,0.0001875314,0.00036505,0.0001875314,-5.173084012137642e-07,-5.681210065482624e-07,-5.681210065482624e-07,-5.173084012137642e-07
brinkman_usfem_pkpk_k1,y,flux,0.0001899303,0.00036505,0.0001899303,1.3564562387066547e-06,1.3197276870495809e-06,1.3197276870495809e-06,1.3564562387066547e-06
brinkman_usfem_pkpk_k1,y,flux,0.00019232920000000002,0.00036505,0.00019232920000000002,3.4304455716392202e-06,3.3998771801307794e-06,3.3998771801307794e-06,3.4304455716392202e-06
brinkman_usfem_pkpk_k1,y,flux,0.0001947281,0.00036505,0.0001947281,5.504434904571761e-06,5.480026673211954e-06,5.480026673211954e-06,5.504434904571761e-06
brinkman_usfem_pkpk_k1,y,flux,0.000197127,0.00036505,0.000197127,7.5784242375043275e-06,7.560176166293152e-06,7.560176166293152e-06,7.5784242375043275e-06
brinkman_usfem_pkpk_k1,y,flux,0.00019952590000000002,0.00036505,0.00019952590000000002,9.818960939639562e-06,8.291095757453344e-06,8.291095757453344e-06,9.818960939639562e-06
brinkman_usfem_pkpk_k1,y,flux,0.0002019248,0.00036505,0.0002019248,1.2187611002699885e-05,7.984146193289701e-06,7.984146193289701e-06,1.2187611002699885e-05
brinkman_usfem_pkpk_k1,y,flux,0.0002043237,0.00036505,0.0002043237,1.4556261065760233e-05,7.677196629126057e-06,7.677196629126057e-06,1.4556261065760233e-05
brinkman_usfem_pkpk_k1,y,flux,0.00020672260000000002,0.00036505,0.00020672260000000002,1.6924911128820584e-05,7.370247064962411e-06,7.370247064962411e-06,1.6924911128820584e-05
brinkman_usfem_pkpk_k1,y,flux,0.0002091215,0.00036505,0.0002091215,1.910099041901854e-05,7.113550323639781e-06,7.113550323639781e-06,1.910099041901854e-05
brinkman_usfem_pkpk_k1,y,flux,0.0002115204,0.00036505,0.0002115204,2.0583814926912104e-05,7.037763744544784e-06,7.037763744544784e-06,2.0583814926912104e-05
brinkman_usfem_pkpk_k1,y,flux,0.00021391930000000002,0.00036505,0.00021391930000000002,2.206663943480567e-05,6.961977165449788e-06,6.961977165449788e-06,2.206663943480567e-05
brinkman_usfem_pkpk_k1,y,flux,0.0002163182,0.00036505,0.0002163182,2.3549463942699218e-05,6.886190586354791e-06,6.886190586354791e-06,2.3549463942699218e-05
brinkman_usfem_pkpk_k1,y,flux,0.0002187171,0.00036505,0.0002187171,2.503228845059278e-05,6.810404007259794e-06,6.810404007259794e-06,2.503228845059278e-05
brinkman_usfem_pkpk_k1,y,flux,0.00022111600000000002,0.00036505,0.00022111600000000002,2.5779082450416423e-05,7.48356913095584e-06,7.48356913095584e-06,2.5779082450416423e-05
brinkman_usfem_pkpk_k1,y,flux,0.00022351490000000002,0.00036505,0.00022351490000000002,2.641547187402957e-05,8.269077010070536e-06,8.269077010070536e-06,2.641547187402957e-05
brinkman_usfem_pkpk_k1,y,flux,0.0002259138,0.00036505,0.0002259138,2.705186129764271e-05,9.054584889185226e-06,9.054584889185226e-06,2.705186129764271e-05
brinkman_usfem_pkpk_k1,y,flux,0.00022831270000000001,0.00036505,0.00022831270000000001,2.7688250721255856e-05,9.840092768299923e-06,9.840092768299923e-06,2.7688250721255856e-05
brinkman_usfem_pkpk_k1,y,flux,0.00023071160000000002,0.00036505,0.00023071160000000002,2.8110933010380916e-05,1.0477408652885856e-05,1.0477408652885856e-05,2.8110933010380916e-05
brinkman_usfem_pkpk_k1,y,flux,0.0002331105,0.00036505,0.0002331105,2.8337717092891896e-05,1.0978881875820415e-05,1.0978881875820415e-05,2.8337717092891896e-05
brinkman_usfem_pkpk_k1,y,flux,0.0002355094,0.00036505,0.0002355094,2.8564501175402875e-05,1.148035509875498e-05,1.148035509875498e-05,2.8564501175402875e-05
brinkman_usfem_pkpk_k1,y,flux,0.00023790830000000002,0.00036505,0.00023790830000000002,2.8791285257913854e-05,1.1981828321689541e-05,1.1981828321689541e-05,2.8791285257913854e-05
brinkman_usfem_pkpk_k1,y,flux,0.0002403072,0.00036505,0.0002403072,2.9055662874509405e-05,1.2302846183526198e-05,1.2302846183526198e-05,2.9055662874509405e-05
brinkman_usfem_pkpk_k1,y,flux,0.0002427061,0.00036505,0.0002427061,2.949860977800667e-05,1.1766701080147817e-05,1.1766701080147817e-05,2.949860977800667e-05
brinkman_usfem_pkpk_k1,y,flux,0.000245105,0.00036505,0.000245105,2.9941556681503937e-05,1.1230555976769435e-05,1.1230555976769435e-05,2.9941556681503937e-05
brinkman_usfem_pkpk_k1,y,flux,0.0002475039,0.00036505,0.0002475039,3.0384503585001196e-05,1.0694410873391067e-05,1.0694410873391067e-05,3.0384503585001196e-05
brinkman_usfem_pkpk_k1,y,flux,0.0002499028,0.00036505,0.0002499028,3.082745048849846e-05,1.0158265770012685e-05,1.0158265770012685e-05,3.082745048849846e-05
brinkman_usfem_pkpk_k1,y,flux,0.0002523017,0.00036505,0.0002523017,3.1527379203453074e-05,8.778988039533188e-06,8.778988039533188e-06,3.1527379203453074e-05
brinkman_usfem_pkpk_k1,y,flux,0.0002547006,0.00036505,0.0002547006,3.228140935239871e-05,7.2222087033481805e-06,7.2222087033481805e-06,3.228140935239871e-05
brinkman_usfem_pkpk_k1,y,flux,0.0002570995,0.00036505,0.0002570995,3.303543950134435e-05,5.665429367163173e-06,5.665429367163173e-06,3.303543950134435e-05
brinkman_usfem_pkpk_k1,y,flux,0.00025949839999999996,0.00036505,0.00025949839999999996,3.3789469650289976e-05,4.1086500309782e-06,4.1086500309782e-06,3.3789469650289976e-05
brinkman_usfem_pkpk_k1,y,flux,0.00026189729999999997,0.00036505,0.00026189729999999997,3.448198620371311e-05,2.402461815990303e-06,2.402461815990303e-06,3.448198620371311e-05
brinkman_usfem_pkpk_k1,y,flux,0.0002642962,0.00036505,0.0002642962,3.510739701656624e-05,5.332820968538172e-07,5.332820968538172e-07,3.510739701656624e-05
brinkman_usfem_pkpk_k1,y,flux,0.0002666951,0.00036505,0.0002666951,3.5732807829419355e-05,-1.3358976222826698e-06,-1.3358976222826698e-06,3.5732807829419355e-05
brinkman_usfem_pkpk_k1,y,flux,0.000269094,0.00036505,0.000269094,3.635821864227247e-05,-3.2050773414191563e-06,-3.2050773414191563e-06,3.635821864227247e-05
brinkman_usfem_pkpk_k1,y,flux,0.0002714929,0.00036505,0.0002714929,3.687406926910972e-05,-4.932166461911675e-06,-4.932166461911675e-06,3.687406926910972e-05
brinkman_usfem_pkpk_k1,y,flux,0.00027389179999999996,0.00036505,0.00027389179999999996,3.6659518655841266e-05,-5.711984924777877e-06,-5.711984924777877e-06,3.6659518655841266e-05
brinkman_usfem_pkpk_k1,y,flux,0.00027629069999999997,0.00036505,0.00027629069999999997,3.644496804257279e-05,-6.491803387644095e-06,-6.491803387644095e-06,3.644496804257279e-05
brinkman_usfem_pkpk_k1,y,flux,0.0002786896,0.00036505,0.0002786896,3.623041742930432e-05,-7.271621850510314e-06,-7.271621850510314e-06,3.623041742930432e-05
brinkman_usfem_pkpk_k1,y,flux,0.0002810885,0.00036505,0.0002810885,3.601586681603586e-05,-8.051440313376532e-06,-8.051440313376532e-06,3.601586681603586e-05
brinkman_usfem_pkpk_k1,y,flux,0.0002834874,0.00036505,0.0002834874,3.5197578216551816e-05,-7.546994309690883e-06,-7.546994309690883e-06,3.5197578216551816e-05
brinkman_usfem_pkpk_k1,y,flux,0.0002858863,0.00036505,0.0002858863,3.4211584620896766e-05,-6.68580817640747e-06,-6.68580817640747e-06,3.4211584620896766e-05
brinkman_usfem_pkpk_k1,y,flux,0.0002882852,0.00036505,0.0002882852,3.3225591025241715e-05,-5.824622043124057e-06,-5.824622043124057e-06,3.3225591025241715e-05
brinkman_usfem_pkpk_k1,y,flux,0.00029068409999999996,0.00036505,0.00029068409999999996,3.2239597429586685e-05,-4.9634359098406644e-06,-4.9634359098406644e-06,3.2239597429586685e-05
brinkman_usfem_pkpk_k1,y,flux,0.00029308299999999997,0.00036505,0.00029308299999999997,3.137086513966393e-05,-4.0520306360741765e-06,-4.0520306360741765e-06,3.137086513966393e-05
brinkman_usfem_pkpk_k1,y,flux,0.0002954819,0.00036505,0.0002954819,3.065457254719318e-05,-3.0753404796797003e-06,-3.0753404796797003e-06,3.065457254719318e-05
brinkman_usfem_pkpk_k1,y,flux,0.0002978808,0.00036505,0.0002978808,2.9938279954722423e-05,-2.0986503232852238e-06,-2.0986503232852238e-06,2.9938279954722423e-05
brinkman_usfem_pkpk_k1,y,flux,0.0003002797,0.00036505,0.0003002797,2.9221987362251672e-05,-1.1219601668907476e-06,-1.1219601668907476e-06,2.9221987362251672e-05
brinkman_usfem_pkpk_k1,y,flux,0.0003026786,0.00036505,0.0003026786,2.8602693781830967e-05,-1.9152618128476124e-07,-1.9152618128476124e-07,2.8602693781830967e-05
brinkman_usfem_pkpk_k1,y,flux,0.00030507749999999996,0.00036505,0.00030507749999999996,2.9001889827935655e-05,2.5321801104218094e-07,2.5321801104218094e-07,2.9001889827935655e-05
brinkman_usfem_pkpk_k1,y,flux,0.00030747639999999997,0.00036505,0.00030747639999999997,2.940108587404034e-05,6.979622033691325e-07,6.979622033691325e-07,2.940108587404034e-05
brinkman_usfem_pkpk_k1,y,flux,0.0003098753,0.00036505,0.0003098753,2.980028192014503e-05,1.1427063956960846e-06,1.1427063956960846e-06,2.980028192014503e-05
brinkman_usfem_pkpk_k1,y,flux,0.0003122742,0.00036505,0.0003122742,3.0199477966249726e-05,1.5874505880230365e-06,1.5874505880230365e-06,3.0199477966249726e-05
brinkman_usfem_pkpk_k1,y,flux,0.0003146731,0.00036505,0.0003146731,3.188425913223729e-05,2.0915402997332654e-06,2.0915402997332654e-06,3.188425913223729e-05
brinkman_usfem_pkpk_k1,y,flux,0.000317072,0.00036505,0.000317072,3.4022776222889405e-05,2.616575488872882e-06,2.616575488872882e-06,3.4022776222889405e-05
brinkman_usfem_pkpk_k1,y,flux,0.0003194709,0.00036505,0.0003194709,3.616129331354153e-05,3.141610678012499e-06,3.141610678012499e-06,3.616129331354153e-05
brinkman_usfem_pkpk_k1,y,flux,0.00032186979999999997,0.00036505,0.00032186979999999997,3.8299810404193595e-05,3.666645867152103e-06,3.666645867152103e-06,3.8299810404193595e-05
brinkman_usfem_pkpk_k1,y,flux,0.0003242687,0.00036505,0.0003242687,4.0436570420348045e-05,3.827624847064194e-06,3.827624847064194e-06,4.0436570420348045e-05
brinkman_usfem_pkpk_k1,y,flux,0.0003266676,0.00036505,0.0003266676,4.2570597209506166e-05,3.422294168177908e-06,3.422294168177908e-06,4.2570597209506166e-05
brinkman_usfem_pkpk_k1,y,flux,0.0003290665,0.00036505,0.0003290665,4.470462399866429e-05,3.0169634892916225e-06,3.0169634892916225e-06,4.470462399866429e-05
brinkman_usfem_pkpk_k1,y,flux,0.0003314654,0.00036505,0.0003314654,4.683865078782241e-05,2.6116328104053374e-06,2.6116328104053374e-06,4.683865078782241e-05
brinkman_usfem_pkpk_k1,y,flux,0.0003338643,0.00036505,0.0003338643,4.889177024795775e-05,2.281511960385047e-06,2.281511960385047e-06,4.889177024795775e-05
brinkman_usfem_pkpk_k1,y,flux,0.00033626319999999996,0.00036505,0.00033626319999999996,4.916492846959225e-05,3.60600734541655e-06,3.60600734541655e-06,4.916492846959225e-05
brinkman_usfem_pkpk_k1,y,flux,0.00033866209999999997,0.00036505,0.00033866209999999997,4.943808669122676e-05,4.930502730448084e-06,4.930502730448084e-06,4.943808669122676e-05
brinkman_usfem_pkpk_k1,y,flux,0.000341061,0.00036505,0.000341061,4.971124491286127e-05,6.254998115479618e-06,6.254998115479618e-06,4.971124491286127e-05
brinkman_usfem_pkpk_k1,y,flux,0.0003434599,0.00036505,0.0003434599,4.998440313449578e-05,7.579493500511151e-06,7.579493500511151e-06,4.998440313449578e-05
brinkman_usfem_pkpk_k1,y,flux,0.0003458588,0.00036505,0.0003458588,4.746641503722275e-05,8.504193866787114e-06,8.504193866787114e-06,4.746641503722275e-05
brinkman_usfem_pkpk_k1,y,flux,0.0003482577,0.00036505,0.0003482577,4.372730042542764e-05,9.253983912357497e-06,9.253983912357497e-06,4.372730042542764e-05
brinkman_usfem_pkpk_k1,y,flux,0.0003506566,0.00036505,0.0003506566,3.998818581363254e-05,1.0003773957927878e-05,1.0003773957927878e-05,3.998818581363254e-05
brinkman_usfem_pkpk_k1,y,flux,0.00035305549999999997,0.00036505,0.00035305549999999997,3.6249071201837515e-05,1.0753564003498246e-05,1.0753564003498246e-05,3.6249071201837515e-05
brinkman_usfem_pkpk_k1,y,flux,0.0003554544,0.00036505,0.0003554544,3.2623187885584446e-05,1.0325690038874629e-05,1.0325690038874629e-05,3.2623187885584446e-05
brinkman_usfem_pkpk_k1,y,flux,0.0003578533,0.00036505,0.0003578533,2.920961324847264e-05,7.689696055137218e-06,7.689696055137218e-06,2.920961324847264e-05
brinkman_usfem_pkpk_k1,y,flux,0.0003602522,0.00036505,0.0003602522,2.5796038611360835e-05,5.053702071399807e-06,5.053702071399807e-06,2.5796038611360835e-05
brinkman_usfem_pkpk_k1,y,flux,0.0003626511,0.00036505,0.0003626511,2.2382463974249026e-05,2.4177080876623962e-06,2.4177080876623962e-06,2.2382463974249026e-05
brinkman_usfem_pkpk_k1,y,flux,0.00036505,0.00036505,0.00036505,1.896888933713721e-05,-2.1828589607503457e-07,-2.1828589607503457e-07,1.896888933713721e-05
brinkman_usfem_pkpk_k1,y,flux,0.00036744889999999996,0.00036505,0.00036744889999999996,1.7802357863775715e-05,-2.924840708866435e-06,-2.924840708866435e-06,1.7802357863775715e-05
brinkman_usfem_pkpk_k1,y,flux,0.00036984779999999997,0.00036505,0.00036984779999999997,1.6635826390414194e-05,-5.6313955216578966e-06,-5.6313955216578966e-06,1.6635826390414194e-05
brinkman_usfem_pkpk_k1,y,flux,0.0003722467,0.00036505,0.0003722467,1.5469294917052673e-05,-8.337950334449357e-06,-8.337950334449357e-06,1.5469294917052673e-05
brinkman_usfem_pkpk_k1,y,flux,0.0003746456,0.00036505,0.0003746456,1.430276344369115e-05,-1.1044505147240817e-05,-1.1044505147240817e-05,1.430276344369115e-05
brinkman_usfem_pkpk_k1,y,flux,0.0003770445,0.00036505,0.0003770445,1.2911291469237132e-05,-1.2790671077879757e-05,-1.2790671077879757e-05,1.2911291469237132e-05
brinkman_usfem_pkpk_k1,y,flux,0.0003794434,0.00036505,0.0003794434,1.1399851227533773e-05,-1.4024629604704067e-05,-1.4024629604704067e-05,1.1399851227533773e-05
brinkman_usfem_pkpk_k1,y,flux,0.00038184229999999996,0.00036505,0.00038184229999999996,9.888410985830448e-06,-1.5258588131528352e-05,-1.5258588131528352e-05,9.888410985830448e-06
brinkman_usfem_pkpk_k1,y,flux,0.00038424119999999997,0.00036505,0.00038424119999999997,8.37697074412709e-06,-1.6492546658352663e-05,-1.6492546658352663e-05,8.37697074412709e-06
brinkman_usfem_pkpk_k1,y,flux,0.0003866401,0.00036505,0.0003866401,6.9016673542742e-06,-1.7088605099118946e-05,-1.7088605099118946e-05,6.9016673542742e-06
brinkman_usfem_pkpk_k1,y,flux,0.000389039,0.00036505,0.000389039,5.5089624829366695e-06,-1.622660620032397e-05,-1.622660620032397e-05,5.5089624829366695e-06
brinkman_usfem_pkpk_k1,y,flux,0.0003914379,0.00036505,0.0003914379,4.116257611599139e-06,-1.5364607301528995e-05,-1.5364607301528995e-05,4.116257611599139e-06
brinkman_usfem_pkpk_k1,y,flux,0.0003938368,0.00036505,0.0003938368,2.7235527402616084e-06,-1.4502608402734021e-05,-1.4502608402734021e-05,2.7235527402616084e-06
brinkman_usfem_pkpk_k1,y,flux,0.0003962357,0.00036505,0.0003962357,1.3308478689240774e-06,-1.3640609503939046e-05,-1.3640609503939046e-05,1.3308478689240774e-06
brinkman_usfem_pkpk_k1,y,flux,0.00039863459999999997,0.00036505,0.00039863459999999997,6.884515790482486e-07,-1.1302138996274684e-05,-1.1302138996274684e-05,6.884515790482486e-07
brinkman_usfem_pkpk_k1,y,flux,0.0004010335,0.00036505,0.0004010335,8.016022469338369e-08,-8.896556142752524e-06,-8.896556142752524e-06,8.016022469338369e-08
brinkman_usfem_pkpk_k1,y,flux,0.0004034324,0.00036505,0.0004034324,-5.281311296614813e-07,-6.490973289230366e-06,-6.490973289230366e-06,-5.281311296614813e-07
brinkman_usfem_pkpk_k1,y,flux,0.0004058313,0.00036505,0.0004058313,-1.1364224840163461e-06,-4.085390435708207e-06,-4.085390435708207e-06,-1.1364224840163461e-06
brinkman_usfem_pkpk_k1,y,flux,0.0004082302,0.00036505,0.0004082302,-1.1794478410923991e-06,-2.7038053976488927e-06,-2.7038053976488927e-06,-1.1794478410923991e-06
brinkman_usfem_pkpk_k1,y,flux,0.0004106291,0.00036505,0.0004106291,-8.590879142034818e-07,-1.9805046695299972e-06,-1.9805046695299972e-06,-8.590879142034818e-07
brinkman_usfem_pkpk_k1,y,flux,0.00041302799999999996,0.00036505,0.00041302799999999996,-5.387279873145718e-07,-1.2572039414111185e-06,-1.2572039414111185e-06,-5.387279873145718e-07
brinkman_usfem_pkpk_k1,y,flux,0.00041542689999999997,0.00036505,0.00041542689999999997,-2.1836806042565462e-07,-5.339032132922234e-07,-5.339032132922234e-07,-2.1836806042565462e-07
brinkman_usfem_pkpk_k1,y,flux,0.0004178258,0.00036505,0.0004178258,1.9119337962156023e-08,-1.1940396109524286e-09,-1.1940396109524286e-09,1.9119337962156023e-08
brinkman_usfem_pkpk_k1,y,flux,0.0004202247,0.00036505,0.0004202247,2.1801238930123654e-08,-8.494270169709447e-09,-8.494270169709447e-09,2.1801238930123654e-08
brinkman_usfem_pkpk_k1,y,flux,0.0004226236,0.00036505,0.0004226236,2.448313989809129e-08,-1.5794500728466463e-08,-1.5794500728466463e-08,2.448313989809129e-08
brinkman_usfem_pkpk_k1,y,flux,0.0004250225,0.00036505,0.0004250225,2.7165040866058917e-08,-2.309473128722348e-08,-2.309473128722348e-08,2.7165040866058917e-08
brinkman_usfem_pkpk_k1,y,flux,0.00042742139999999996,0.00036505,0.00042742139999999996,2.984694183402649e-08,-3.039496184598033e-08,-3.039496184598033e-08,2.984694183402649e-08
brinkman_usfem_pkpk_k1,y,flux,0.00042982029999999997,0.00036505,0.00042982029999999997,2.7938661788699225e-08,-2.2256818738978294e-08,-2.2256818738978294e-08,2.7938661788699225e-08
brinkman_usfem_pkpk_k1,y,flux,0.0004322192,0.00036505,0.0004322192,2.559322164686756e-08,-1.2648354330474997e-08,-1.2648354330474997e-08,2.559322164686756e-08
brinkman_usfem_pkpk_k1,y,flux,0.0004346181,0.00036505,0.0004346181,2.3247781505035894e-08,-3.039889921971695e-09,-3.039889921971695e-09,2.3247781505035894e-08
brinkman_usfem_pkpk_k1,y,flux,0.000437017,0.00036505,0.000437017,2.090234136320423e-08,6.568574486531605e-09,6.568574486531605e-09,2.090234136320423e-08
brinkman_usfem_pkpk_k1,y,flux,0.0004394159,0.00036505,0.0004394159,1.0793517735728604e-07,1.0961779863024097e-07,1.0961779863024097e-07,1.0793517735728604e-07
brinkman_usfem_pkpk_k1,y,flux,0.0004418148,0.00036505,0.0004418148,2.6372053345591597e-07,2.8454453026256984e-07,2.8454453026256984e-07,2.6372053345591597e-07
brinkman_usfem_pkpk_k1,y,flux,0.00044421369999999996,0.00036505,0.00044421369999999996,4.1950588955454246e-07,4.5947126189489485e-07,4.5947126189489485e-07,4.1950588955454246e-07
brinkman_usfem_pkpk_k1,y,flux,0.0004466126,0.00036505,0.0004466126,5.752912456531723e-07,6.343979935272236e-07,6.343979935272236e-07,5.752912456531723e-07
brinkman_usfem_pkpk_k1,y,flux,0.0004490115,0.00036505,0.0004490115,8.169468616378891e-07,8.426182283690568e-07,8.426182283690568e-07,8.169468616378891e-07
brinkman_usfem_pkpk_k1,y,flux,0.0004514104,0.00036505,0.0004514104,1.367735413212542e-06,1.1706950747651157e-06,1.1706950747651157e-06,1.367735413212542e-06
brinkman_usfem_pkpk_k1,y,flux,0.0004538093,0.00036505,0.0004538093,1.918523964787195e-06,1.4987719211611745e-06,1.4987719211611745e-06,1.918523964787195e-06
brinkman_usfem_pkpk_k1,y,flux,0.0004562082,0.00036505,0.0004562082,2.4693125163618477e-06,1.8268487675572331e-06,1.8268487675572331e-06,2.4693125163618477e-06
brinkman_usfem_pkpk_k1,y,flux,0.00045860709999999996,0.00036505,0.00045860709999999996,3.020101067936488e-06,2.1549256139532843e-06,2.1549256139532843e-06,3.020101067936488e-06
brinkman_usfem_pkpk_k1,y,flux,0.00046100599999999997,0.00036505,0.00046100599999999997,3.3273943709435102e-06,1.828707341187107e-06,1.828707341187107e-06,3.3273943709435102e-06
brinkman_usfem_pkpk_k1,y,flux,0.0004634049,0.00036505,0.0004634049,3.5981633866653762e-06,1.404344800546574e-06,1.404344800546574e-06,3.5981633866653762e-06
brinkman_usfem_pkpk_k1,y,flux,0.0004658038,0.00036505,0.0004658038,3.868932402387242e-06,9.799822599060407e-07,9.799822599060407e-07,3.868932402387242e-06
brinkman_usfem_pkpk_k1,y,flux,0.0004682027,0.00036505,0.0004682027,4.139701418109109e-06,5.556197192655075e-07,5.556197192655075e-07,4.139701418109109e-06
brinkman_usfem_pkpk_k1,y,flux,0.0004706016,0.00036505,0.0004706016,4.173363670816181e-06,2.651997889184663e-07,2.651997889184663e-07,4.173363670816181e-06
brinkman_usfem_pkpk_k1,y,flux,0.0004730005,0.00036505,0.0004730005,3.989678057426362e-06,9.756058467378584e-08,9.756058467378584e-08,3.989678057426362e-06
brinkman_usfem_pkpk_k1,y,flux,0.00047539939999999997,0.00036505,0.00047539939999999997,3.805992444036549e-06,-7.007861957089083e-08,-7.007861957089083e-08,3.805992444036549e-06
brinkman_usfem_pkpk_k1,y,flux,0.0004777983,0.00036505,0.0004777983,3.62230683064673e-06,-2.3771782381557118e-07,-2.3771782381557118e-07,3.62230683064673e-06
brinkman_usfem_pkpk_k1,y,flux,0.0004801972,0.00036505,0.0004801972,3.433974009314187e-06,-2.1960158619790413e-07,-2.1960158619790413e-07,3.433974009314187e-06
brinkman_usfem_pkpk_k1,y,flux,0.0004825961,0.00036505,0.0004825961,3.2235669502537e-06,6.808530002660041e-07,6.808530002660041e-07,3.2235669502537e-06
brinkman_usfem_pkpk_k1,y,flux,0.000484995,0.00036505,0.000484995,3.0131598911932125e-06,1.5813075867299122e-06,1.5813075867299122e-06,3.0131598911932125e-06
brinkman_usfem_pkpk_k1,y,flux,0.0004873939,0.00036505,0.0004873939,2.802752832132725e-06,2.48176217319382e-06,2.48176217319382e-06,2.802752832132725e-06
brinkman_usfem_pkpk_k1,y,flux,0.0004897928,0.00036505,0.0004897928,2.592345773072238e-06,3.382216759657728e-06,3.382216759657728e-06,2.592345773072238e-06
brinkman_usfem_pkpk_k1,y,flux,0.0004921917,0.00036505,0.0004921917,2.0847879848964725e-06,2.785878664930953e-06,2.785878664930953e-06,2.0847879848964725e-06
brinkman_usfem_pkpk_k1,y,flux,0.0004945906,0.00036505,0.0004945906,1.5146721484858978e-06,1.874426321532421e-06,1.874426321532421e-06,1.5146721484858978e-06
brinkman_usfem_pkpk_k1,y,flux,0.0004969895,0.00036505,0.0004969895,9.445563120753232e-07,9.629739781338894e-07,9.629739781338894e-07,9.445563120753232e-07
brinkman_usfem_pkpk_k1,y,flux,0.0004993884,0.00036505,0.0004993884,3.744404756647485e-07,5.152163473535762e-08,5.152163473535762e-08,3.744404756647485e-07
brinkman_usfem_pkpk_k1,y,flux,0.0005017873000000001,0.00036505,0.0005017873000000001,1.0930611512245572e-07,-3.378396043552411e-07,-3.378396043552411e-07,1.0930611512245572e-07
brinkman_usfem_pkpk_k1,y,flux,0.0005041862000000001,0.00036505,0.0005041862000000001,1.768788191637279e-07,-1.5764691147358152e-07,-1.5764691147358152e-07,1.768788191637279e-07
brinkman_usfem_pkpk_k1,y,flux,0.0005065851000000001,0.00036505,0.0005065851000000001,2.4445152320500015e-07,2.254578140807804e-08,2.254578140807804e-08,2.4445152320500015e-07
brinkman_usfem_pkpk_k1,y,flux,0.0005089840000000001,0.00036505,0.0005089840000000001,3.1202422724627233e-07,2.0273847428973768e-07,2.0273847428973768e-07,3.1202422724627233e-07
brinkman_usfem_pkpk_k1,y,flux,0.0005113829000000001,0.00036505,0.0005113829000000001,3.696505664753051e-07,3.6131350899125785e-07,3.6131350899125785e-07,3.696505664753051e-07
brinkman_usfem_pkpk_k1,y,flux,0.0005137818,0.00036505,0.0005137818,3.6096780695612154e-07,3.757708224919529e-07,3.757708224919529e-07,3.6096780695612154e-07
brinkman_usfem_pkpk_k1,y,flux,0.0005161807,0.00036505,0.0005161807,3.522850474369376e-07,3.902281359926487e-07,3.902281359926487e-07,3.522850474369376e-07
brinkman_usfem_pkpk_k1,y,flux,0.0005185796,0.00036505,0.0005185796,3.436022879177537e-07,4.0468544949334445e-07,4.0468544949334445e-07,3.436022879177537e-07
brinkman_usfem_pkpk_k1,y,flux,0.0005209785,0.00036505,0.0005209785,3.3491952839856984e-07,4.1914276299404017e-07,4.1914276299404017e-07,3.3491952839856984e-07
brinkman_usfem_pkpk_k1,y,flux,0.0005233774,0.00036505,0.0005233774,2.73123019493803e-07,3.4627420238628364e-07,3.4627420238628364e-07,2.73123019493803e-07
brinkman_usfem_pkpk_k1,y,flux,0.0005257763,0.00036505,0.0005257763,1.9657269131526067e-07,2.4914845452617627e-07,2.4914845452617627e-07,1.9657269131526067e-07
brinkman_usfem_pkpk_k1,y,flux,0.0005281752,0.00036505,0.0005281752,1.2002236313671832e-07,1.5202270666606883e-07,1.5202270666606883e-07,1.2002236313671832e-07
brinkman_usfem_pkpk_k1,y,flux,0.0005305741,0.00036505,0.0005305741,4.3472034958175996e-08,5.489695880596141e-08,5.489695880596141e-08,4.3472034958175996e-08
brinkman_usfem_pkpk_k1,y,flux,0.0005329730000000001,0.00036505,0.0005329730000000001,2.011091486584618e-10,7.768319050781158e-13,7.768319050781158e-13,2.011091486584618e-10
brinkman_usfem_pkpk_k1,y,flux,0.0005353719000000001,0.00036505,0.0005353719000000001,1.934064188723452e-10,3.0305097141064175e-12,3.0305097141064175e-12,1.934064188723452e-10
brinkman_usfem_pkpk_k1,y,flux,0.0005377708000000001,0.00036505,0.0005377708000000001,1.8570368908622863e-10,5.284187523134719e-12,5.284187523134719e-12,1.8570368908622863e-10
brinkman_usfem_pkpk_k1,y,flux,0.0005401697000000001,0.00036505,0.0005401697000000001,1.7800095930011203e-10,7.537865332163019e-12,7.537865332163019e-12,1.7800095930011203e-10
brinkman_usfem_pkpk_k1,y,flux,0.0005425686,0.00036505,0.0005425686,2.2152215474365234e-10,-2.2825001971807326e-11,-2.2825001971807326e-11,2.2152215474365234e-10
brinkman_usfem_pkpk_k1,y,flux,0.0005449675,0.00036505,0.0005449675,8.028945650984581e-10,-3.9566159296218134e-10,-3.9566159296218134e-10,8.028945650984581e-10
brinkman_usfem_pkpk_k1,y,flux,0.0005473664,0.00036505,0.0005473664,1.3842669754532632e-09,-7.68498183952555e-10,-7.68498183952555e-10,1.3842669754532632e-09
brinkman_usfem_pkpk_k1,y,flux,0.0005497653,0.00036505,0.0005497653,1.9656393858080685e-09,-1.1413347749429288e-09,-1.1413347749429288e-09,1.9656393858080685e-09
brinkman_usfem_pkpk_k1,y,flux,0.0005521642,0.00036505,0.0005521642,2.547011796162874e-09,-1.5141713659333026e-09,-1.5141713659333026e-09,2.547011796162874e-09
brinkman_usfem_pkpk_k1,y,flux,0.0005545631,0.00036505,0.0005545631,3.017592835568671e-07,-3.8347456579262243e-07,-3.8347456579262243e-07,3.017592835568671e-07
brinkman_usfem_pkpk_k1,y,flux,0.000556962,0.00036505,0.000556962,7.06370696264768e-07,-9.001129218084002e-07,-9.001129218084002e-07,7.06370696264768e-07
brinkman_usfem_pkpk_k1,y,flux,0.0005593609,0.00036505,0.0005593609,1.110982108972669e-06,-1.4167512778241782e-06,-1.4167512778241782e-06,1.110982108972669e-06
brinkman_usfem_pkpk_k1,y,flux,0.0005617598000000001,0.00036505,0.0005617598000000001,1.5155935216805696e-06,-1.933389633839956e-06,-1.933389633839956e-06,1.5155935216805696e-06
brinkman_usfem_pkpk_k1,y,flux,0.0005641587000000001,0.00036505,0.0005641587000000001,1.9810320316869886e-06,-2.423498805076659e-06,-2.423498805076659e-06,1.9810320316869886e-06
brinkman_usfem_pkpk_k1,y,flux,0.0005665576000000001,0.00036505,0.0005665576000000001,2.54109047082437e-06,-2.8723403555458615e-06,-2.8723403555458615e-06,2.54109047082437e-06
brinkman_usfem_pkpk_k1,y,flux,0.0005689565000000001,0.00036505,0.0005689565000000001,3.1011489099617514e-06,-3.321181906015063e-06,-3.321181906015063e-06,3.1011489099617514e-06
brinkman_usfem_pkpk_k1,y,flux,0.0005713554000000001,0.00036505,0.0005713554000000001,3.661207349099132e-06,-3.7700234564842655e-06,-3.7700234564842655e-06,3.661207349099132e-06
brinkman_usfem_pkpk_k1,y,flux,0.0005737543,0.00036505,0.0005737543,4.20849047701224e-06,-4.182954323967156e-06,-4.182954323967156e-06,4.20849047701224e-06
brinkman_usfem_pkpk_k1,y,flux,0.0005761532,0.00036505,0.0005761532,4.474716757992213e-06,-3.805850165752124e-06,-3.805850165752124e-06,4.474716757992213e-06
brinkman_usfem_pkpk_k1,y,flux,0.0005785521,0.00036505,0.0005785521,4.740943038972185e-06,-3.428746007537092e-06,-3.428746007537092e-06,4.740943038972185e-06
brinkman_usfem_pkpk_k1,y,flux,0.000580951,0.00036505,0.000580951,5.0071693199521585e-06,-3.0516418493220604e-06,-3.0516418493220604e-06,5.0071693199521585e-06
brinkman_usfem_pkpk_k1,y,flux,0.0005833499,0.00036505,0.0005833499,5.2733956009321304e-06,-2.6745376911070285e-06,-2.6745376911070285e-06,5.2733956009321304e-06
brinkman_usfem_pkpk_k1,y,flux,0.0005857488,0.00036505,0.0005857488,5.393841955669371e-06,-2.1383673923435265e-06,-2.1383673923435265e-06,5.393841955669371e-06
brinkman_usfem_pkpk_k1,y,flux,0.0005881477,0.00036505,0.0005881477,5.45050959267542e-06,-1.532605657090043e-06,-1.532605657090043e-06,5.45050959267542e-06
brinkman_usfem_pkpk_k1,y,flux,0.0005905466,0.00036505,0.0005905466,5.5071772296814675e-06,-9.268439218365599e-07,-9.268439218365599e-07,5.5071772296814675e-06
brinkman_usfem_pkpk_k1,y,flux,0.0005929455000000001,0.00036505,0.0005929455000000001,5.563844866687515e-06,-3.210821865830765e-07,-3.210821865830765e-07,5.563844866687515e-06
brinkman_usfem_pkpk_k1,y,flux,0.0005953444000000001,0.00036505,0.0005953444000000001,5.55102041316966e-06,2.7855334812924943e-07,2.7855334812924943e-07,5.55102041316966e-06
brinkman_usfem_pkpk_k1,y,flux,0.0005977433000000001,0.00036505,0.0005977433000000001,5.4078982899195055e-06,8.667022568268282e-07,8.667022568268282e-07,5.4078982899195055e-06
brinkman_usfem_pkpk_k1,y,flux,0.0006001422000000001,0.00036505,0.0006001422000000001,5.26477616666935e-06,1.4548511655244068e-06,1.4548511655244068e-06,5.26477616666935e-06
brinkman_usfem_pkpk_k1,y,flux,0.0006025411000000001,0.00036505,0.0006025411000000001,5.121654043419196e-06,2.0430000742219855e-06,2.0430000742219855e-06,5.121654043419196e-06
brinkman_usfem_pkpk_k1,y,flux,0.00060494,0.00036505,0.00060494,4.978531920169046e-06,2.6311489829195264e-06,2.6311489829195264e-06,4.978531920169046e-06
brinkman_usfem_pkpk_k1,y,flux,0.0006073389,0.00036505,0.0006073389,4.5597597678142555e-06,3.0454111723308125e-06,3.0454111723308125e-06,4.5597597678142555e-06
brinkman_usfem_pkpk_k1,y,flux,0.0006097378,0.00036505,0.0006097378,4.140987615459453e-06,3.459673361742111e-06,3.459673361742111e-06,4.140987615459453e-06
brinkman_usfem_pkpk_k1,y,flux,0.0006121367,0.00036505,0.0006121367,3.7222154631046505e-06,3.87393555115341e-06,3.87393555115341e-06,3.7222154631046505e-06
brinkman_usfem_pkpk_k1,y,flux,0.0006145356,0.00036505,0.0006145356,3.3034433107498475e-06,4.288197740564708e-06,4.288197740564708e-06,3.3034433107498475e-06
brinkman_usfem_pkpk_k1,y,flux,0.0006169345,0.00036505,0.0006169345,2.831740113245763e-06,4.287990712764087e-06,4.287990712764087e-06,2.831740113245763e-06
brinkman_usfem_pkpk_k1,y,flux,0.0006193334,0.00036505,0.0006193334,2.331807024995419e-06,4.0667334357838e-06,4.0667334357838e-06,2.331807024995419e-06
brinkman_usfem_pkpk_k1,y,flux,0.0006217323,0.00036505,0.0006217323,1.8318739367450757e-06,3.845476158803514e-06,3.845476158803514e-06,1.8318739367450757e-06
brinkman_usfem_pkpk_k1,y,flux,0.0006241312000000001,0.00036505,0.0006241312000000001,1.331940848494732e-06,3.624218881823227e-06,3.624218881823227e-06,1.331940848494732e-06
brinkman_usfem_pkpk_k1,y,flux,0.0006265301000000001,0.00036505,0.0006265301000000001,9.11345986731296e-07,3.2304739156145742e-06,3.2304739156145742e-06,9.11345986731296e-07
brinkman_usfem_pkpk_k1,y,flux,0.0006289290000000001,0.00036505,0.0006289290000000001,6.720956426522062e-07,2.44247137402689e-06,2.44247137402689e-06,6.720956426522062e-07
brinkman_usfem_pkpk_k1,y,flux,0.0006313279000000001,0.00036505,0.0006313279000000001,4.328452985731165e-07,1.654468832439206e-06,1.654468832439206e-06,4.328452985731165e-07
brinkman_usfem_pkpk_k1,y,flux,0.0006337268000000001,0.00036505,0.0006337268000000001,1.9359495449402678e-07,8.664662908515221e-07,8.664662908515221e-07,1.9359495449402678e-07
brinkman_usfem_pkpk_k1,y,flux,0.0006361257,0.00036505,0.0006361257,-4.5655389585052085e-08,7.846374926387385e-08,7.846374926387385e-08,-4.5655389585052085e-08
brinkman_usfem_pkpk_k1,y,flux,0.0006385246,0.00036505,0.0006385246,-4.063328690113323e-08,1.7046445516480747e-08,1.7046445516480747e-08,-4.063328690113323e-08
brinkman_usfem_pkpk_k1,y,flux,0.0006409235,0.00036505,0.0006409235,-2.450789118253894e-08,-1.1344256510922948e-08,-1.1344256510922948e-08,-2.450789118253894e-08
brinkman_usfem_pkpk_k1,y,flux,0.0006433224,0.00036505,0.0006433224,-8.382495463944659e-09,-3.9734958538326626e-08,-3.9734958538326626e-08,-8.382495463944659e-09
brinkman_usfem_pkpk_k1,y,flux,0.0006457213,0.00036505,0.0006457213,7.742900254649623e-09,-6.81256605657303e-08,-6.81256605657303e-08,7.742900254649623e-09
brinkman_usfem_pkpk_k1,y,flux,0.0006481202,0.00036505,0.0006481202,8.931880768855674e-08,-2.708795827056602e-08,-2.708795827056602e-08,8.931880768855674e-08
brinkman_usfem_pkpk_k1,y,flux,0.0006505191,0.00036505,0.0006505191,2.1297004408229963e-07,5.858228966052832e-08,5.858228966052832e-08,2.1297004408229963e-07
brinkman_usfem_pkpk_k1,y,flux,0.000652918,0.00036505,0.000652918,3.3662128047604246e-07,1.4425253759162258e-07,1.4425253759162258e-07,3.3662128047604246e-07
brinkman_usfem_pkpk_k1,y,flux,0.0006553169000000001,0.00036505,0.0006553169000000001,4.6027251686978526e-07,2.2992278552271692e-07,2.2992278552271692e-07,4.6027251686978526e-07
brinkman_usfem_pkpk_k1,y,flux,0.0006577158000000001,0.00036505,0.0006577158000000001,5.221952903153993e-07,2.7948240389549815e-07,2.7948240389549815e-07,5.221952903153993e-07
brinkman_usfem_pkpk_k1,y,flux,0.0006601147000000001,0.00036505,0.0006601147000000001,4.092207520746794e-07,2.2672857185307655e-07,2.2672857185307655e-07,4.092207520746794e-07
brinkman_usfem_pkpk_k1,y,flux,0.0006625136000000001,0.00036505,0.0006625136000000001,2.962462138339594e-07,1.7397473981065495e-07,1.7397473981065495e-07,2.962462138339594e-07
brinkman_usfem_pkpk_k1,y,flux,0.0006649125000000001,0.00036505,0.0006649125000000001,1.8327167559323952e-07,1.2122090776823334e-07,1.2122090776823334e-07,1.8327167559323952e-07
brinkman_usfem_pkpk_k1,y,flux,0.0006673114,0.00036505,0.0006673114,7.029713735252471e-08,6.846707572581412e-08,6.846707572581412e-08,7.029713735252471e-08
brinkman_usfem_pkpk_k1,y,flux,0.0006697103,0.00036505,0.0006697103,1.4964867795507783e-08,8.051665300425785e-08,8.051665300425785e-08,1.4964867795507783e-08
brinkman_usfem_pkpk_k1,y,flux,0.0006721092,0.00036505,0.0006721092,-3.4877661886875045e-08,9.873798355135427e-08,9.873798355135427e-08,-3.4877661886875045e-08
brinkman_usfem_pkpk_k1,y,flux,0.0006745081,0.00036505,0.0006745081,-8.472019156925789e-08,1.1695931409845069e-07,1.1695931409845069e-07,-8.472019156925789e-08
brinkman_usfem_pkpk_k1,y,flux,0.000676907,0.00036505,0.000676907,-1.345627212516407e-07,1.351806446455471e-07,1.351806446455471e-07,-1.345627212516407e-07
brinkman_usfem_pkpk_k1,y,flux,0.0006793059,0.00036505,0.0006793059,-1.353150687666861e-07,1.262888160449902e-07,1.262888160449902e-07,-1.353150687666861e-07
brinkman_usfem_pkpk_k1,y,flux,0.0006817048,0.00036505,0.0006817048,-9.830573769147543e-08,9.65407111770101e-08,9.65407111770101e-08,-9.830573769147543e-08
brinkman_usfem_pkpk_k1,y,flux,0.0006841037000000001,0.00036505,0.0006841037000000001,-6.12964066162648e-08,6.679260630903001e-08,6.679260630903001e-08,-6.12964066162648e-08
brinkman_usfem_pkpk_k1,y,flux,0.0006865026000000001,0.00036505,0.0006865026000000001,-2.428707554105416e-08,3.704450144104992e-08,3.704450144104992e-08,-2.428707554105416e-08
brinkman_usfem_pkpk_k1,y,flux,0.0006889015000000001,0.00036505,0.0006889015000000001,6.0707910737511205e-09,1.3950575719286815e-08,1.3950575719286815e-08,6.0707910737511205e-09
brinkman_usfem_pkpk_k1,y,flux,0.0006913004000000001,0.00036505,0.0006913004000000001,1.2483385631100147e-08,1.4811694923901279e-08,1.4811694923901279e-08,1.2483385631100147e-08
brinkman_usfem_pkpk_k1,y,flux,0.0006936993000000001,0.00036505,0.0006936993000000001,1.8895980188449173e-08,1.5672814128515744e-08,1.5672814128515744e-08,1.8895980188449173e-08
brinkman_usfem_pkpk_k1,y,flux,0.0006960982000000001,0.00036505,0.0006960982000000001,2.5308574745798195e-08,1.653393333313021e-08,1.653393333313021e-08,2.5308574745798195e-08
brinkman_usfem_pkpk_k1,y,flux,0.0006984971,0.00036505,0.0006984971,3.172116930314693e-08,1.7395052537744635e-08,1.7395052537744635e-08,3.172116930314693e-08
brinkman_usfem_pkpk_k1,y,flux,0.000700896,0.00036505,0.000700896,4.193509088689054e-08,1.7879448780208825e-08,1.7879448780208825e-08,4.193509088689054e-08
brinkman_usfem_pkpk_k1,y,flux,0.0007032949,0.00036505,0.0007032949,5.271921152459377e-08,1.830733657835051e-08,1.830733657835051e-08,5.271921152459377e-08
brinkman_usfem_pkpk_k1,y,flux,0.0007056938,0.00036505,0.0007056938,6.350333216229701e-08,1.87352243764922e-08,1.87352243764922e-08,6.350333216229701e-08
brinkman_usfem_pkpk_k1,y,flux,0.0007080927,0.00036505,0.0007080927,7.428745280000023e-08,1.9163112174633885e-08,1.9163112174633885e-08,7.428745280000023e-08
brinkman_usfem_pkpk_k1,y,flux,0.0007104916,0.00036505,0.0007104916,7.085741443754009e-08,1.8155530465380326e-08,1.8155530465380326e-08,7.085741443754009e-08
brinkman_usfem_pkpk_k1,y,flux,0.0007128905,0.00036505,0.0007128905,5.439773032493158e-08,1.583210170768131e-08,1.583210170768131e-08,5.439773032493158e-08
brinkman_usfem_pkpk_k1,y,flux,0.0007152894000000001,0.00036505,0.0007152894000000001,3.793804621232307e-08,1.350867294998229e-08,1.350867294998229e-08,3.793804621232307e-08
brinkman_usfem_pkpk_k1,y,flux,0.0007176883000000001,0.00036505,0.0007176883000000001,2.147836209971456e-08,1.1185244192283272e-08,1.1185244192283272e-08,2.147836209971456e-08
brinkman_usfem_pkpk_k1,y,flux,0.0007200872000000001,0.00036505,0.0007200872000000001,7.514288696908088e-09,8.864280849186635e-09,8.864280849186635e-09,7.514288696908088e-09
brinkman_usfem_pkpk_k1,y,flux,0.0007224861000000001,0.00036505,0.0007224861000000001,5.404366165659577e-09,6.5550282254514985e-09,6.5550282254514985e-09,5.404366165659577e-09
brinkman_usfem_pkpk_k1,y,flux,0.000724885,0.00036505,0.000724885,3.2944436344111626e-09,4.245775601716468e-09,4.245775601716468e-09,3.2944436344111626e-09
brinkman_usfem_pkpk_k1,y,tangential,5.215e-06,5.215e-06,0.00036505,4.6781944338056364e-11,-5.802721061454718e-10,-5.802721061454718e-10,4.6781944338056364e-11
brinkman_usfem_pkpk_k1,y,tangential,7.6139e-06,7.6139e-06,0.00036505,-4.475204391562389e-10,-8.471972749723888e-10,-8.471972749723888e-10,-4.475204391562389e-10
brinkman_usfem_pkpk_k1,y,tangential,1.00128e-05,1.00128e-05,0.00036505,-9.418228226505341e-10,-1.1141224437993059e-09,-1.1141224437993059e-09,-9.418228226505341e-10
brinkman_usfem_pkpk_k1,y,tangential,1.24117e-05,1.24117e-05,0.00036505,8.220874736038304e-10,6.231534541562196e-10,6.231534541562196e-10,8.220874736038304e-10
brinkman_usfem_pkpk_k1,y,tangential,1.48106e-05,1.48106e-05,0.00036505,3.061410965594756e-09,2.7823664188027863e-09,2.7823664188027863e-09,3.061410965594756e-09
brinkman_usfem_pkpk_k1,y,tangential,1.72095e-05,1.72095e-05,0.00036505,5.300734457585679e-09,4.941579383449351e-09,4.941579383449351e-09,5.300734457585679e-09
brinkman_usfem_pkpk_k1,y,tangential,1.96084e-05,1.96084e-05,0.00036505,7.540057949576604e-09,7.100792348095917e-09,7.100792348095917e-09,7.540057949576604e-09
brinkman_usfem_pkpk_k1,y,tangential,2.20073e-05,2.20073e-05,0.00036505,1.955603098490318e-08,1.5904577972771005e-08,1.5904577972771005e-08,1.955603098490318e-08
brinkman_usfem_pkpk_k1,y,tangential,2.44062e-05,2.44062e-05,0.00036505,4.223743988568688e-08,3.195698831747724e-08,3.195698831747724e-08,4.223743988568688e-08
brinkman_usfem_pkpk_k1,y,tangential,2.6805100000000002e-05,2.6805100000000002e-05,0.00036505,6.491884878647059e-08,4.800939866218349e-08,4.800939866218349e-08,6.491884878647059e-08
brinkman_usfem_pkpk_k1,y,tangential,2.9204e-05,2.9204e-05,0.00036505,8.760025768725425e-08,6.406180900688969e-08,6.406180900688969e-08,8.760025768725425e-08
brinkman_usfem_pkpk_k1,y,tangential,3.1602899999999995e-05,3.1602899999999995e-05,0.00036505,1.127148876236848e-07,8.123190130969144e-08,8.123190130969144e-08,1.127148876236848e-07
brinkman_usfem_pkpk_k1,y,tangential,3.4001800000000004e-05,3.4001800000000004e-05,0.00036505,1.540509911310956e-07,1.0585320666646402e-07,1.0585320666646402e-07,1.540509911310956e-07
brinkman_usfem_pkpk_k1,y,tangential,3.64007e-05,3.64007e-05,0.00036505,1.9538709463850622e-07,1.3047451202323648e-07,1.3047451202323648e-07,1.9538709463850622e-07
brinkman_usfem_pkpk_k1,y,tangential,3.8799599999999994e-05,3.8799599999999994e-05,0.00036505,2.3672319814591683e-07,1.5509581738000894e-07,1.5509581738000894e-07,2.3672319814591683e-07
brinkman_usfem_pkpk_k1,y,tangential,4.11985e-05,4.11985e-05,0.00036505,2.780593016533277e-07,1.7971712273678156e-07,1.7971712273678156e-07,2.780593016533277e-07
brinkman_usfem_pkpk_k1,y,tangential,4.35974e-05,4.35974e-05,0.00036505,3.222188926138645e-07,2.1085812474686317e-07,2.1085812474686317e-07,3.222188926138645e-07
brinkman_usfem_pkpk_k1,y,tangential,4.5996300000000005e-05,4.5996300000000005e-05,0.00036505,3.6716278564471437e-07,2.4381015360508633e-07,2.4381015360508633e-07,3.6716278564471437e-07
brinkman_usfem_pkpk_k1,y,tangential,4.83952e-05,4.83952e-05,0.00036505,4.1210667867556396e-07,2.767621824633093e-07,2.767621824633093e-07,4.1210667867556396e-07
brinkman_usfem_pkpk_k1,y,tangential,5.0794099999999995e-05,5.0794099999999995e-05,0.00036505,4.5705057170641355e-07,3.097142113215323e-07,3.097142113215323e-07,4.5705057170641355e-07
brinkman_usfem_pkpk_k1,y,tangential,5.3193000000000004e-05,5.3193000000000004e-05,0.00036505,4.978639037713972e-07,3.443850482100096e-07,3.443850482100096e-07,4.978639037713972e-07
brinkman_usfem_pkpk_k1,y,tangential,5.55919e-05,5.55919e-05,0.00036505,5.333075065807548e-07,3.8129033553781726e-07,3.8129033553781726e-07,5.333075065807548e-07
brinkman_usfem_pkpk_k1,y,tangential,5.7990799999999994e-05,5.7990799999999994e-05,0.00036505,5.687511093901124e-07,4.1819562286562487e-07,4.1819562286562487e-07,5.687511093901124e-07
brinkman_usfem_pkpk_k1,y,tangential,6.03897e-05,6.03897e-05,0.00036505,6.041947121994702e-07,4.5510091019343274e-07,4.5510091019343274e-07,6.041947121994702e-07
brinkman_usfem_pkpk_k1,y,tangential,6.27886e-05,6.27886e-05,0.00036505,6.376206109349246e-07,4.918205063507482e-07,4.918205063507482e-07,6.376206109349246e-07
brinkman_usfem_pkpk_k1,y,tangential,6.51875e-05,6.51875e-05,0.00036505,6.498606168943941e-07,5.265903452178953e-07,5.265903452178953e-07,6.498606168943941e-07
brinkman_usfem_pkpk_k1,y,tangential,6.75864e-05,6.75864e-05,0.00036505,6.621006228538635e-07,5.613601840850422e-07,5.613601840850422e-07,6.621006228538635e-07
brinkman_usfem_pkpk_k1,y,tangential,6.99853e-05,6.99853e-05,0.00036505,6.74340628813333e-07,5.961300229521891e-07,5.961300229521891e-07,6.74340628813333e-07
brinkman_usfem_pkpk_k1,y,tangential,7.238419999999999e-05,7.238419999999999e-05,0.00036505,6.865806347728025e-07,6.30899861819336e-07,6.30899861819336e-07,6.865806347728025e-07
brinkman_usfem_pkpk_k1,y,tangential,7.47831e-05,7.47831e-05,0.00036505,6.871182026791344e-07,6.573220115859648e-07,6.573220115859648e-07,6.871182026791344e-07
brinkman_usfem_pkpk_k1,y,tangential,7.7182e-05,7.7182e-05,0.00036505,6.835254983314176e-07,6.807979181406458e-07,6.807979181406458e-07,6.835254983314176e-07
brinkman_usfem_pkpk_k1,y,tangential,7.95809e-05,7.95809e-05,0.00036505,6.799327939837006e-07,7.042738246953268e-07,7.042738246953268e-07,6.799327939837006e-07
brinkman_usfem_pkpk_k1,y,tangential,8.19798e-05,8.19798e-05,0.00036505,6.763400896359838e-07,7.277497312500077e-07,7.277497312500077e-07,6.763400896359838e-07
brinkman_usfem_pkpk_k1,y,tangential,8.437869999999999e-05,8.437869999999999e-05,0.00036505,6.731162544853864e-07,7.453731262645851e-07,7.453731262645851e-07,6.731162544853864e-07
brinkman_usfem_pkpk_k1,y,tangential,8.67776e-05,8.67776e-05,0.00036505,6.704662158636416e-07,7.538926144390011e-07,7.538926144390011e-07,6.704662158636416e-07
brinkman_usfem_pkpk_k1,y,tangential,8.91765e-05,8.91765e-05,0.00036505,6.678161772418966e-07,7.624121026134169e-07,7.624121026134169e-07,6.678161772418966e-07
brinkman_usfem_pkpk_k1,y,tangential,9.15754e-05,9.15754e-05,0.00036505,6.651661386201518e-07,7.709315907878329e-07,7.709315907878329e-07,6.651661386201518e-07
brinkman_usfem_pkpk_k1,y,tangential,9.39743e-05,9.39743e-05,0.00036505,6.624907267911491e-07,7.788836844207905e-07,7.788836844207905e-07,6.624907267911491e-07
brinkman_usfem_pkpk_k1,y,tangential,9.63732e-05,9.63732e-05,0.00036505,6.59257104402474e-07,7.743530981416623e-07,7.743530981416623e-07,6.59257104402474e-07
brinkman_usfem_pkpk_k1,y,tangential,9.87721e-05,9.87721e-05,0.00036505,6.560234820137987e-07,7.698225118625341e-07,7.698225118625341e-07,6.560234820137987e-07
brinkman_usfem_pkpk_k1,y,tangential,0.000101171,0.000101171,0.00036505,6.527898596251235e-07,7.652919255834061e-07,7.652919255834061e-07,6.527898596251235e-07
brinkman_usfem_pkpk_k1,y,tangential,0.00010356989999999999,0.00010356989999999999,0.00036505,6.495562372364483e-07,7.607613393042779e-07,7.607613393042779e-07,6.495562372364483e-07
brinkman_usfem_pkpk_k1,y,tangential,0.0001059688,0.0001059688,0.00036505,6.326789345090209e-07,7.433630549478511e-07,7.433630549478511e-07,6.326789345090209e-07
brinkman_usfem_pkpk_k1,y,tangential,0.0001083677,0.0001083677,0.00036505,6.098325216333895e-07,7.203351526826064e-07,7.203351526826064e-07,6.098325216333895e-07
brinkman_usfem_pkpk_k1,y,tangential,0.00011076659999999999,0.00011076659999999999,0.00036505,5.869861087577582e-07,6.973072504173617e-07,6.973072504173617e-07,5.869861087577582e-07
brinkman_usfem_pkpk_k1,y,tangential,0.0001131655,0.0001131655,0.00036505,5.641396958821266e-07,6.742793481521168e-07,6.742793481521168e-07,5.641396958821266e-07
brinkman_usfem_pkpk_k1,y,tangential,0.0001155644,0.0001155644,0.00036505,5.283487995915671e-07,6.393952070091317e-07,6.393952070091317e-07,5.283487995915671e-07
brinkman_usfem_pkpk_k1,y,tangential,0.0001179633,0.0001179633,0.00036505,4.682869968980163e-07,5.822806179703821e-07,5.822806179703821e-07,4.682869968980163e-07
brinkman_usfem_pkpk_k1,y,tangential,0.0001203622,0.0001203622,0.00036505,4.082251942044658e-07,5.251660289316329e-07,5.251660289316329e-07,4.082251942044658e-07
brinkman_usfem_pkpk_k1,y,tangential,0.0001227611,0.0001227611,0.00036505,3.481633915109153e-07,4.680514398928837e-07,4.680514398928837e-07,3.481633915109153e-07
brinkman_usfem_pkpk_k1,y,tangential,0.00012516,0.00012516,0.00036505,2.881015888173644e-07,4.1093685085413406e-07,4.1093685085413406e-07,2.881015888173644e-07
brinkman_usfem_pkpk_k1,y,tangential,0.0001275589,0.0001275589,0.00036505,2.3780377248030577e-07,3.3647951013150856e-07,3.3647951013150856e-07,2.3780377248030577e-07
brinkman_usfem_pkpk_k1,y,tangential,0.00012995780000000002,0.00012995780000000002,0.00036505,1.8750595614324702e-07,2.620221694088828e-07,2.620221694088828e-07,1.8750595614324702e-07
brinkman_usfem_pkpk_k1,y,tangential,0.0001323567,0.0001323567,0.00036505,1.3720813980618883e-07,1.8756482868625787e-07,1.8756482868625787e-07,1.3720813980618883e-07
brinkman_usfem_pkpk_k1,y,tangential,0.0001347556,0.0001347556,0.00036505,8.691032346913011e-08,1.1310748796363217e-07,1.1310748796363217e-07,8.691032346913011e-08
brinkman_usfem_pkpk_k1,y,tangential,0.00013715450000000002,0.00013715450000000002,0.00036505,5.8575573415689645e-08,7.36650946492842e-08,7.36650946492842e-08,5.8575573415689645e-08
brinkman_usfem_pkpk_k1,y,tangential,0.0001395534,0.0001395534,0.00036505,4.195445871351227e-08,5.2897339952684306e-08,5.2897339952684306e-08,4.195445871351227e-08
brinkman_usfem_pkpk_k1,y,tangential,0.0001419523,0.0001419523,0.00036505,2.5333344011334707e-08,3.212958525608418e-08,3.212958525608418e-08,2.5333344011334707e-08
brinkman_usfem_pkpk_k1,y,tangential,0.00014435120000000001,0.00014435120000000001,0.00036505,8.712229309157147e-09,1.136183055948405e-08,1.136183055948405e-08,8.712229309157147e-09
brinkman_usfem_pkpk_k1,y,tangential,0.00014675010000000002,0.00014675010000000002,0.00036505,-2.215500344653576e-09,-3.1068300992103045e-09,-3.1068300992103045e-09,-2.215500344653576e-09
brinkman_usfem_pkpk_k1,y,tangential,0.000149149,0.000149149,0.00036505,-1.2977845934024478e-10,-3.1775615284058525e-09,-3.1775615284058525e-09,-1.2977845934024478e-10
brinkman_usfem_pkpk_k1,y,tangential,0.0001515479,0.0001515479,0.00036505,1.9559434259731094e-09,-3.248292957601401e-09,-3.248292957601401e-09,1.9559434259731094e-09
brinkman_usfem_pkpk_k1,y,tangential,0.00015394680000000002,0.00015394680000000002,0.00036505,4.041665311286464e-09,-3.3190243867969498e-09,-3.3190243867969498e-09,4.041665311286464e-09
brinkman_usfem_pkpk_k1,y,tangential,0.0001563457,0.0001563457,0.00036505,6.127387196599795e-09,-3.389755815992497e-09,-3.389755815992497e-09,6.127387196599795e-09
brinkman_usfem_pkpk_k1,y,tangential,0.0001587446,0.0001587446,0.00036505,9.201207911373041e-08,-5.070106630878991e-08,-5.070106630878991e-08,9.201207911373041e-08
brinkman_usfem_pkpk_k1,y,tangential,0.00016114350000000002,0.00016114350000000002,0.00036505,1.8170581512321697e-07,-1.0015967584993319e-07,-1.0015967584993319e-07,1.8170581512321697e-07
brinkman_usfem_pkpk_k1,y,tangential,0.0001635424,0.0001635424,0.00036505,2.713995511327025e-07,-1.4961828539107594e-07,-1.4961828539107594e-07,2.713995511327025e-07
brinkman_usfem_pkpk_k1,y,tangential,0.0001659413,0.0001659413,0.00036505,3.6109328714218906e-07,-1.990768949322192e-07,-1.990768949322192e-07,3.6109328714218906e-07
brinkman_usfem_pkpk_k1,y,tangential,0.00016834020000000002,0.00016834020000000002,0.00036505,5.704575200239067e-07,-3.0415090073100904e-07,-3.0415090073100904e-07,5.704575200239067e-07
brinkman_usfem_pkpk_k1,y,tangential,0.0001707391,0.0001707391,0.00036505,8.567527866091939e-07,-4.449776612668536e-07,-4.449776612668536e-07,8.567527866091939e-07
brinkman_usfem_pkpk_k1,y,tangential,0.000173138,0.000173138,0.00036505,1.143048053194484e-06,-5.858044218026997e-07,-5.858044218026997e-07,1.143048053194484e-06
brinkman_usfem_pkpk_k1,y,tangential,0.00017553690000000002,0.00017553690000000002,0.00036505,1.4293433197797746e-06,-7.266311823385458e-07,-7.266311823385458e-07,1.4293433197797746e-06
brinkman_usfem_pkpk_k1,y,tangential,0.00017793580000000003,0.00017793580000000003,0.00036505,1.6393962219289068e-06,-8.666312761024071e-07,-8.666312761024071e-07,1.6393962219289068e-06
brinkman_usfem_pkpk_k1,y,tangential,0.0001803347,0.0001803347,0.00036505,1.6334290915089436e-06,-1.004289147345647e-06,-1.004289147345647e-06,1.6334290915089436e-06
brinkman_usfem_pkpk_k1,y,tangential,0.00018273360000000002,0.00018273360000000002,0.00036505,1.6274619610889804e-06,-1.1419470185888886e-06,-1.1419470185888886e-06,1.6274619610889804e-06
brinkman_usfem_pkpk_k1,y,tangential,0.00018513250000000002,0.00018513250000000002,0.00036505,1.6214948306690168e-06,-1.27960488983213e-06,-1.27960488983213e-06,1.6214948306690168e-06
brinkman_usfem_pkpk_k1,y,tangential,0.0001875314,0.0001875314,0.00036505,1.6155277002490537e-06,-1.41726276107537e-06,-1.41726276107537e-06,1.6155277002490537e-06
brinkman_usfem_pkpk_k1,y,tangential,0.0001899303,0.0001899303,0.00036505,1.430925668373157e-06,-1.4614775652578772e-06,-1.4614775652578772e-06,1.430925668373157e-06
brinkman_usfem_pkpk_k1,y,tangential,0.00019232920000000002,0.00019232920000000002,0.00036505,1.2293107887395538e-06,-1.496793029720315e-06,-1.496793029720315e-06,1.2293107887395538e-06
brinkman_usfem_pkpk_k1,y,tangential,0.0001947281,0.0001947281,0.00036505,1.0276959091059528e-06,-1.5321084941827522e-06,-1.5321084941827522e-06,1.0276959091059528e-06
brinkman_usfem_pkpk_k1,y,tangential,0.000197127,0.000197127,0.00036505,8.260810294723495e-07,-1.56742395864519e-06,-1.56742395864519e-06,8.260810294723495e-07
brinkman_usfem_pkpk_k1,y,tangential,0.00019952590000000002,0.00019952590000000002,0.00036505,6.867161566359202e-07,-1.5395472973872736e-06,-1.5395472973872736e-06,6.867161566359202e-07
brinkman_usfem_pkpk_k1,y,tangential,0.0002019248,0.0002019248,0.00036505,5.952359044127031e-07,-1.4630613086521635e-06,-1.4630613086521635e-06,5.952359044127031e-07
brinkman_usfem_pkpk_k1,y,tangential,0.0002043237,0.0002043237,0.00036505,5.03755652189485e-07,-1.386575319917053e-06,-1.386575319917053e-06,5.03755652189485e-07
brinkman_usfem_pkpk_k1,y,tangential,0.00020672260000000002,0.00020672260000000002,0.00036505,4.122753999662668e-07,-1.3100893311819422e-06,-1.3100893311819422e-06,4.122753999662668e-07
brinkman_usfem_pkpk_k1,y,tangential,0.0002091215,0.0002091215,0.00036505,3.410744586119425e-07,-1.218292845344285e-06,-1.218292845344285e-06,3.410744586119425e-07
brinkman_usfem_pkpk_k1,y,tangential,0.0002115204,0.0002115204,0.00036505,3.4287903638562944e-07,-1.0713785699374525e-06,-1.0713785699374525e-06,3.4287903638562944e-07
brinkman_usfem_pkpk_k1,y,tangential,0.00021391930000000002,0.00021391930000000002,0.00036505,3.4468361415931644e-07,-9.2446429453062e-07,-9.2446429453062e-07,3.4468361415931644e-07
brinkman_usfem_pkpk_k1,y,tangential,0.0002163182,0.0002163182,0.00036505,3.4648819193300333e-07,-7.775500191237892e-07,-7.775500191237892e-07,3.4648819193300333e-07
brinkman_usfem_pkpk_k1,y,tangential,0.0002187171,0.0002187171,0.00036505,3.482927697066902e-07,-6.306357437169566e-07,-6.306357437169566e-07,3.482927697066902e-07
brinkman_usfem_pkpk_k1,y,tangential,0.00022111600000000002,0.00022111600000000002,0.00036505,2.807990490861184e-07,-4.93688767624155e-07,-4.93688767624155e-07,2.807990490861184e-07
brinkman_usfem_pkpk_k1,y,tangential,0.00022351490000000002,0.00022351490000000002,0.00036505,2.0291058370640823e-07,-3.5823688642845805e-07,-3.5823688642845805e-07,2.0291058370640823e-07
brinkman_usfem_pkpk_k1,y,tangential,0.0002259138,0.0002259138,0.00036505,1.2502211832669894e-07,-2.2278500523276265e-07,-2.2278500523276265e-07,1.2502211832669894e-07
brinkman_usfem_pkpk_k1,y,tangential,0.00022831270000000001,0.00022831270000000001,0.00036505,4.7133652946988736e-08,-8.733312403706566e-08,-8.733312403706566e-08,4.7133652946988736e-08
brinkman_usfem_pkpk_k1,y,tangential,0.00023071160000000002,0.00023071160000000002,0.00036505,9.227331240024952e-09,-1.8409782187478524e-08,-1.8409782187478524e-08,9.227331240024952e-09
brinkman_usfem_pkpk_k1,y,tangential,0.0002331105,0.0002331105,0.00036505,7.971307899745254e-09,-1.0470934738491974e-08,-1.0470934738491974e-08,7.971307899745254e-09
brinkman_usfem_pkpk_k1,y,tangential,0.0002355094,0.0002355094,0.00036505,6.715284559465542e-09,-2.532087289505326e-09,-2.532087289505326e-09,6.715284559465542e-09
brinkman_usfem_pkpk_k1,y,tangential,0.00023790830000000002,0.00023790830000000002,0.00036505,5.45926121918583e-09,5.4067601594813225e-09,5.4067601594813225e-09,5.45926121918583e-09
brinkman_usfem_pkpk_k1,y,tangential,0.0002403072,0.0002403072,0.00036505,-2.0472097895591926e-10,1.0336836816244599e-08,1.0336836816244599e-08,-2.0472097895591926e-10
brinkman_usfem_pkpk_k1,y,tangential,0.0002427061,0.0002427061,0.00036505,-2.6806507751944034e-08,9.752522099469407e-10,9.752522099469407e-10,-2.6806507751944034e-08
brinkman_usfem_pkpk_k1,y,tangential,0.000245105,0.000245105,0.00036505,-5.340829452493215e-08,-8.386332396350719e-09,-8.386332396350719e-09,-5.340829452493215e-08
brinkman_usfem_pkpk_k1,y,tangential,0.0002475039,0.0002475039,0.00036505,-8.001008129791967e-08,-1.7747917002648167e-08,-1.7747917002648167e-08,-8.001008129791967e-08
brinkman_usfem_pkpk_k1,y,tangential,0.0002499028,0.0002499028,0.00036505,-1.0661186807090777e-07,-2.7109501608945822e-08,-2.7109501608945822e-08,-1.0661186807090777e-07
brinkman_usfem_pkpk_k1,y,tangential,0.0002523017,0.0002523017,0.00036505,-2.0458506913015285e-07,-1.8780584279955682e-07,-1.8780584279955682e-07,-2.0458506913015285e-07
brinkman_usfem_pkpk_k1,y,tangential,0.0002547006,0.0002547006,0.00036505,-3.1758383109176743e-07,-3.803621327447601e-07,-3.803621327447601e-07,-3.1758383109176743e-07
brinkman_usfem_pkpk_k1,y,tangential,0.0002570995,0.0002570995,0.00036505,-4.3058259305338205e-07,-5.729184226899633e-07,-5.729184226899633e-07,-4.3058259305338205e-07
brinkman_usfem_pkpk_k1,y,tangential,0.00025949839999999996,0.00025949839999999996,0.00036505,-5.435813550149942e-07,-7.654747126351621e-07,-7.654747126351621e-07,-5.435813550149942e-07
brinkman_usfem_pkpk_k1,y,tangential,0.00026189729999999997,0.00026189729999999997,0.00036505,-5.259310081209473e-07,-7.598698023631371e-07,-7.598698023631371e-07,-5.259310081209473e-07
brinkman_usfem_pkpk_k1,y,tangential,0.0002642962,0.0002642962,0.00036505,-3.657543606570762e-07,-5.380890373086635e-07,-5.380890373086635e-07,-3.657543606570762e-07
brinkman_usfem_pkpk_k1,y,tangential,0.0002666951,0.0002666951,0.00036505,-2.055777131932051e-07,-3.1630827225418986e-07,-3.1630827225418986e-07,-2.055777131932051e-07
brinkman_usfem_pkpk_k1,y,tangential,0.000269094,0.000269094,0.00036505,-4.5401065729333856e-08,-9.452750719971607e-08,-9.452750719971607e-08,-4.5401065729333856e-08
brinkman_usfem_pkpk_k1,y,tangential,0.0002714929,0.0002714929,0.00036505,1.285050883373659e-07,7.741593252384262e-08,7.741593252384262e-08,1.285050883373659e-07
brinkman_usfem_pkpk_k1,y,tangential,0.00027389179999999996,0.00027389179999999996,0.00036505,3.9394128642292916e-07,-8.288946329202033e-08,-8.288946329202033e-08,3.9394128642292916e-07
brinkman_usfem_pkpk_k1,y,tangential,0.00027629069999999997,0.00027629069999999997,0.00036505,6.593774845084984e-07,-2.431948591078869e-07,-2.431948591078869e-07,6.593774845084984e-07
brinkman_usfem_pkpk_k1,y,tangential,0.0002786896,0.0002786896,0.00036505,9.248136825940676e-07,-4.0350025492375343e-07,-4.0350025492375343e-07,9.248136825940676e-07
brinkman_usfem_pkpk_k1,y,tangential,0.0002810885,0.0002810885,0.00036505,1.1902498806796367e-06,-5.638056507396199e-07,-5.638056507396199e-07,1.1902498806796367e-06
brinkman_usfem_pkpk_k1,y,tangential,0.0002834874,0.0002834874,0.00036505,5.2079609665459805e-06,1.802303372554497e-06,1.802303372554497e-06,5.2079609665459805e-06
brinkman_usfem_pkpk_k1,y,tangential,0.0002858863,0.0002858863,0.00036505,1.0267970632351427e-05,4.870194178934727e-06,4.870194178934727e-06,1.0267970632351427e-05
brinkman_usfem_pkpk_k1,y,tangential,0.0002882852,0.0002882852,0.00036505,1.5327980298156876e-05,7.93808498531496e-06,7.93808498531496e-06,1.5327980298156876e-05
brinkman_usfem_pkpk_k1,y,tangential,0.00029068409999999996,0.00029068409999999996,0.00036505,2.0387989963962212e-05,1.100597579169512e-05,1.100597579169512e-05,2.0387989963962212e-05
brinkman_usfem_pkpk_k1,y,tangential,0.00029308299999999997,0.00029308299999999997,0.00036505,2.224239077419143e-05,1.3008838022906265e-05,1.3008838022906265e-05,2.224239077419143e-05
brinkman_usfem_pkpk_k1,y,tangential,0.0002954819,0.0002954819,0.00036505,1.9929500072171225e-05,1.3627163106397514e-05,1.3627163106397514e-05,1.9929500072171225e-05
brinkman_usfem_pkpk_k1,y,tangential,0.0002978808,0.0002978808,0.00036505,1.7616609370151017e-05,1.4245488189888759e-05,1.4245488189888759e-05,1.7616609370151017e-05
brinkman_usfem_pkpk_k1,y,tangential,0.0003002797,0.0003002797,0.00036505,1.530371866813081e-05,1.4863813273380004e-05,1.4863813273380004e-05,1.530371866813081e-05
brinkman_usfem_pkpk_k1,y,tangential,0.0003026786,0.0003026786,0.00036505,1.295585233146905e-05,1.5152374065978974e-05,1.5152374065978974e-05,1.295585233146905e-05
brinkman_usfem_pkpk_k1,y,tangential,0.00030507749999999996,0.00030507749999999996,0.00036505,1.0240741831070829e-05,1.1978409804209033e-05,1.1978409804209033e-05,1.0240741831070829e-05
brinkman_usfem_pkpk_k1,y,tangential,0.00030747639999999997,0.00030747639999999997,0.00036505,7.525631330672543e-06,8.804445542439018e-06,8.804445542439018e-06,7.525631330672543e-06
brinkman_usfem_pkpk_k1,y,tangential,0.0003098753,0.0003098753,0.00036505,4.8105208302742594e-06,5.630481280669006e-06,5.630481280669006e-06,4.8105208302742594e-06
brinkman_usfem_pkpk_k1,y,tangential,0.0003122742,0.0003122742,0.00036505,2.0954103298759756e-06,2.4565170188989914e-06,2.4565170188989914e-06,2.0954103298759756e-06
brinkman_usfem_pkpk_k1,y,tangential,0.0003146731,0.0003146731,0.00036505,1.1819155691164633e-06,1.3370253313885547e-06,1.3370253313885547e-06,1.1819155691164633e-06
brinkman_usfem_pkpk_k1,y,tangential,0.000317072,0.000317072,0.00036505,9.042851870530511e-07,9.42641611263924e-07,9.42641611263924e-07,9.042851870530511e-07
brinkman_usfem_pkpk_k1,y,tangential,0.0003194709,0.0003194709,0.00036505,6.266548049896389e-07,5.482578911392932e-07,5.482578911392932e-07,6.266548049896389e-07
brinkman_usfem_pkpk_k1,y,tangential,0.00032186979999999997,0.00032186979999999997,0.00036505,3.4902442292623284e-07,1.5387417101467138e-07,1.5387417101467138e-07,3.4902442292623284e-07
brinkman_usfem_pkpk_k1,y,tangential,0.0003242687,0.0003242687,0.00036505,7.694606581258515e-07,-1.0552669981572334e-07,-1.0552669981572334e-07,7.694606581258515e-07
brinkman_usfem_pkpk_k1,y,tangential,0.0003266676,0.0003266676,0.00036505,2.275778297956848e-06,-1.5495424952174837e-07,-1.5495424952174837e-07,2.275778297956848e-06
brinkman_usfem_pkpk_k1,y,tangential,0.0003290665,0.0003290665,0.00036505,3.782095937787845e-06,-2.043817992277734e-07,-2.043817992277734e-07,3.782095937787845e-06
brinkman_usfem_pkpk_k1,y,tangential,0.0003314654,0.0003314654,0.00036505,5.288413577618842e-06,-2.5380934893379843e-07,-2.5380934893379843e-07,5.288413577618842e-06
brinkman_usfem_pkpk_k1,y,tangential,0.0003338643,0.0003338643,0.00036505,6.6695258205440665e-06,-3.0329705755701357e-07,-3.0329705755701357e-07,6.6695258205440665e-06
brinkman_usfem_pkpk_k1,y,tangential,0.00033626319999999996,0.00033626319999999996,0.00036505,5.2961193315425305e-06,-3.541082623584237e-07,-3.541082623584237e-07,5.2961193315425305e-06
brinkman_usfem_pkpk_k1,y,tangential,0.00033866209999999997,0.00033866209999999997,0.00036505,3.922712842540962e-06,-4.049194671598349e-07,-4.049194671598349e-07,3.922712842540962e-06
brinkman_usfem_pkpk_k1,y,tangential,0.000341061,0.000341061,0.00036505,2.5493063535393948e-06,-4.5573067196124615e-07,-4.5573067196124615e-07,2.5493063535393948e-06
brinkman_usfem_pkpk_k1,y,tangential,0.0003434599,0.0003434599,0.00036505,1.1758998645378271e-06,-5.065418767626574e-07,-5.065418767626574e-07,1.1758998645378271e-06
brinkman_usfem_pkpk_k1,y,tangential,0.0003458588,0.0003458588,0.00036505,8.907128619253109e-07,-5.860080236371387e-07,-5.860080236371387e-07,8.907128619253109e-07
brinkman_usfem_pkpk_k1,y,tangential,0.0003482577,0.0003482577,0.00036505,1.0816218846080468e-06,-6.780107076685888e-07,-6.780107076685888e-07,1.0816218846080468e-06
brinkman_usfem_pkpk_k1,y,tangential,0.0003506566,0.0003506566,0.00036505,1.2725309072907827e-06,-7.70013391700039e-07,-7.70013391700039e-07,1.2725309072907827e-06
brinkman_usfem_pkpk_k1,y,tangential,0.00035305549999999997,0.00035305549999999997,0.00036505,1.463439929973514e-06,-8.620160757314869e-07,-8.620160757314869e-07,1.463439929973514e-06
brinkman_usfem_pkpk_k1,y,tangential,0.0003554544,0.0003554544,0.00036505,2.9784212961562584e-06,-8.657192717778396e-07,-8.657192717778396e-07,2.9784212961562584e-06
brinkman_usfem_pkpk_k1,y,tangential,0.0003578533,0.0003578533,0.00036505,6.976038306401507e-06,-7.038609278521327e-07,-7.038609278521327e-07,6.976038306401507e-06
brinkman_usfem_pkpk_k1,y,tangential,0.0003602522,0.0003602522,0.00036505,1.0973655316646755e-05,-5.42002583926426e-07,-5.42002583926426e-07,1.0973655316646755e-05
brinkman_usfem_pkpk_k1,y,tangential,0.0003626511,0.0003626511,0.00036505,1.497127232689198e-05,-3.8014424000072013e-07,-3.8014424000072013e-07,1.497127232689198e-05
brinkman_usfem_pkpk_k1,y,tangential,0.00036505,0.00036505,0.00036505,1.896888933713721e-05,-2.1828589607503457e-07,-2.1828589607503457e-07,1.896888933713721e-05
brinkman_usfem_pkpk_k1,y,tangential,0.00036744889999999996,0.00036744889999999996,0.00036505,2.1555104821698623e-05,2.284945378035752e-06,2.284945378035752e-06,2.1555104821698623e-05
brinkman_usfem_pkpk_k1,y,tangential,0.00036984779999999997,0.00036984779999999997,0.00036505,2.4141320306260104e-05,4.788176652146589e-06,4.788176652146589e-06,2.4141320306260104e-05
brinkman_usfem_pkpk_k1,y,tangential,0.0003722467,0.0003722467,0.00036505,2.6727535790821568e-05,7.291407926257412e-06,7.291407926257412e-06,2.6727535790821568e-05
brinkman_usfem_pkpk_k1,y,tangential,0.0003746456,0.0003746456,0.00036505,2.931375127538303e-05,9.794639200368235e-06,9.794639200368235e-06,2.931375127538303e-05
brinkman_usfem_pkpk_k1,y,tangential,0.0003770445,0.0003770445,0.00036505,2.7696872907055266e-05,1.0505882111169028e-05,1.0505882111169028e-05,2.7696872907055266e-05
brinkman_usfem_pkpk_k1,y,tangential,0.0003794434,0.0003794434,0.00036505,2.3838344483853323e-05,1.0261397894871188e-05,1.0261397894871188e-05,2.3838344483853323e-05
brinkman_usfem_pkpk_k1,y,tangential,0.00038184229999999996,0.00038184229999999996,0.00036505,1.9979816060651464e-05,1.0016913678573354e-05,1.0016913678573354e-05,1.9979816060651464e-05
brinkman_usfem_pkpk_k1,y,tangential,0.00038424119999999997,0.00038424119999999997,0.00036505,1.6121287637449517e-05,9.772429462275515e-06,9.772429462275515e-06,1.6121287637449517e-05
brinkman_usfem_pkpk_k1,y,tangential,0.0003866401,0.0003866401,0.00036505,1.277303163687184e-05,9.092920142321688e-06,9.092920142321688e-06,1.277303163687184e-05
brinkman_usfem_pkpk_k1,y,tangential,0.000389039,0.000389039,0.00036505,1.0591112602292632e-05,7.419067728297043e-06,7.419067728297043e-06,1.0591112602292632e-05
brinkman_usfem_pkpk_k1,y,tangential,0.0003914379,0.0003914379,0.00036505,8.409193567713424e-06,5.745215314272398e-06,5.745215314272398e-06,8.409193567713424e-06
brinkman_usfem_pkpk_k1,y,tangential,0.0003938368,0.0003938368,0.00036505,6.227274533134215e-06,4.071362900247754e-06,4.071362900247754e-06,6.227274533134215e-06
brinkman_usfem_pkpk_k1,y,tangential,0.0003962357,0.0003962357,0.00036505,4.045355498555008e-06,2.3975104862231094e-06,2.3975104862231094e-06,4.045355498555008e-06
brinkman_usfem_pkpk_k1,y,tangential,0.00039863459999999997,0.00039863459999999997,0.00036505,3.33400023091096e-06,1.6114454192194432e-06,1.6114454192194432e-06,3.33400023091096e-06
brinkman_usfem_pkpk_k1,y,tangential,0.0004010335,0.0004010335,0.00036505,2.6894887708548417e-06,8.657343225348805e-07,8.657343225348805e-07,2.6894887708548417e-06
brinkman_usfem_pkpk_k1,y,tangential,0.0004034324,0.0004034324,0.00036505,2.044977310798723e-06,1.200232258503178e-07,1.200232258503178e-07,2.044977310798723e-06
brinkman_usfem_pkpk_k1,y,tangential,0.0004058313,0.0004058313,0.00036505,1.4004658507426043e-06,-6.256878708342448e-07,-6.256878708342448e-07,1.4004658507426043e-06
brinkman_usfem_pkpk_k1,y,tangential,0.0004082302,0.0004082302,0.00036505,1.0073663510247343e-06,-8.151780258716237e-07,-8.151780258716237e-07,1.0073663510247343e-06
brinkman_usfem_pkpk_k1,y,tangential,0.0004106291,0.0004106291,0.00036505,7.758888258100169e-07,-6.470975755643917e-07,-6.470975755643917e-07,7.758888258100169e-07
brinkman_usfem_pkpk_k1,y,tangential,0.00041302799999999996,0.00041302799999999996,0.00036505,5.44411300595305e-07,-4.790171252571635e-07,-4.790171252571635e-07,5.44411300595305e-07
brinkman_usfem_pkpk_k1,y,tangential,0.00041542689999999997,0.00041542689999999997,0.00036505,3.1293377538058765e-07,-3.109366749499315e-07,-3.109366749499315e-07,3.1293377538058765e-07
brinkman_usfem_pkpk_k1,y,tangential,0.0004178258,0.0004178258,0.00036505,1.3059844622779206e-07,-1.812331092624116e-07,-1.812331092624116e-07,1.3059844622779206e-07
brinkman_usfem_pkpk_k1,y,tangential,0.0004202247,0.0004202247,0.00036505,8.749933925045516e-08,-1.6026404999741957e-07,-1.6026404999741957e-07,8.749933925045516e-08
brinkman_usfem_pkpk_k1,y,tangential,0.0004226236,0.0004226236,0.00036505,4.440023227311827e-08,-1.3929499073242756e-07,-1.3929499073242756e-07,4.440023227311827e-08
brinkman_usfem_pkpk_k1,y,tangential,0.0004250225,0.0004250225,0.00036505,1.3011252957813954e-09,-1.1832593146743554e-07,-1.1832593146743554e-07,1.3011252957813954e-09
brinkman_usfem_pkpk_k1,y,tangential,0.00042742139999999996,0.00042742139999999996,0.00036505,-4.1797981681554505e-08,-9.735687220244401e-08,-9.735687220244401e-08,-4.1797981681554505e-08
brinkman_usfem_pkpk_k1,y,tangential,0.00042982029999999997,0.00042982029999999997,0.00036505,-1.0961335231114965e-07,1.7846329090563438e-08,1.7846329090563438e-08,-1.0961335231114965e-07
brinkman_usfem_pkpk_k1,y,tangential,0.0004322192,0.0004322192,0.00036505,-1.7978265281238964e-07,1.4202421057671874e-07,1.4202421057671874e-07,-1.7978265281238964e-07
brinkman_usfem_pkpk_k1,y,tangential,0.0004346181,0.0004346181,0.00036505,-2.499519533136296e-07,2.6620209206287394e-07,2.6620209206287394e-07,-2.499519533136296e-07
brinkman_usfem_pkpk_k1,y,tangential,0.000437017,0.000437017,0.00036505,-3.201212538148696e-07,3.9037997354902917e-07,3.9037997354902917e-07,-3.201212538148696e-07
brinkman_usfem_pkpk_k1,y,tangential,0.0004394159,0.0004394159,0.00036505,-1.7304048548676244e-07,3.8566804222911297e-07,3.8566804222911297e-07,-1.7304048548676244e-07
brinkman_usfem_pkpk_k1,y,tangential,0.0004418148,0.0004418148,0.00036505,1.411557204023852e-07,2.818101010583711e-07,2.818101010583711e-07,1.411557204023852e-07
brinkman_usfem_pkpk_k1,y,tangential,0.00044421369999999996,0.00044421369999999996,0.00036505,4.553519262915257e-07,1.7795215988763153e-07,1.7795215988763153e-07,4.553519262915257e-07
brinkman_usfem_pkpk_k1,y,tangential,0.0004466126,0.0004466126,0.00036505,7.695481321806733e-07,7.409421871688967e-08,7.409421871688967e-08,7.695481321806733e-07
brinkman_usfem_pkpk_k1,y,tangential,0.0004490115,0.0004490115,0.00036505,1.4576770522363487e-06,2.239808952518794e-07,2.239808952518794e-07,1.4576770522363487e-06
brinkman_usfem_pkpk_k1,y,tangential,0.0004514104,0.0004514104,0.00036505,3.4919637432915014e-06,1.28734819552752e-06,1.28734819552752e-06,3.4919637432915014e-06
brinkman_usfem_pkpk_k1,y,tangential,0.0004538093,0.0004538093,0.00036505,5.526250434346654e-06,2.3507154958031602e-06,2.3507154958031602e-06,5.526250434346654e-06
brinkman_usfem_pkpk_k1,y,tangential,0.0004562082,0.0004562082,0.00036505,7.560537125401806e-06,3.4140827960788007e-06,3.4140827960788007e-06,7.560537125401806e-06
brinkman_usfem_pkpk_k1,y,tangential,0.00045860709999999996,0.00045860709999999996,0.00036505,9.594823816456912e-06,4.477450096354417e-06,4.477450096354417e-06,9.594823816456912e-06
brinkman_usfem_pkpk_k1,y,tangential,0.00046100599999999997,0.00046100599999999997,0.00036505,9.29502206757494e-06,4.887121642914436e-06,4.887121642914436e-06,9.29502206757494e-06
brinkman_usfem_pkpk_k1,y,tangential,0.0004634049,0.0004634049,0.00036505,8.645107052702341e-06,5.198738826417103e-06,5.198738826417103e-06,8.645107052702341e-06
brinkman_usfem_pkpk_k1,y,tangential,0.0004658038,0.0004658038,0.00036505,7.995192037829744e-06,5.510356009919769e-06,5.510356009919769e-06,7.995192037829744e-06
brinkman_usfem_pkpk_k1,y,tangential,0.0004682027,0.0004682027,0.00036505,7.3452770229571435e-06,5.821973193422435e-06,5.821973193422435e-06,7.3452770229571435e-06
brinkman_usfem_pkpk_k1,y,tangential,0.0004706016,0.0004706016,0.00036505,6.53548180242787e-06,5.550778342395007e-06,5.550778342395007e-06,6.53548180242787e-06
brinkman_usfem_pkpk_k1,y,tangential,0.0004730005,0.0004730005,0.00036505,5.579129726713296e-06,4.745339126381658e-06,4.745339126381658e-06,5.579129726713296e-06
brinkman_usfem_pkpk_k1,y,tangential,0.00047539939999999997,0.00047539939999999997,0.00036505,4.622777650998743e-06,3.939899910368327e-06,3.939899910368327e-06,4.622777650998743e-06
brinkman_usfem_pkpk_k1,y,tangential,0.0004777983,0.0004777983,0.00036505,3.66642557528417e-06,3.1344606943549785e-06,3.1344606943549785e-06,3.66642557528417e-06
brinkman_usfem_pkpk_k1,y,tangential,0.0004801972,0.0004801972,0.00036505,2.8132342522776648e-06,2.3450984174123215e-06,2.3450984174123215e-06,2.8132342522776648e-06
brinkman_usfem_pkpk_k1,y,tangential,0.0004825961,0.0004825961,0.00036505,2.4500565046345694e-06,1.6321016010555056e-06,1.6321016010555056e-06,2.4500565046345694e-06
brinkman_usfem_pkpk_k1,y,tangential,0.000484995,0.000484995,0.00036505,2.086878756991474e-06,9.191047846986897e-07,9.191047846986897e-07,2.086878756991474e-06
brinkman_usfem_pkpk_k1,y,tangential,0.0004873939,0.0004873939,0.00036505,1.7237010093483786e-06,2.0610796834187385e-07,2.0610796834187385e-07,1.7237010093483786e-06
brinkman_usfem_pkpk_k1,y,tangential,0.0004897928,0.0004897928,0.00036505,1.360523261705283e-06,-5.068888480149423e-07,-5.068888480149423e-07,1.360523261705283e-06
brinkman_usfem_pkpk_k1,y,tangential,0.0004921917,0.0004921917,0.00036505,1.2622057019047093e-06,-7.230755173321107e-07,-7.230755173321107e-07,1.2622057019047093e-06
brinkman_usfem_pkpk_k1,y,tangential,0.0004945906,0.0004945906,0.00036505,1.219648181649929e-06,-8.346705767461984e-07,-8.346705767461984e-07,1.219648181649929e-06
brinkman_usfem_pkpk_k1,y,tangential,0.0004969895,0.0004969895,0.00036505,1.1770906613951483e-06,-9.462656361602859e-07,-9.462656361602859e-07,1.1770906613951483e-06
brinkman_usfem_pkpk_k1,y,tangential,0.0004993884,0.0004993884,0.00036505,1.134533141140368e-06,-1.0578606955743734e-06,-1.0578606955743734e-06,1.134533141140368e-06
brinkman_usfem_pkpk_k1,y,tangential,0.0005017873000000001,0.0005017873000000001,0.00036505,9.99565052527913e-07,-1.0516861754572273e-06,-1.0516861754572273e-06,9.99565052527913e-07
brinkman_usfem_pkpk_k1,y,tangential,0.0005041862000000001,0.0005041862000000001,0.00036505,7.637854347980137e-07,-9.170357503969306e-07,-9.170357503969306e-07,7.637854347980137e-07
brinkman_usfem_pkpk_k1,y,tangential,0.0005065851000000001,0.0005065851000000001,0.00036505,5.280058170681144e-07,-7.82385325336634e-07,-7.82385325336634e-07,5.280058170681144e-07
brinkman_usfem_pkpk_k1,y,tangential,0.0005089840000000001,0.0005089840000000001,0.00036505,2.9222619933821517e-07,-6.477349002763375e-07,-6.477349002763375e-07,2.9222619933821517e-07
brinkman_usfem_pkpk_k1,y,tangential,0.0005113829000000001,0.0005113829000000001,0.00036505,1.0365849605195373e-07,-5.027575787414152e-07,-5.027575787414152e-07,1.0365849605195373e-07
brinkman_usfem_pkpk_k1,y,tangential,0.0005137818,0.0005137818,0.00036505,2.2983688905643375e-07,-2.8893428070900167e-07,-2.8893428070900167e-07,2.2983688905643375e-07
brinkman_usfem_pkpk_k1,y,tangential,0.0005161807,0.0005161807,0.00036505,3.5601528206091953e-07,-7.511098267657849e-08,-7.511098267657849e-08,3.5601528206091953e-07
brinkman_usfem_pkpk_k1,y,tangential,0.0005185796,0.0005185796,0.00036505,4.821936750654052e-07,1.3871231535584464e-07,1.3871231535584464e-07,4.821936750654052e-07
brinkman_usfem_pkpk_k1,y,tangential,0.0005209785,0.0005209785,0.00036505,6.08372068069891e-07,3.5253561338826797e-07,3.5253561338826797e-07,6.08372068069891e-07
brinkman_usfem_pkpk_k1,y,tangential,0.0005233774,0.0005233774,0.00036505,4.655710809199515e-07,5.897586075200457e-07,5.897586075200457e-07,4.655710809199515e-07
brinkman_usfem_pkpk_k1,y,tangential,0.0005257763,0.0005257763,0.00036505,2.4805359928266245e-07,8.334815172349815e-07,8.334815172349815e-07,2.4805359928266245e-07
brinkman_usfem_pkpk_k1,y,tangential,0.0005281752,0.0005281752,0.00036505,3.0536117645373246e-08,1.0772044269499174e-06,1.0772044269499174e-06,3.0536117645373246e-08
brinkman_usfem_pkpk_k1,y,tangential,0.0005305741,0.0005305741,0.00036505,-1.8698136399191578e-07,1.320927336664853e-06,1.320927336664853e-06,-1.8698136399191578e-07
brinkman_usfem_pkpk_k1,y,tangential,0.0005329730000000001,0.0005329730000000001,0.00036505,-3.2030582073300645e-07,1.1469712497358126e-06,1.1469712497358126e-06,-3.2030582073300645e-07
brinkman_usfem_pkpk_k1,y,tangential,0.0005353719000000001,0.0005353719000000001,0.00036505,-3.441793451090397e-07,4.300324671696612e-07,4.300324671696612e-07,-3.441793451090397e-07
brinkman_usfem_pkpk_k1,y,tangential,0.0005377708000000001,0.0005377708000000001,0.00036505,-3.68052869485073e-07,-2.8690631539648987e-07,-2.8690631539648987e-07,-3.68052869485073e-07
brinkman_usfem_pkpk_k1,y,tangential,0.0005401697000000001,0.0005401697000000001,0.00036505,-3.919263938611063e-07,-1.0038450979626411e-06,-1.0038450979626411e-06,-3.919263938611063e-07
brinkman_usfem_pkpk_k1,y,tangential,0.0005425686,0.0005425686,0.00036505,-4.188564524644963e-07,-1.6662265464243779e-06,-1.6662265464243779e-06,-4.188564524644963e-07
brinkman_usfem_pkpk_k1,y,tangential,0.0005449675,0.0005449675,0.00036505,-4.778801204551448e-07,-1.7557559867902792e-06,-1.7557559867902792e-06,-4.778801204551448e-07
brinkman_usfem_pkpk_k1,y,tangential,0.0005473664,0.0005473664,0.00036505,-5.369037884457932e-07,-1.8452854271561807e-06,-1.8452854271561807e-06,-5.369037884457932e-07
brinkman_usfem_pkpk_k1,y,tangential,0.0005497653,0.0005497653,0.00036505,-5.959274564364416e-07,-1.934814867522082e-06,-1.934814867522082e-06,-5.959274564364416e-07
brinkman_usfem_pkpk_k1,y,tangential,0.0005521642,0.0005521642,0.00036505,-6.5495112442709e-07,-2.0243443078879833e-06,-2.0243443078879833e-06,-6.5495112442709e-07
brinkman_usfem_pkpk_k1,y,tangential,0.0005545631,0.0005545631,0.00036505,-4.3522702047795497e-07,-1.954047198973008e-06,-1.954047198973008e-06,-4.3522702047795497e-07
brinkman_usfem_pkpk_k1,y,tangential,0.000556962,0.000556962,0.00036505,-1.1712134996182328e-07,-1.8273407197235996e-06,-1.8273407197235996e-06,-1.1712134996182328e-07
brinkman_usfem_pkpk_k1,y,tangential,0.0005593609,0.0005593609,0.00036505,2.009843205543086e-07,-1.7006342404741906e-06,-1.7006342404741906e-06,2.009843205543086e-07
brinkman_usfem_pkpk_k1,y,tangential,0.0005617598000000001,0.0005617598000000001,0.00036505,5.190899910704404e-07,-1.573927761224782e-06,-1.573927761224782e-06,5.190899910704404e-07
brinkman_usfem_pkpk_k1,y,tangential,0.0005641587000000001,0.0005641587000000001,0.00036505,8.51079789214172e-07,-1.6185261278103186e-06,-1.6185261278103186e-06,8.51079789214172e-07
brinkman_usfem_pkpk_k1,y,tangential,0.0005665576000000001,0.0005665576000000001,0.00036505,1.2046671192230324e-06,-1.929598699027971e-06,-1.929598699027971e-06,1.2046671192230324e-06
brinkman_usfem_pkpk_k1,y,tangential,0.0005689565000000001,0.0005689565000000001,0.00036505,1.558254449231893e-06,-2.2406712702456228e-06,-2.2406712702456228e-06,1.558254449231893e-06
brinkman_usfem_pkpk_k1,y,tangential,0.0005713554000000001,0.0005713554000000001,0.00036505,1.9118417792407535e-06,-2.551743841463275e-06,-2.551743841463275e-06,1.9118417792407535e-06
brinkman_usfem_pkpk_k1,y,tangential,0.0005737543,0.0005737543,0.00036505,2.360077112287496e-06,-2.845121818114853e-06,-2.845121818114853e-06,2.360077112287496e-06
brinkman_usfem_pkpk_k1,y,tangential,0.0005761532,0.0005761532,0.00036505,4.89056851216809e-06,-2.7492187143132148e-06,-2.7492187143132148e-06,4.89056851216809e-06
brinkman_usfem_pkpk_k1,y,tangential,0.0005785521,0.0005785521,0.00036505,7.4210599120486835e-06,-2.6533156105115767e-06,-2.6533156105115767e-06,7.4210599120486835e-06
brinkman_usfem_pkpk_k1,y,tangential,0.000580951,0.000580951,0.00036505,9.951551311929277e-06,-2.5574125067099387e-06,-2.5574125067099387e-06,9.951551311929277e-06
brinkman_usfem_pkpk_k1,y,tangential,0.0005833499,0.0005833499,0.00036505,1.2482042711809872e-05,-2.4615094029083006e-06,-2.4615094029083006e-06,1.2482042711809872e-05
brinkman_usfem_pkpk_k1,y,tangential,0.0005857488,0.0005857488,0.00036505,1.3129519954950888e-05,-2.096434408114093e-06,-2.096434408114093e-06,1.3129519954950888e-05
brinkman_usfem_pkpk_k1,y,tangential,0.0005881477,0.0005881477,0.00036505,1.295317850451828e-05,-1.6135967110106207e-06,-1.6135967110106207e-06,1.295317850451828e-05
brinkman_usfem_pkpk_k1,y,tangential,0.0005905466,0.0005905466,0.00036505,1.2776837054085672e-05,-1.1307590139071472e-06,-1.1307590139071472e-06,1.2776837054085672e-05
brinkman_usfem_pkpk_k1,y,tangential,0.0005929455000000001,0.0005929455000000001,0.00036505,1.2600495603653062e-05,-6.479213168036744e-07,-6.479213168036744e-07,1.2600495603653062e-05
brinkman_usfem_pkpk_k1,y,tangential,0.0005953444000000001,0.0005953444000000001,0.00036505,1.1894599226032963e-05,-2.4432011920552843e-07,-2.4432011920552843e-07,1.1894599226032963e-05
brinkman_usfem_pkpk_k1,y,tangential,0.0005977433000000001,0.0005977433000000001,0.00036505,1.0195787359936479e-05,1.071264182010952e-08,1.071264182010952e-08,1.0195787359936479e-05
brinkman_usfem_pkpk_k1,y,tangential,0.0006001422000000001,0.0006001422000000001,0.00036505,8.496975493839995e-06,2.657454028457474e-07,2.657454028457474e-07,8.496975493839995e-06
brinkman_usfem_pkpk_k1,y,tangential,0.0006025411000000001,0.0006025411000000001,0.00036505,6.798163627743509e-06,5.207781638713854e-07,5.207781638713854e-07,6.798163627743509e-06
brinkman_usfem_pkpk_k1,y,tangential,0.00060494,0.00060494,0.00036505,5.099351761647095e-06,7.758109248970016e-07,7.758109248970016e-07,5.099351761647095e-06
brinkman_usfem_pkpk_k1,y,tangential,0.0006073389,0.0006073389,0.00036505,3.952851633749383e-06,6.263776758202416e-07,6.263776758202416e-07,3.952851633749383e-06
brinkman_usfem_pkpk_k1,y,tangential,0.0006097378,0.0006097378,0.00036505,2.8063515058516104e-06,4.769444267434725e-07,4.769444267434725e-07,2.8063515058516104e-06
brinkman_usfem_pkpk_k1,y,tangential,0.0006121367,0.0006121367,0.00036505,1.6598513779538386e-06,3.2751117766670353e-07,3.2751117766670353e-07,1.6598513779538386e-06
brinkman_usfem_pkpk_k1,y,tangential,0.0006145356,0.0006145356,0.00036505,5.133512500560669e-07,1.7807792858993448e-07,1.7807792858993448e-07,5.133512500560669e-07
brinkman_usfem_pkpk_k1,y,tangential,0.0006169345,0.0006169345,0.00036505,9.839704338786376e-08,1.0511306879625601e-07,1.0511306879625601e-07,9.839704338786376e-08
brinkman_usfem_pkpk_k1,y,tangential,0.0006193334,0.0006193334,0.00036505,7.360066137541593e-08,7.293134995355863e-08,7.293134995355863e-08,7.360066137541593e-08
brinkman_usfem_pkpk_k1,y,tangential,0.0006217323,0.0006217323,0.00036505,4.880427936296809e-08,4.074963111086123e-08,4.074963111086123e-08,4.880427936296809e-08
brinkman_usfem_pkpk_k1,y,tangential,0.0006241312000000001,0.0006241312000000001,0.00036505,2.4007897350520255e-08,8.567912268163841e-09,8.567912268163841e-09,2.4007897350520255e-08
brinkman_usfem_pkpk_k1,y,tangential,0.0006265301000000001,0.0006265301000000001,0.00036505,5.2307766036688675e-09,-1.3930623988187709e-08,-1.3930623988187709e-08,5.2307766036688675e-09
brinkman_usfem_pkpk_k1,y,tangential,0.0006289290000000001,0.0006289290000000001,0.00036505,2.1196732103714058e-10,-1.4296171475750328e-08,-1.4296171475750328e-08,2.1196732103714058e-10
brinkman_usfem_pkpk_k1,y,tangential,0.0006313279000000001,0.0006313279000000001,0.00036505,-4.806841961594588e-09,-1.4661718963312946e-08,-1.4661718963312946e-08,-4.806841961594588e-09
brinkman_usfem_pkpk_k1,y,tangential,0.0006337268000000001,0.0006337268000000001,0.00036505,-9.825651244226316e-09,-1.5027266450875563e-08,-1.5027266450875563e-08,-9.825651244226316e-09
brinkman_usfem_pkpk_k1,y,tangential,0.0006361257,0.0006361257,0.00036505,-1.4844460526857813e-08,-1.5392813938438166e-08,-1.5392813938438166e-08,-1.4844460526857813e-08
brinkman_usfem_pkpk_k1,y,tangential,0.0006385246,0.0006385246,0.00036505,-6.557566623789065e-09,-1.3889358173839918e-08,-1.3889358173839918e-08,-6.557566623789065e-09
brinkman_usfem_pkpk_k1,y,tangential,0.0006409235,0.0006409235,0.00036505,2.3341319695388857e-09,-1.2300947715961602e-08,-1.2300947715961602e-08,2.3341319695388857e-09
brinkman_usfem_pkpk_k1,y,tangential,0.0006433224,0.0006433224,0.00036505,1.1225830562866838e-08,-1.0712537258083287e-08,-1.0712537258083287e-08,1.1225830562866838e-08
brinkman_usfem_pkpk_k1,y,tangential,0.0006457213,0.0006457213,0.00036505,2.0117529156194785e-08,-9.124126800204972e-09,-9.124126800204972e-09,2.0117529156194785e-08
brinkman_usfem_pkpk_k1,y,tangential,0.0006481202,0.0006481202,0.00036505,1.3957825893368583e-06,-6.501678461549885e-07,-6.501678461549885e-07,1.3957825893368583e-06
brinkman_usfem_pkpk_k1,y,tangential,0.0006505191,0.0006505191,0.00036505,3.650087667680718e-06,-1.7043322203892975e-06,-1.7043322203892975e-06,3.650087667680718e-06
brinkman_usfem_pkpk_k1,y,tangential,0.000652918,0.000652918,0.00036505,5.904392746024577e-06,-2.7584965946236065e-06,-2.7584965946236065e-06,5.904392746024577e-06
brinkman_usfem_pkpk_k1,y,tangential,0.0006553169000000001,0.0006553169000000001,0.00036505,8.158697824368435e-06,-3.812660968857915e-06,-3.812660968857915e-06,8.158697824368435e-06
brinkman_usfem_pkpk_k1,y,tangential,0.0006577158000000001,0.0006577158000000001,0.00036505,9.73028787467903e-06,-4.557669079904233e-06,-4.557669079904233e-06,9.73028787467903e-06
brinkman_usfem_pkpk_k1,y,tangential,0.0006601147000000001,0.0006601147000000001,0.00036505,9.367518678895497e-06,-4.426734445251296e-06,-4.426734445251296e-06,9.367518678895497e-06
brinkman_usfem_pkpk_k1,y,tangential,0.0006625136000000001,0.0006625136000000001,0.00036505,9.004749483111963e-06,-4.295799810598359e-06,-4.295799810598359e-06,9.004749483111963e-06
brinkman_usfem_pkpk_k1,y,tangential,0.0006649125000000001,0.0006649125000000001,0.00036505,8.64198028732843e-06,-4.164865175945421e-06,-4.164865175945421e-06,8.64198028732843e-06
brinkman_usfem_pkpk_k1,y,tangential,0.0006673114,0.0006673114,0.00036505,8.279211091544912e-06,-4.03393054129249e-06,-4.03393054129249e-06,8.279211091544912e-06
brinkman_usfem_pkpk_k1,y,tangential,0.0006697103,0.0006697103,0.00036505,6.7139467746783724e-06,-3.4502976593041156e-06,-3.4502976593041156e-06,6.7139467746783724e-06
brinkman_usfem_pkpk_k1,y,tangential,0.0006721092,0.0006721092,0.00036505,5.034159112946739e-06,-2.8235506585218734e-06,-2.8235506585218734e-06,5.034159112946739e-06
brinkman_usfem_pkpk_k1,y,tangential,0.0006745081,0.0006745081,0.00036505,3.354371451215105e-06,-2.196803657739631e-06,-2.196803657739631e-06,3.354371451215105e-06
brinkman_usfem_pkpk_k1,y,tangential,0.000676907,0.000676907,0.00036505,1.6745837894834718e-06,-1.5700566569573892e-06,-1.5700566569573892e-06,1.6745837894834718e-06
brinkman_usfem_pkpk_k1,y,tangential,0.0006793059,0.0006793059,0.00036505,8.36513909042519e-07,-1.1535357174399232e-06,-1.1535357174399232e-06,8.36513909042519e-07
brinkman_usfem_pkpk_k1,y,tangential,0.0006817048,0.0006817048,0.00036505,6.459192449790007e-07,-8.987271327415205e-07,-8.987271327415205e-07,6.459192449790007e-07
brinkman_usfem_pkpk_k1,y,tangential,0.0006841037000000001,0.0006841037000000001,0.00036505,4.553245809154826e-07,-6.43918548043118e-07,-6.43918548043118e-07,4.553245809154826e-07
brinkman_usfem_pkpk_k1,y,tangential,0.0006865026000000001,0.0006865026000000001,0.00036505,2.6472991685196424e-07,-3.8910996334471524e-07,-3.8910996334471524e-07,2.6472991685196424e-07
brinkman_usfem_pkpk_k1,y,tangential,0.0006889015000000001,0.0006889015000000001,0.00036505,1.0530306744424434e-07,-1.6087796961214959e-07,-1.6087796961214959e-07,1.0530306744424434e-07
brinkman_usfem_pkpk_k1,y,tangential,0.0006913004000000001,0.0006913004000000001,0.00036505,5.8080350797391496e-08,-2.8321703356595866e-08,-2.8321703356595866e-08,5.8080350797391496e-08
brinkman_usfem_pkpk_k1,y,tangential,0.0006936993000000001,0.0006936993000000001,0.00036505,1.0857634150538617e-08,1.0423456289895789e-07,1.0423456289895789e-07,1.0857634150538617e-08
brinkman_usfem_pkpk_k1,y,tangential,0.0006960982000000001,0.0006960982000000001,0.00036505,-3.636508249631424e-08,2.367908291545116e-07,2.367908291545116e-07,-3.636508249631424e-08
brinkman_usfem_pkpk_k1,y,tangential,0.0006984971,0.0006984971,0.00036505,-8.358779914316495e-08,3.693470954100593e-07,3.693470954100593e-07,-8.358779914316495e-08
brinkman_usfem_pkpk_k1,y,tangential,0.000700896,0.000700896,0.00036505,-5.4173888236434996e-08,3.6429821714920003e-07,3.6429821714920003e-07,-5.4173888236434996e-08
brinkman_usfem_pkpk_k1,y,tangential,0.0007032949,0.0007032949,0.00036505,-1.3264483196667464e-08,3.3860856721087973e-07,3.3860856721087973e-07,-1.3264483196667464e-08
brinkman_usfem_pkpk_k1,y,tangential,0.0007056938,0.0007056938,0.00036505,2.7644921843100056e-08,3.129189172725595e-07,3.129189172725595e-07,2.7644921843100056e-08
brinkman_usfem_pkpk_k1,y,tangential,0.0007080927,0.0007080927,0.00036505,6.85543268828676e-08,2.8722926733423925e-07,2.8722926733423925e-07,6.85543268828676e-08
brinkman_usfem_pkpk_k1,y,tangential,0.0007104916,0.0007104916,0.00036505,4.877459178297952e-07,2.4637967180086365e-07,2.4637967180086365e-07,4.877459178297952e-07
brinkman_usfem_pkpk_k1,y,tangential,0.0007128905,0.0007128905,0.00036505,1.2536961791915857e-06,1.9163345947202259e-07,1.9163345947202259e-07,1.2536961791915857e-06
brinkman_usfem_pkpk_k1,y,tangential,0.0007152894000000001,0.0007152894000000001,0.00036505,2.0196464405533764e-06,1.3688724714318147e-07,1.3688724714318147e-07,2.0196464405533764e-06
brinkman_usfem_pkpk_k1,y,tangential,0.0007176883000000001,0.0007176883000000001,0.00036505,2.785596701915167e-06,8.214103481434039e-08,8.214103481434039e-08,2.785596701915167e-06
brinkman_usfem_pkpk_k1,y,tangential,0.0007200872000000001,0.0007200872000000001,0.00036505,3.454284608522464e-06,3.5439266774894754e-08,3.5439266774894754e-08,3.454284608522464e-06
brinkman_usfem_pkpk_k1,y,tangential,0.0007224861000000001,0.0007224861000000001,0.00036505,3.6609763300459304e-06,2.694860911007611e-08,2.694860911007611e-08,3.6609763300459304e-06
brinkman_usfem_pkpk_k1,y,tangential,0.000724885,0.000724885,0.00036505,3.867668051569387e-06,1.845795144525786e-08,1.845795144525786e-08,3.867668051569387e-06
darcy_taylor_hood_p2p1,x,flux,5.215e-06,5.215e-06,0.00036505,2.8639744209605464e-09,-1.5718764243674575e-10,2.8639744209605464e-09,-1.5718764243674575e-10
darcy_taylor_hood_p2p1,x,flux,7.6139e-06,7.6139e-06,0.00036505,3.5569336942902725e-09,3.540310614178217e-10,3.5569336942902725e-09,3.540310614178217e-10
darcy_taylor_hood_p2p1,x,flux,1.00128e-05,1.00128e-05,0.00036505,4.6132930561986504e-09,1.0552728018108912e-09,4.6132930561986504e-09,1.0552728018108912e-09
darcy_taylor_hood_p2p1,x,flux,1.24117e-05,1.24117e-05,0.00036505,8.272644758305153e-08,2.0294991606617036e-07,8.272644758305153e-08,2.0294991606617036e-07
darcy_taylor_hood_p2p1,x,flux,1.48106e-05,1.48106e-05,0.00036505,2.0298023063679677e-07,3.500614249051134e-07,2.0298023063679677e-07,3.500614249051134e-07
darcy_taylor_hood_p2p1,x,flux,1.72095e-05,1.72095e-05,0.00036505,3.516697357851322e-07,3.9080761685118444e-07,3.516697357851322e-07,3.9080761685118444e-07
darcy_taylor_hood_p2p1,x,flux,1.96084e-05,1.96084e-05,0.00036505,5.287949630280578e-07,3.2518849190438353e-07,5.287949630280578e-07,3.2518849190438353e-07
darcy_taylor_hood_p2p1,x,flux,2.20073e-05,2.20073e-05,0.00036505,0.00016587882893376267,0.0001258545072652988,0.00016587882893376267,0.0001258545072652988
darcy_taylor_hood_p2p1,x,flux,2.44062e-05,2.44062e-05,0.00036505,0.0004332969723002386,0.00031477171243653954,0.0004332969723002386,0.00031477171243653954
darcy_taylor_hood_p2p1,x,flux,2.6805100000000002e-05,2.6805100000000002e-05,0.00036505,0.0005950545828622154,0.00040395948275304973,0.0005950545828622154,0.00040395948275304973
darcy_taylor_hood_p2p1,x,flux,2.9204e-05,2.9204e-05,0.00036505,0.0006511516606196926,0.0003934178182148293,0.0006511516606196926,0.0003934178182148293
darcy_taylor_hood_p2p1,x,flux,3.1602899999999995e-05,3.1602899999999995e-05,0.00036505,0.0006165313343578387,0.0003088165257050026,0.0006165313343578387,0.0003088165257050026
darcy_taylor_hood_p2p1,x,flux,3.4001800000000004e-05,3.4001800000000004e-05,0.00036505,0.0006387637808119717,0.0003397700894926482,0.0006387637808119717,0.0003397700894926482
darcy_taylor_hood_p2p1,x,flux,3.64007e-05,3.64007e-05,0.00036505,0.0006666069467625369,0.000349109729278509,0.0006666069467625369,0.000349109729278509
darcy_taylor_hood_p2p1,x,flux,3.8799599999999994e-05,3.8799599999999994e-05,0.00036505,0.0007000608322095345,0.0003368354450625852,0.0007000608322095345,0.0003368354450625852
darcy_taylor_hood_p2p1,x,flux,4.11985e-05,4.11985e-05,0.00036505,0.0007391254371529647,0.0003029472368448765,0.0007391254371529647,0.0003029472368448765
darcy_taylor_hood_p2p1,x,flux,4.35974e-05,4.35974e-05,0.00036505,0.0007369826260366593,0.0003040281285570631,0.0007369826260366593,0.0003040281285570631
darcy_taylor_hood_p2p1,x,flux,4.5996300000000005e-05,4.5996300000000005e-05,0.00036505,0.0007186303478620089,0.00031242628055969736,0.0007186303478620089,0.00031242628055969736
darcy_taylor_hood_p2p1,x,flux,4.83952e-05,4.83952e-05,0.00036505,0.0006959986221249329,0.0003140356103080836,0.0006959986221249329,0.0003140356103080836
darcy_taylor_hood_p2p1,x,flux,5.0794099999999995e-05,5.0794099999999995e-05,0.00036505,0.0006690874488254315,0.00030885611780222174,0.0006690874488254315,0.00030885611780222174
darcy_taylor_hood_p2p1,x,flux,5.3193000000000004e-05,5.3193000000000004e-05,0.00036505,0.0006435522052488622,0.0002994621637566362,0.0006435522052488622,0.0002994621637566362
darcy_taylor_hood_p2p1,x,flux,5.55919e-05,5.55919e-05,0.00036505,0.000625393226204945,0.000293662501045615,0.000625393226204945,0.000293662501045615
darcy_taylor_hood_p2p1,x,flux,5.7990799999999994e-05,5.7990799999999994e-05,0.00036505,0.0006089539267110016,0.00029088239348509814,0.0006089539267110016,0.00029088239348509814
darcy_taylor_hood_p2p1,x,flux,6.03897e-05,6.03897e-05,0.00036505,0.0005942343067670321,0.0002911218410750855,0.0005942343067670321,0.0002911218410750855
darcy_taylor_hood_p2p1,x,flux,6.27886e-05,6.27886e-05,0.00036505,0.0005806413843127069,0.0002932797279463642,0.0005806413843127069,0.0002932797279463642
darcy_taylor_hood_p2p1,x,flux,6.51875e-05,6.51875e-05,0.00036505,0.0005640091597739623,0.0002874099211179627,0.0005640091597739623,0.0002874099211179627
darcy_taylor_hood_p2p1,x,flux,6.75864e-05,6.75864e-05,0.00036505,0.0005517965019834762,0.00028550629014891747,0.0005517965019834762,0.00028550629014891747
darcy_taylor_hood_p2p1,x,flux,6.99853e-05,6.99853e-05,0.00036505,0.0005440034109412491,0.00028756883503922855,0.0005440034109412491,0.00028756883503922855
darcy_taylor_hood_p2p1,x,flux,7.238419999999999e-05,7.238419999999999e-05,0.00036505,0.0005406298866472805,0.00029359755578889596,0.0005406298866472805,0.00029359755578889596
darcy_taylor_hood_p2p1,x,flux,7.47831e-05,7.47831e-05,0.00036505,0.0005296268785475531,0.0002941635294562411,0.0005296268785475531,0.0002941635294562411
darcy_taylor_hood_p2p1,x,flux,7.7182e-05,7.7182e-05,0.00036505,0.0005199035510375941,0.0002955914518996135,0.0005199035510375941,0.0002955914518996135
darcy_taylor_hood_p2p1,x,flux,7.95809e-05,7.95809e-05,0.00036505,0.0005158794181832021,0.00030124272248578356,0.0005158794181832021,0.00030124272248578356
darcy_taylor_hood_p2p1,x,flux,8.19798e-05,8.19798e-05,0.00036505,0.0005175544799843769,0.0003111173412147513,0.0005175544799843769,0.0003111173412147513
darcy_taylor_hood_p2p1,x,flux,8.437869999999999e-05,8.437869999999999e-05,0.00036505,0.0005170274869253763,0.00031997433499416104,0.0005170274869253763,0.00031997433499416104
darcy_taylor_hood_p2p1,x,flux,8.67776e-05,8.67776e-05,0.00036505,0.0005093960336783725,0.00032484128871415103,0.0005093960336783725,0.00032484128871415103
darcy_taylor_hood_p2p1,x,flux,8.91765e-05,8.91765e-05,0.00036505,0.0005067265930831174,0.0003338442432011025,0.0005067265930831174,0.0003338442432011025
darcy_taylor_hood_p2p1,x,flux,9.15754e-05,9.15754e-05,0.00036505,0.0005090191651396111,0.0003469831984550156,0.0005090191651396111,0.0003469831984550156
darcy_taylor_hood_p2p1,x,flux,9.39743e-05,9.39743e-05,0.00036505,0.0005159242289314263,0.00036364897472431835,0.0005159242289314263,0.00036364897472431835
darcy_taylor_hood_p2p1,x,flux,9.63732e-05,9.63732e-05,0.00036505,0.0005173535061798278,0.00037042234673424047,0.0005173535061798278,0.00037042234673424047
darcy_taylor_hood_p2p1,x,flux,9.87721e-05,9.87721e-05,0.00036505,0.0005184771462652606,0.00038013102273524313,0.0005184771462652606,0.00038013102273524313
darcy_taylor_hood_p2p1,x,flux,0.000101171,0.000101171,0.00036505,0.0005192951491877243,0.00039277500272732633,0.0005192951491877243,0.00039277500272732633
darcy_taylor_hood_p2p1,x,flux,0.00010356989999999999,0.00010356989999999999,0.00036505,0.0005198075149472195,0.00040835428671049024,0.0005198075149472195,0.00040835428671049024
darcy_taylor_hood_p2p1,x,flux,0.0001059688,0.0001059688,0.00036505,0.0005414081526724477,0.000424669424755368,0.0005414081526724477,0.000424669424755368
darcy_taylor_hood_p2p1,x,flux,0.0001083677,0.0001083677,0.00036505,0.0005587610477048383,0.0004364462341466982,0.0005587610477048383,0.0004364462341466982
darcy_taylor_hood_p2p1,x,flux,0.00011076659999999999,0.00011076659999999999,0.00036505,0.0005601188369694119,0.0004434782662002784,0.0005601188369694119,0.0004434782662002784
darcy_taylor_hood_p2p1,x,flux,0.0001131655,0.0001131655,0.00036505,0.0005454815204661683,0.0004457655209161089,0.0005454815204661683,0.0004457655209161089
darcy_taylor_hood_p2p1,x,flux,0.0001155644,0.0001155644,0.00036505,0.0005809277879698729,0.0004569176147067507,0.0005809277879698729,0.0004569176147067507
darcy_taylor_hood_p2p1,x,flux,0.0001179633,0.0001179633,0.00036505,0.0006424270731632913,0.00044586648600174655,0.0006424270731632913,0.00044586648600174655
darcy_taylor_hood_p2p1,x,flux,0.0001203622,0.0001203622,0.00036505,0.0005664772747170456,0.0003662990350284563,0.0005664772747170456,0.0003662990350284563
darcy_taylor_hood_p2p1,x,flux,0.0001227611,0.0001227611,0.00036505,0.0003530783926311364,0.00021821526178687984,0.0003530783926311364,0.00021821526178687984
darcy_taylor_hood_p2p1,x,flux,0.00012516,0.00012516,0.00036505,2.2304269055614684e-06,1.6151662770157785e-06,2.2304269055614684e-06,1.6151662770157785e-06
darcy_taylor_hood_p2p1,x,flux,0.0001275589,0.0001275589,0.00036505,1.7454509795425619e-06,7.324434404205623e-07,1.7454509795425619e-06,7.324434404205623e-07
darcy_taylor_hood_p2p1,x,flux,0.00012995780000000002,0.00012995780000000002,0.00036505,1.2594739043521562e-06,1.6997124416719254e-07,1.2594739043521562e-06,1.6997124416719254e-07
darcy_taylor_hood_p2p1,x,flux,0.0001323567,0.0001323567,0.00036505,7.724956799899392e-07,-7.225031174445035e-08,7.724956799899392e-07,-7.225031174445035e-08
darcy_taylor_hood_p2p1,x,flux,0.0001347556,0.0001347556,0.00036505,2.845163064559009e-07,5.778772685628512e-09,2.845163064559009e-07,5.778772685628512e-09
darcy_taylor_hood_p2p1,x,flux,0.00013715450000000002,0.00013715450000000002,0.00036505,8.316778344885056e-08,8.567541883799812e-08,8.316778344885056e-08,8.567541883799812e-08
darcy_taylor_hood_p2p1,x,flux,0.0001395534,0.0001395534,0.00036505,4.4802080599241306e-08,5.5672145188497e-08,4.4802080599241306e-08,5.5672145188497e-08
darcy_taylor_hood_p2p1,x,flux,0.0001419523,0.0001419523,0.00036505,1.824288287260266e-08,3.076352316645599e-08,1.824288287260266e-08,3.076352316645599e-08
darcy_taylor_hood_p2p1,x,flux,0.00014435120000000001,0.00014435120000000001,0.00036505,3.490190268935093e-09,1.0949552771875431e-08,3.490190268935093e-09,1.0949552771875431e-08
darcy_taylor_hood_p2p1,x,flux,0.00014675010000000002,0.00014675010000000002,0.00036505,1.5949165290184148e-10,1.4793058399266544e-10,1.5949165290184148e-10,1.4793058399266544e-10
darcy_taylor_hood_p2p1,x,flux,0.000149149,0.000149149,0.00036505,8.89533165235239e-11,9.400885082210315e-11,8.89533165235239e-11,9.400885082210315e-11
darcy_taylor_hood_p2p1,x,flux,0.0001515479,0.0001515479,0.00036505,6.814465578331003e-11,7.215322157114714e-11,6.814465578331003e-11,7.215322157114714e-11
darcy_taylor_hood_p2p1,x,flux,0.00015394680000000002,0.00015394680000000002,0.00036505,9.7065670681201e-11,8.236369623979828e-11,9.7065670681201e-11,8.236369623979828e-11
darcy_taylor_hood_p2p1,x,flux,0.0001563457,0.0001563457,0.00036505,1.7571636121719555e-10,1.246402748280558e-10,1.7571636121719555e-10,1.246402748280558e-10
darcy_taylor_hood_p2p1,x,flux,0.0001587446,0.0001587446,0.00036505,1.8659341176572577e-07,3.2344551945678194e-08,1.8659341176572577e-07,3.2344551945678194e-08
darcy_taylor_hood_p2p1,x,flux,0.00016114350000000002,0.00016114350000000002,0.00036505,2.8571370283025954e-07,5.037411268486994e-08,2.8571370283025954e-07,5.037411268486994e-08
darcy_taylor_hood_p2p1,x,flux,0.0001635424,0.0001635424,0.00036505,2.869396749688508e-07,5.2403636282053104e-08,2.869396749688508e-07,5.2403636282053104e-08
darcy_taylor_hood_p2p1,x,flux,0.0001659413,0.0001659413,0.00036505,1.902713281814998e-07,3.843312273722777e-08,1.902713281814998e-07,3.843312273722777e-08
darcy_taylor_hood_p2p1,x,flux,0.00016834020000000002,0.00016834020000000002,0.00036505,2.2389593515633338e-06,3.6284419246335517e-06,2.2389593515633338e-06,3.6284419246335517e-06
darcy_taylor_hood_p2p1,x,flux,0.0001707391,0.0001707391,0.00036505,6.559703651795735e-06,7.043773125007976e-06,6.559703651795735e-06,7.043773125007976e-06
darcy_taylor_hood_p2p1,x,flux,0.000173138,0.000173138,0.00036505,1.193611038676006e-05,7.3526413472559105e-06,1.193611038676006e-05,7.3526413472559105e-06
darcy_taylor_hood_p2p1,x,flux,0.00017553690000000002,0.00017553690000000002,0.00036505,1.8368179556456276e-05,4.555046591377305e-06,1.8368179556456276e-05,4.555046591377305e-06
darcy_taylor_hood_p2p1,x,flux,0.00017793580000000003,0.00017793580000000003,0.00036505,2.3981501048579996e-05,1.4779393654118624e-06,2.3981501048579996e-05,1.4779393654118624e-06
darcy_taylor_hood_p2p1,x,flux,0.0001803347,0.0001803347,0.00036505,2.3639271715094985e-05,3.6803424058867056e-06,2.3639271715094985e-05,3.6803424058867056e-06
darcy_taylor_hood_p2p1,x,flux,0.00018273360000000002,0.00018273360000000002,0.00036505,2.165554302305384e-05,3.3731406188875865e-06,2.165554302305384e-05,3.3731406188875865e-06
darcy_taylor_hood_p2p1,x,flux,0.00018513250000000002,0.00018513250000000002,0.00036505,1.8030314972456555e-05,5.563340044144643e-07,1.8030314972456555e-05,5.563340044144643e-07
darcy_taylor_hood_p2p1,x,flux,0.0001875314,0.0001875314,0.00036505,1.276358756330321e-05,-4.770077437532578e-06,1.276358756330321e-05,-4.770077437532578e-06
darcy_taylor_hood_p2p1,x,flux,0.0001899303,0.0001899303,0.00036505,1.4613204014874405e-05,-3.82828427293909e-06,1.4613204014874405e-05,-3.82828427293909e-06
darcy_taylor_hood_p2p1,x,flux,0.00019232920000000002,0.00019232920000000002,0.00036505,1.5178367193444937e-05,-2.5531046399344266e-06,1.5178367193444937e-05,-2.5531046399344266e-06
darcy_taylor_hood_p2p1,x,flux,0.0001947281,0.0001947281,0.00036505,1.3603313418732982e-05,-1.6892926873304164e-06,1.3603313418732982e-05,-1.6892926873304164e-06
darcy_taylor_hood_p2p1,x,flux,0.000197127,0.000197127,0.00036505,9.8880426907385e-06,-1.236848415127041e-06,9.8880426907385e-06,-1.236848415127041e-06
darcy_taylor_hood_p2p1,x,flux,0.00019952590000000002,0.00019952590000000002,0.00036505,8.954318522325836e-06,-1.4605355160077674e-06,8.954318522325836e-06,-1.4605355160077674e-06
darcy_taylor_hood_p2p1,x,flux,0.0002019248,0.0002019248,0.00036505,1.0199163766895195e-05,-1.7616470065854917e-06,1.0199163766895195e-05,-1.7616470065854917e-06
darcy_taylor_hood_p2p1,x,flux,0.0002043237,0.0002043237,0.00036505,9.98461050072189e-06,-1.7871830440699244e-06,9.98461050072189e-06,-1.7871830440699244e-06
darcy_taylor_hood_p2p1,x,flux,0.00020672260000000002,0.00020672260000000002,0.00036505,8.310658723805903e-06,-1.5371436284610622e-06,8.310658723805903e-06,-1.5371436284610622e-06
darcy_taylor_hood_p2p1,x,flux,0.0002091215,0.0002091215,0.00036505,7.134356951160746e-06,-2.204085243419566e-06,7.134356951160746e-06,-2.204085243419566e-06
darcy_taylor_hood_p2p1,x,flux,0.0002115204,0.0002115204,0.00036505,1.0469184825305965e-05,-5.544973170653252e-06,1.0469184825305965e-05,-5.544973170653252e-06
darcy_taylor_hood_p2p1,x,flux,0.00021391930000000002,0.00021391930000000002,0.00036505,1.0578794944433174e-05,-6.402808770248768e-06,1.0578794944433174e-05,-6.402808770248768e-06
darcy_taylor_hood_p2p1,x,flux,0.0002163182,0.0002163182,0.00036505,7.463187308542418e-06,-4.777592042206147e-06,7.463187308542418e-06,-4.777592042206147e-06
darcy_taylor_hood_p2p1,x,flux,0.0002187171,0.0002187171,0.00036505,1.1223619176336345e-06,-6.69322986525353e-07,1.1223619176336345e-06,-6.69322986525353e-07
darcy_taylor_hood_p2p1,x,flux,0.00022111600000000002,0.00022111600000000002,0.00036505,5.2838028942401553e-08,9.730849842758675e-08,5.2838028942401553e-08,9.730849842758675e-08
darcy_taylor_hood_p2p1,x,flux,0.00022351490000000002,0.00022351490000000002,0.00036505,4.430588136585506e-08,1.167881778502326e-07,4.430588136585506e-08,1.167881778502326e-07
darcy_taylor_hood_p2p1,x,flux,0.0002259138,0.0002259138,0.00036505,3.240839614759458e-08,9.841251451511599e-08,3.240839614759458e-08,9.841251451511599e-08
darcy_taylor_hood_p2p1,x,flux,0.00022831270000000001,0.00022831270000000001,0.00036505,1.714557328761816e-08,4.2181508422237456e-08,1.714557328761816e-08,4.2181508422237456e-08
darcy_taylor_hood_p2p1,x,flux,0.00023071160000000002,0.00023071160000000002,0.00036505,-6.870912455715204e-10,7.931129025970713e-09,-6.870912455715204e-10,7.931129025970713e-09
darcy_taylor_hood_p2p1,x,flux,0.0002331105,0.0002331105,0.00036505,-1.198192318886216e-08,1.6417804450923636e-08,-1.198192318886216e-08,1.6417804450923636e-08
darcy_taylor_hood_p2p1,x,flux,0.0002355094,0.0002355094,0.00036505,-1.4584880850567074e-08,2.08824774030821e-08,-1.4584880850567074e-08,2.08824774030821e-08
darcy_taylor_hood_p2p1,x,flux,0.00023790830000000002,0.00023790830000000002,0.00036505,-8.495964230685721e-09,2.1325147882445513e-08,-8.495964230685721e-09,2.1325147882445513e-08
darcy_taylor_hood_p2p1,x,flux,0.0002403072,0.0002403072,0.00036505,1.447181100363105e-09,1.7293428327944114e-08,1.447181100363105e-09,1.7293428327944114e-08
darcy_taylor_hood_p2p1,x,flux,0.0002427061,0.0002427061,0.00036505,-4.609150512751554e-09,1.3820489162040802e-08,-4.609150512751554e-09,1.3820489162040802e-08
darcy_taylor_hood_p2p1,x,flux,0.000245105,0.000245105,0.00036505,-4.8912596682857165e-09,1.7790832475858815e-08,-4.8912596682857165e-09,1.7790832475858815e-08
darcy_taylor_hood_p2p1,x,flux,0.0002475039,0.0002475039,0.00036505,6.008536337605985e-10,2.9204458269397573e-08,6.008536337605985e-10,2.9204458269397573e-08
darcy_taylor_hood_p2p1,x,flux,0.0002499028,0.0002499028,0.00036505,1.1867189393387309e-08,4.806136654265794e-08,1.1867189393387309e-08,4.806136654265794e-08
darcy_taylor_hood_p2p1,x,flux,0.0002523017,0.0002523017,0.00036505,-1.87268400976333e-09,4.6809962967730604e-08,-1.87268400976333e-09,4.6809962967730604e-08
darcy_taylor_hood_p2p1,x,flux,0.0002547006,0.0002547006,0.00036505,-6.865027375789471e-09,3.8248720399382e-08,-6.865027375789471e-09,3.8248720399382e-08
darcy_taylor_hood_p2p1,x,flux,0.0002570995,0.0002570995,0.00036505,4.270573824371369e-09,2.7325328216529967e-08,4.270573824371369e-09,2.7325328216529967e-08
darcy_taylor_hood_p2p1,x,flux,0.00025949839999999996,0.00025949839999999996,0.00036505,3.153411959071837e-08,1.4039786419174814e-08,3.153411959071837e-08,1.4039786419174814e-08
darcy_taylor_hood_p2p1,x,flux,0.00026189729999999997,0.00026189729999999997,0.00036505,5.845181429751955e-08,-4.3145203924167807e-10,5.845181429751955e-08,-4.3145203924167807e-10
darcy_taylor_hood_p2p1,x,flux,0.0002642962,0.0002642962,0.00036505,6.509510289321252e-08,-9.148515686176974e-09,6.509510289321252e-08,-9.148515686176974e-09
darcy_taylor_hood_p2p1,x,flux,0.0002666951,0.0002666951,0.00036505,6.293036210507523e-08,-1.0983188495080382e-08,6.293036210507523e-08,-1.0983188495080382e-08
darcy_taylor_hood_p2p1,x,flux,0.000269094,0.000269094,0.00036505,5.195759193310762e-08,-5.935470465951903e-09,5.195759193310762e-08,-5.935470465951903e-09
darcy_taylor_hood_p2p1,x,flux,0.0002714929,0.0002714929,0.00036505,3.040165090401582e-08,1.4018324059787694e-08,3.040165090401582e-08,1.4018324059787694e-08
darcy_taylor_hood_p2p1,x,flux,0.00027389179999999996,0.00027389179999999996,0.00036505,6.460935001044302e-09,7.365062025258407e-08,6.460935001044302e-09,7.365062025258407e-08
darcy_taylor_hood_p2p1,x,flux,0.00027629069999999997,0.00027629069999999997,0.00036505,6.013975327110825e-09,1.0355085200793216e-07,6.013975327110825e-09,1.0355085200793216e-07
darcy_taylor_hood_p2p1,x,flux,0.0002786896,0.0002786896,0.00036505,2.9060771882216166e-08,1.037190193258303e-07,2.9060771882216166e-08,1.037190193258303e-07
darcy_taylor_hood_p2p1,x,flux,0.0002810885,0.0002810885,0.00036505,7.56013246663603e-08,7.415512220627849e-08,7.56013246663603e-08,7.415512220627849e-08
darcy_taylor_hood_p2p1,x,flux,0.0002834874,0.0002834874,0.00036505,3.800486438959747e-05,0.0007262098499113889,3.800486438959747e-05,0.0007262098499113889
darcy_taylor_hood_p2p1,x,flux,0.0002858863,0.0002858863,0.00036505,0.00011653707234678354,0.0012435708866750104,0.00011653707234678354,0.0012435708866750104
darcy_taylor_hood_p2p1,x,flux,0.0002882852,0.0002882852,0.00036505,0.00022882199211815026,0.0013003796350483392,0.00022882199211815026,0.0013003796350483392
darcy_taylor_hood_p2p1,x,flux,0.00029068409999999996,0.00029068409999999996,0.00036505,0.0003748596237036938,0.0008966360950313896,0.0003748596237036938,0.0008966360950313896
darcy_taylor_hood_p2p1,x,flux,0.00029308299999999997,0.00029308299999999997,0.00036505,0.000642534842797075,0.000640360255378081,0.000642534842797075,0.000640360255378081
darcy_taylor_hood_p2p1,x,flux,0.0002954819,0.0002954819,0.00036505,0.0008507648377037637,0.0008571109476008978,0.0008507648377037637,0.0008571109476008978
darcy_taylor_hood_p2p1,x,flux,0.0002978808,0.0002978808,0.00036505,0.000803577222530041,0.0008128557273354498,0.000803577222530041,0.0008128557273354498
darcy_taylor_hood_p2p1,x,flux,0.0003002797,0.0003002797,0.00036505,0.0005009719972759074,0.0005075945945817369,0.0005009719972759074,0.0005075945945817369
darcy_taylor_hood_p2p1,x,flux,0.0003026786,0.0003026786,0.00036505,1.5882558422585788e-06,8.710421059055206e-07,1.5882558422585788e-06,8.710421059055206e-07
darcy_taylor_hood_p2p1,x,flux,0.00030507749999999996,0.00030507749999999996,0.00036505,1.2915154141294117e-06,3.184856431974664e-07,1.2915154141294117e-06,3.184856431974664e-07
darcy_taylor_hood_p2p1,x,flux,0.00030747639999999997,0.00030747639999999997,0.00036505,9.58355138472487e-07,-1.4751907083562843e-08,9.58355138472487e-07,-1.4751907083562843e-08
darcy_taylor_hood_p2p1,x,flux,0.0003098753,0.0003098753,0.00036505,5.887750152878114e-07,-1.2867054493755167e-07,5.887750152878114e-07,-1.2867054493755167e-07
darcy_taylor_hood_p2p1,x,flux,0.0003122742,0.0003122742,0.00036505,1.827750445753847e-07,-2.3270270364500303e-08,1.827750445753847e-07,-2.3270270364500303e-08
darcy_taylor_hood_p2p1,x,flux,0.0003146731,0.0003146731,0.00036505,4.2003947517633894e-08,1.6604089174297734e-08,4.2003947517633894e-08,1.6604089174297734e-08
darcy_taylor_hood_p2p1,x,flux,0.000317072,0.000317072,0.00036505,1.923624726564473e-08,1.663438392253234e-09,1.923624726564473e-08,1.663438392253234e-09
darcy_taylor_hood_p2p1,x,flux,0.0003194709,0.0003194709,0.00036505,1.5201537754212017e-08,6.401177670305335e-09,1.5201537754212017e-08,6.401177670305335e-09
darcy_taylor_hood_p2p1,x,flux,0.00032186979999999997,0.00032186979999999997,0.00036505,2.989981898333524e-08,3.0817307008453276e-08,2.989981898333524e-08,3.0817307008453276e-08
darcy_taylor_hood_p2p1,x,flux,0.0003242687,0.0003242687,0.00036505,1.0423406552594171e-06,9.364991529320226e-07,1.0423406552594171e-06,9.364991529320226e-07
darcy_taylor_hood_p2p1,x,flux,0.0003266676,0.0003266676,0.00036505,2.814760177247294e-06,2.3937432953037406e-06,2.814760177247294e-06,2.3937432953037406e-06
darcy_taylor_hood_p2p1,x,flux,0.0003290665,0.0003290665,0.00036505,3.4822792118673064e-06,2.7086439491325986e-06,3.4822792118673064e-06,2.7086439491325986e-06
darcy_taylor_hood_p2p1,x,flux,0.0003314654,0.0003314654,0.00036505,3.0448977591194535e-06,1.8812011144185974e-06,3.0448977591194535e-06,1.8812011144185974e-06
darcy_taylor_hood_p2p1,x,flux,0.0003338643,0.0003338643,0.00036505,1.5435824045609804e-06,6.634501159913531e-08,1.5435824045609804e-06,6.634501159913531e-08
darcy_taylor_hood_p2p1,x,flux,0.00033626319999999996,0.00033626319999999996,0.00036505,6.199404692055121e-07,8.59875217471042e-07,6.199404692055121e-07,8.59875217471042e-07
darcy_taylor_hood_p2p1,x,flux,0.00033866209999999997,0.00033866209999999997,0.00036505,8.890700974676042e-08,1.1670697510562266e-06,8.890700974676042e-08,1.1670697510562266e-06
darcy_taylor_hood_p2p1,x,flux,0.000341061,0.000341061,0.00036505,-4.951797381524935e-08,9.879286123546653e-07,-4.951797381524935e-08,9.879286123546653e-07
darcy_taylor_hood_p2p1,x,flux,0.0003434599,0.0003434599,0.00036505,2.0466551851948257e-07,3.2245180136635885e-07,2.0466551851948257e-07,3.2245180136635885e-07
darcy_taylor_hood_p2p1,x,flux,0.0003458588,0.0003458588,0.00036505,1.1970200201149204e-07,6.177997212524056e-08,1.1970200201149204e-07,6.177997212524056e-08
darcy_taylor_hood_p2p1,x,flux,0.0003482577,0.0003482577,0.00036505,-4.3472273338229565e-08,6.085558132309517e-08,-4.3472273338229565e-08,6.085558132309517e-08
darcy_taylor_hood_p2p1,x,flux,0.0003506566,0.0003506566,0.00036505,8.24126906553758e-09,-6.260445074803439e-09,8.24126906553758e-09,-6.260445074803439e-09
darcy_taylor_hood_p2p1,x,flux,0.00035305549999999997,0.00035305549999999997,0.00036505,2.748426292227849e-07,-1.3956810706845153e-07,2.748426292227849e-07,-1.3956810706845153e-07
darcy_taylor_hood_p2p1,x,flux,0.0003554544,0.0003554544,0.00036505,1.815564755857411e-06,-1.1603929513225854e-06,1.815564755857411e-06,-1.1603929513225854e-06
darcy_taylor_hood_p2p1,x,flux,0.0003578533,0.0003578533,0.00036505,4.265099357729467e-06,-2.8676555400768582e-06,4.265099357729467e-06,-2.8676555400768582e-06
darcy_taylor_hood_p2p1,x,flux,0.0003602522,0.0003602522,0.00036505,5.012157016607501e-06,-3.2763353324839605e-06,5.012157016607501e-06,-3.2763353324839605e-06
darcy_taylor_hood_p2p1,x,flux,0.0003626511,0.0003626511,0.00036505,4.056737732491522e-06,-2.3864323285439e-06,4.056737732491522e-06,-2.3864323285439e-06
darcy_taylor_hood_p2p1,x,flux,0.00036505,0.00036505,0.00036505,1.3988415053817494e-06,-1.9794652825671906e-07,1.3988415053817494e-06,-1.9794652825671906e-07
darcy_taylor_hood_p2p1,x,flux,0.00036744889999999996,0.00036744889999999996,0.00036505,5.98836851262084e-05,5.604776893389339e-06,5.98836851262084e-05,5.604776893389339e-06
darcy_taylor_hood_p2p1,x,flux,0.00036984779999999997,0.00036984779999999997,0.00036505,0.00014762043749992076,-3.391326485352959e-06,0.00014762043749992076,-3.391326485352959e-06
darcy_taylor_hood_p2p1,x,flux,0.0003722467,0.0003722467,0.00036505,0.00026460909862651664,-2.7186256664483778e-05,0.00026460909862651664,-2.7186256664483778e-05
darcy_taylor_hood_p2p1,x,flux,0.0003746456,0.0003746456,0.00036505,0.0004108496685059964,-6.57800136440031e-05,0.0004108496685059964,-6.57800136440031e-05
darcy_taylor_hood_p2p1,x,flux,0.0003770445,0.0003770445,0.00036505,0.0004767593175751493,5.62833888947826e-06,0.0004767593175751493,5.62833888947826e-06
darcy_taylor_hood_p2p1,x,flux,0.0003794434,0.0003794434,0.00036505,0.00048280673492041447,9.809867894833048e-05,0.00048280673492041447,9.809867894833048e-05
darcy_taylor_hood_p2p1,x,flux,0.00038184229999999996,0.00038184229999999996,0.00036505,0.00048097926163310226,0.00013860741557775576,0.00048097926163310226,0.00013860741557775576
darcy_taylor_hood_p2p1,x,flux,0.00038424119999999997,0.00038424119999999997,0.00036505,0.0004712768977132124,0.00012715454877775583,0.0004712768977132124,0.00012715454877775583
darcy_taylor_hood_p2p1,x,flux,0.0003866401,0.0003866401,0.00036505,0.0004425123195043244,0.00013723566129418262,0.0004425123195043244,0.00013723566129418262
darcy_taylor_hood_p2p1,x,flux,0.000389039,0.000389039,0.00036505,0.000392771898746829,0.0002475434511846934,0.000392771898746829,0.0002475434511846934
darcy_taylor_hood_p2p1,x,flux,0.0003914379,0.0003914379,0.00036505,0.0003542773668527731,0.0002816604829685467,0.0003542773668527731,0.0002816604829685467
darcy_taylor_hood_p2p1,x,flux,0.0003938368,0.0003938368,0.00036505,0.00032702872382215704,0.0002395867566457425,0.00032702872382215704,0.0002395867566457425
darcy_taylor_hood_p2p1,x,flux,0.0003962357,0.0003962357,0.00036505,0.00031102596965498064,0.00012132227221628078,0.00031102596965498064,0.00012132227221628078
darcy_taylor_hood_p2p1,x,flux,0.00039863459999999997,0.00039863459999999997,0.00036505,0.00023151774460429463,0.0005314852049435393,0.00023151774460429463,0.0005314852049435393
darcy_taylor_hood_p2p1,x,flux,0.0004010335,0.0004010335,0.00036505,0.0001553768177635258,0.0007007738001719516,0.0001553768177635258,0.0007007738001719516
darcy_taylor_hood_p2p1,x,flux,0.0004034324,0.0004034324,0.00036505,8.590140484376942e-05,0.0005974350530441882,8.590140484376942e-05,0.0005974350530441882
darcy_taylor_hood_p2p1,x,flux,0.0004058313,0.0004058313,0.00036505,2.3091505845025497e-05,0.00022146896356024887,2.3091505845025497e-05,0.00022146896356024887
darcy_taylor_hood_p2p1,x,flux,0.0004082302,0.0004082302,0.00036505,1.5266439492524916e-07,3.6538196897750757e-07,1.5266439492524916e-07,3.6538196897750757e-07
darcy_taylor_hood_p2p1,x,flux,0.0004106291,0.0004106291,0.00036505,-3.2021065037874255e-08,5.575286692740291e-07,-3.2021065037874255e-08,5.575286692740291e-07
darcy_taylor_hood_p2p1,x,flux,0.00041302799999999996,0.00041302799999999996,0.00036505,-8.789061426400686e-08,5.270810715599713e-07,-8.789061426400686e-08,5.270810715599713e-07
darcy_taylor_hood_p2p1,x,flux,0.00041542689999999997,0.00041542689999999997,0.00036505,-1.4944252753151163e-08,2.740391758353354e-07,-1.4944252753151163e-08,2.740391758353354e-07
darcy_taylor_hood_p2p1,x,flux,0.0004178258,0.0004178258,0.00036505,1.2025555535208189e-07,-5.598826751692901e-08,1.2025555535208189e-07,-5.598826751692901e-08
darcy_taylor_hood_p2p1,x,flux,0.0004202247,0.0004202247,0.00036505,1.0927677850874434e-07,-5.1268118875093115e-08,1.0927677850874434e-07,-5.1268118875093115e-08
darcy_taylor_hood_p2p1,x,flux,0.0004226236,0.0004226236,0.00036505,9.006429257661001e-08,-3.948526340583402e-08,9.006429257661001e-08,-3.948526340583402e-08
darcy_taylor_hood_p2p1,x,flux,0.0004250225,0.0004250225,0.00036505,6.261809755567889e-08,-2.0639701109151794e-08,6.261809755567889e-08,-2.0639701109151794e-08
darcy_taylor_hood_p2p1,x,flux,0.00042742139999999996,0.00042742139999999996,0.00036505,2.6938193445952128e-08,5.268568014953121e-09,2.6938193445952128e-08,5.268568014953121e-09
darcy_taylor_hood_p2p1,x,flux,0.00042982029999999997,0.00042982029999999997,0.00036505,1.0331009376526731e-08,7.706679589174728e-09,1.0331009376526731e-08,7.706679589174728e-09
darcy_taylor_hood_p2p1,x,flux,0.0004322192,0.0004322192,0.00036505,3.5647535990277907e-09,7.909573759894184e-09,3.5647535990277907e-09,7.909573759894184e-09
darcy_taylor_hood_p2p1,x,flux,0.0004346181,0.0004346181,0.00036505,4.742178591932391e-09,8.494686355048751e-09,4.742178591932391e-09,8.494686355048751e-09
darcy_taylor_hood_p2p1,x,flux,0.000437017,0.000437017,0.00036505,1.386328435524053e-08,9.462017374638435e-09,1.386328435524053e-08,9.462017374638435e-09
darcy_taylor_hood_p2p1,x,flux,0.0004394159,0.0004394159,0.00036505,-1.0633195779360239e-07,8.036593317373428e-07,-1.0633195779360239e-07,8.036593317373428e-07
darcy_taylor_hood_p2p1,x,flux,0.0004418148,0.0004418148,0.00036505,-1.1197052243746375e-07,1.7115282929728495e-06,-1.1197052243746375e-07,1.7115282929728495e-06
darcy_taylor_hood_p2p1,x,flux,0.00044421369999999996,0.00044421369999999996,0.00036505,1.614760151447425e-07,1.985243375089028e-06,1.614760151447425e-07,1.985243375089028e-06
darcy_taylor_hood_p2p1,x,flux,0.0004466126,0.0004466126,0.00036505,7.140076549530286e-07,1.6248045780858902e-06,7.140076549530286e-07,1.6248045780858902e-06
darcy_taylor_hood_p2p1,x,flux,0.0004490115,0.0004490115,0.00036505,-4.337786051011276e-05,0.0007087368982938669,-4.337786051011276e-05,0.0007087368982938669
darcy_taylor_hood_p2p1,x,flux,0.0004514104,0.0004514104,0.00036505,-0.00013543846327958124,0.003164607300297933,-0.00013543846327958124,0.003164607300297933
darcy_taylor_hood_p2p1,x,flux,0.0004538093,0.0004538093,0.00036505,-4.079393115714892e-05,0.004305900191037191,-4.079393115714892e-05,0.004305900191037191
darcy_taylor_hood_p2p1,x,flux,0.0004562082,0.0004562082,0.00036505,0.00024055573585718426,0.004132615570511641,0.00024055573585718426,0.004132615570511641
darcy_taylor_hood_p2p1,x,flux,0.00045860709999999996,0.00045860709999999996,0.00036505,0.0007086105377634056,0.002644753438721331,0.0007086105377634056,0.002644753438721331
darcy_taylor_hood_p2p1,x,flux,0.00046100599999999997,0.00046100599999999997,0.00036505,0.000820821329280177,0.002556299856845382,0.000820821329280177,0.002556299856845382
darcy_taylor_hood_p2p1,x,flux,0.0004634049,0.0004634049,0.00036505,0.0008879038099873568,0.0025566011071822894,0.0008879038099873568,0.0025566011071822894
darcy_taylor_hood_p2p1,x,flux,0.0004658038,0.0004658038,0.00036505,0.000980743765125348,0.0023080640085295914,0.000980743765125348,0.0023080640085295914
darcy_taylor_hood_p2p1,x,flux,0.0004682027,0.0004682027,0.00036505,0.0010993411946941516,0.0018106885608872875,0.0010993411946941516,0.0018106885608872875
darcy_taylor_hood_p2p1,x,flux,0.0004706016,0.0004706016,0.00036505,0.0012727190501263604,0.0017392547203566523,0.0012727190501263604,0.0017392547203566523
darcy_taylor_hood_p2p1,x,flux,0.0004730005,0.0004730005,0.00036505,0.001296169979413992,0.0018940078344682112,0.001296169979413992,0.0018940078344682112
darcy_taylor_hood_p2p1,x,flux,0.00047539939999999997,0.00047539939999999997,0.00036505,0.0010795131389836129,0.0016112923848699652,0.0010795131389836129,0.0016112923848699652
darcy_taylor_hood_p2p1,x,flux,0.0004777983,0.0004777983,0.00036505,0.0006227485288352143,0.0008911083715619031,0.0006227485288352143,0.0008911083715619031
darcy_taylor_hood_p2p1,x,flux,0.0004801972,0.0004801972,0.00036505,5.4105787642328405e-05,-2.4948909173922646e-05,5.4105787642328405e-05,-2.4948909173922646e-05
darcy_taylor_hood_p2p1,x,flux,0.0004825961,0.0004825961,0.00036505,7.90064362211987e-06,1.3883613031347203e-05,7.90064362211987e-06,1.3883613031347203e-05
darcy_taylor_hood_p2p1,x,flux,0.000484995,0.000484995,0.00036505,-1.6971128382705265e-05,3.228137257521213e-05,-1.6971128382705265e-05,3.228137257521213e-05
darcy_taylor_hood_p2p1,x,flux,0.0004873939,0.0004873939,0.00036505,-2.050952837214699e-05,3.0244369457672115e-05,-2.050952837214699e-05,3.0244369457672115e-05
darcy_taylor_hood_p2p1,x,flux,0.0004897928,0.0004897928,0.00036505,-2.7145563462053043e-06,7.772603678727162e-06,-2.7145563462053043e-06,7.772603678727162e-06
darcy_taylor_hood_p2p1,x,flux,0.0004921917,0.0004921917,0.00036505,1.3719757233426972e-05,-8.351917777353522e-06,1.3719757233426972e-05,-8.351917777353522e-06
darcy_taylor_hood_p2p1,x,flux,0.0004945906,0.0004945906,0.00036505,2.039400545905676e-05,-1.4915915536985297e-05,2.039400545905676e-05,-1.4915915536985297e-05
darcy_taylor_hood_p2p1,x,flux,0.0004969895,0.0004969895,0.00036505,1.9579617359352984e-05,-1.5237995517346537e-05,1.9579617359352984e-05,-1.5237995517346537e-05
darcy_taylor_hood_p2p1,x,flux,0.0004993884,0.0004993884,0.00036505,1.127659293431566e-05,-9.318157718437246e-06,1.127659293431566e-05,-9.318157718437246e-06
darcy_taylor_hood_p2p1,x,flux,0.0005017873000000001,0.0005017873000000001,0.00036505,2.907233841409754e-06,-4.134006782093203e-06,2.907233841409754e-06,-4.134006782093203e-06
darcy_taylor_hood_p2p1,x,flux,0.0005041862000000001,0.0005041862000000001,0.00036505,1.198440152637576e-06,-4.36137024350951e-06,1.198440152637576e-06,-4.36137024350951e-06
darcy_taylor_hood_p2p1,x,flux,0.0005065851000000001,0.0005065851000000001,0.00036505,1.8920682353140362e-07,-3.814727474544171e-06,1.8920682353140362e-07,-3.814727474544171e-06
darcy_taylor_hood_p2p1,x,flux,0.0005089840000000001,0.0005089840000000001,0.00036505,-1.2046614590876353e-07,-2.4940784751971854e-06,-1.2046614590876353e-07,-2.4940784751971854e-06
darcy_taylor_hood_p2p1,x,flux,0.0005113829000000001,0.0005113829000000001,0.00036505,1.50723145629557e-07,-6.585742985394508e-07,1.50723145629557e-07,-6.585742985394508e-07
darcy_taylor_hood_p2p1,x,flux,0.0005137818,0.0005137818,0.00036505,2.8202085480674133e-09,-3.4231475212563656e-07,2.8202085480674133e-09,-3.4231475212563656e-07
darcy_taylor_hood_p2p1,x,flux,0.0005161807,0.0005161807,0.00036505,-2.4648091828598734e-08,-2.5268551303859e-07,-2.4648091828598734e-08,-2.5268551303859e-07
darcy_taylor_hood_p2p1,x,flux,0.0005185796,0.0005185796,0.00036505,6.831824449955642e-08,-3.896865812783281e-07,6.831824449955642e-08,-3.896865812783281e-07
darcy_taylor_hood_p2p1,x,flux,0.0005209785,0.0005209785,0.00036505,2.817192175325397e-07,-7.533179568448529e-07,2.817192175325397e-07,-7.533179568448529e-07
darcy_taylor_hood_p2p1,x,flux,0.0005233774,0.0005233774,0.00036505,-1.386678575307204e-07,-1.1404868986672723e-06,-1.386678575307204e-07,-1.1404868986672723e-06
darcy_taylor_hood_p2p1,x,flux,0.0005257763,0.0005257763,0.00036505,-3.2577961209235837e-07,-1.4778879102095941e-06,-3.2577961209235837e-07,-1.4778879102095941e-06
darcy_taylor_hood_p2p1,x,flux,0.0005281752,0.0005281752,0.00036505,-3.079913687598278e-08,-1.7951083750242317e-06,-3.079913687598278e-08,-1.7951083750242317e-06
darcy_taylor_hood_p2p1,x,flux,0.0005305741,0.0005305741,0.00036505,7.46273568118401e-07,-2.0921482931111824e-06,7.46273568118401e-07,-2.0921482931111824e-06
darcy_taylor_hood_p2p1,x,flux,0.0005329730000000001,0.0005329730000000001,0.00036505,9.091468364951918e-07,-1.6030212246911427e-06,9.091468364951918e-07,-1.6030212246911427e-06
darcy_taylor_hood_p2p1,x,flux,0.0005353719000000001,0.0005353719000000001,0.00036505,1.6626794069088312e-07,-5.989132115397894e-07,1.6626794069088312e-07,-5.989132115397894e-07
darcy_taylor_hood_p2p1,x,flux,0.0005377708000000001,0.0005377708000000001,0.00036505,-4.247631538592106e-08,-2.729631604677096e-07,-4.247631538592106e-08,-2.729631604677096e-07
darcy_taylor_hood_p2p1,x,flux,0.0005401697000000001,0.0005401697000000001,0.00036505,2.8291406826477696e-07,-6.251710714749023e-07,2.8291406826477696e-07,-6.251710714749023e-07
darcy_taylor_hood_p2p1,x,flux,0.0005425686,0.0005425686,0.00036505,-4.984859494985374e-06,1.902874011538659e-06,-4.984859494985374e-06,1.902874011538659e-06
darcy_taylor_hood_p2p1,x,flux,0.0005449675,0.0005449675,0.00036505,-5.6639135864618815e-05,3.1415435134763206e-05,-5.6639135864618815e-05,3.1415435134763206e-05
darcy_taylor_hood_p2p1,x,flux,0.0005473664,0.0005473664,0.00036505,-7.571384180172076e-05,4.240065878827772e-05,-7.571384180172076e-05,4.240065878827772e-05
darcy_taylor_hood_p2p1,x,flux,0.0005497653,0.0005497653,0.00036505,-6.220897730629119e-05,3.4858544972082175e-05,-6.220897730629119e-05,3.4858544972082175e-05
darcy_taylor_hood_p2p1,x,flux,0.0005521642,0.0005521642,0.00036505,-1.6124542378330162e-05,8.789093686176606e-06,-1.6124542378330162e-05,8.789093686176606e-06
darcy_taylor_hood_p2p1,x,flux,0.0005545631,0.0005545631,0.00036505,1.0839606925395323e-07,-1.9930778988604064e-07,1.0839606925395323e-07,-1.9930778988604064e-07
darcy_taylor_hood_p2p1,x,flux,0.000556962,0.000556962,0.00036505,-6.142961003144832e-07,4.290425957052683e-07,-6.142961003144832e-07,4.290425957052683e-07
darcy_taylor_hood_p2p1,x,flux,0.0005593609,0.0005593609,0.00036505,-3.8323070924768546e-07,4.429422291888674e-07,-3.8323070924768546e-07,4.429422291888674e-07
darcy_taylor_hood_p2p1,x,flux,0.0005617598000000001,0.0005617598000000001,0.00036505,8.015922424543466e-07,-1.5760888943524337e-07,8.015922424543466e-07,-1.5760888943524337e-07
darcy_taylor_hood_p2p1,x,flux,0.0005641587000000001,0.0005641587000000001,0.00036505,3.82743315382604e-06,-2.1344908637585765e-06,3.82743315382604e-06,-2.1344908637585765e-06
darcy_taylor_hood_p2p1,x,flux,0.0005665576000000001,0.0005665576000000001,0.00036505,6.923435649273692e-06,-4.455484853782345e-06,6.923435649273692e-06,-4.455484853782345e-06
darcy_taylor_hood_p2p1,x,flux,0.0005689565000000001,0.0005689565000000001,0.00036505,7.719013652323402e-06,-5.298669097353282e-06,7.719013652323402e-06,-5.298669097353282e-06
darcy_taylor_hood_p2p1,x,flux,0.0005713554000000001,0.0005713554000000001,0.00036505,6.214167162975169e-06,-4.664043594471389e-06,6.214167162975169e-06,-4.664043594471389e-06
darcy_taylor_hood_p2p1,x,flux,0.0005737543,0.0005737543,0.00036505,-6.534373771666289e-06,-5.6775890968392495e-06,-6.534373771666289e-06,-5.6775890968392495e-06
darcy_taylor_hood_p2p1,x,flux,0.0005761532,0.0005761532,0.00036505,-0.00016954481450963732,-9.338564902340917e-05,-0.00016954481450963732,-9.338564902340917e-05
darcy_taylor_hood_p2p1,x,flux,0.0005785521,0.0005785521,0.00036505,-0.00024134062440553443,-0.0002168006655004972,-0.00024134062440553443,-0.0002168006655004972
darcy_taylor_hood_p2p1,x,flux,0.000580951,0.000580951,0.00036505,-0.0002219218034593578,-0.00037592263852810354,-0.0002219218034593578,-0.00037592263852810354
darcy_taylor_hood_p2p1,x,flux,0.0005833499,0.0005833499,0.00036505,-0.00011128835167110694,-0.0005707515681062277,-0.00011128835167110694,-0.0005707515681062277
darcy_taylor_hood_p2p1,x,flux,0.0005857488,0.0005857488,0.00036505,-0.0011351151727440646,-0.0017935089795543145,-0.0011351151727440646,-0.0017935089795543145
darcy_taylor_hood_p2p1,x,flux,0.0005881477,0.0005881477,0.00036505,-0.0019896243985118188,-0.002916857164538527,-0.0019896243985118188,-0.002916857164538527
darcy_taylor_hood_p2p1,x,flux,0.0005905466,0.0005905466,0.00036505,-0.002028317870300681,-0.0034045327518240514,-0.002028317870300681,-0.0034045327518240514
darcy_taylor_hood_p2p1,x,flux,0.0005929455000000001,0.0005929455000000001,0.00036505,-0.00125119558811065,-0.0032565357414108894,-0.00125119558811065,-0.0032565357414108894
darcy_taylor_hood_p2p1,x,flux,0.0005953444000000001,0.0005953444000000001,0.00036505,-0.0003854186650765243,-0.0034473448112980125,-0.0003854186650765243,-0.0034473448112980125
darcy_taylor_hood_p2p1,x,flux,0.0005977433000000001,0.0005977433000000001,0.00036505,-0.0005157377852314815,-0.004430563989816327,-0.0005157377852314815,-0.004430563989816327
darcy_taylor_hood_p2p1,x,flux,0.0006001422000000001,0.0006001422000000001,0.00036505,-0.0004957345921124614,-0.004185949877531827,-0.0004957345921124614,-0.004185949877531827
darcy_taylor_hood_p2p1,x,flux,0.0006025411000000001,0.0006025411000000001,0.00036505,-0.0003254090857194646,-0.002713502474444511,-0.0003254090857194646,-0.002713502474444511
darcy_taylor_hood_p2p1,x,flux,0.00060494,0.00060494,0.00036505,-4.761266052512963e-06,-1.3221780554527298e-05,-4.761266052512963e-06,-1.3221780554527298e-05
darcy_taylor_hood_p2p1,x,flux,0.0006073389,0.0006073389,0.00036505,-7.16081936885891e-06,-6.612401921073726e-06,-7.16081936885891e-06,-6.612401921073726e-06
darcy_taylor_hood_p2p1,x,flux,0.0006097378,0.0006097378,0.00036505,-7.454113190623877e-06,-2.1620588610038982e-06,-7.454113190623877e-06,-2.1620588610038982e-06
darcy_taylor_hood_p2p1,x,flux,0.0006121367,0.0006121367,0.00036505,-5.641147517809993e-06,1.2924862562213335e-07,-5.641147517809993e-06,1.2924862562213335e-07
darcy_taylor_hood_p2p1,x,flux,0.0006145356,0.0006145356,0.00036505,-1.7219223504172558e-06,2.615205388043743e-07,-1.7219223504172558e-06,2.615205388043743e-07
darcy_taylor_hood_p2p1,x,flux,0.0006169345,0.0006169345,0.00036505,4.025725568293417e-08,-7.645822501425133e-08,4.025725568293417e-08,-7.645822501425133e-08
darcy_taylor_hood_p2p1,x,flux,0.0006193334,0.0006193334,0.00036505,-5.449528092244319e-08,4.5647667542714705e-08,-5.449528092244319e-08,4.5647667542714705e-08
darcy_taylor_hood_p2p1,x,flux,0.0006217323,0.0006217323,0.00036505,-8.808651446761986e-08,8.892871768115285e-08,-8.808651446761986e-08,8.892871768115285e-08
darcy_taylor_hood_p2p1,x,flux,0.0006241312000000001,0.0006241312000000001,0.00036505,-6.051644495259582e-08,5.338492540106308e-08,-6.051644495259582e-08,5.338492540106308e-08
darcy_taylor_hood_p2p1,x,flux,0.0006265301000000001,0.0006265301000000001,0.00036505,-8.4453246443236e-09,-1.6992173502853543e-08,-8.4453246443236e-09,-1.6992173502853543e-08
darcy_taylor_hood_p2p1,x,flux,0.0006289290000000001,0.0006289290000000001,0.00036505,-1.5069191751730142e-08,-1.3915560941328487e-08,-1.5069191751730142e-08,-1.3915560941328487e-08
darcy_taylor_hood_p2p1,x,flux,0.0006313279000000001,0.0006313279000000001,0.00036505,-1.5825945631117365e-08,-1.0349866961472361e-08,-1.5825945631117365e-08,-1.0349866961472361e-08
darcy_taylor_hood_p2p1,x,flux,0.0006337268000000001,0.0006337268000000001,0.00036505,-1.0715586282485265e-08,-6.295091563285168e-09,-1.0715586282485265e-08,-6.295091563285168e-09
darcy_taylor_hood_p2p1,x,flux,0.0006361257,0.0006361257,0.00036505,2.6188629416552443e-10,-1.7512347467671183e-09,2.6188629416552443e-10,-1.7512347467671183e-09
darcy_taylor_hood_p2p1,x,flux,0.0006385246,0.0006385246,0.00036505,4.3920546301956944e-10,-8.485969574352199e-10,4.3920546301956944e-10,-8.485969574352199e-10
darcy_taylor_hood_p2p1,x,flux,0.0006409235,0.0006409235,0.00036505,1.9270526806954165e-10,-4.345236062858372e-10,1.9270526806954165e-10,-4.345236062858372e-10
darcy_taylor_hood_p2p1,x,flux,0.0006433224,0.0006433224,0.00036505,1.5702585903996838e-10,-3.38827206803378e-10,1.5702585903996838e-10,-3.38827206803378e-10
darcy_taylor_hood_p2p1,x,flux,0.0006457213,0.0006457213,0.00036505,3.321672359308496e-10,-5.615077589878422e-10,3.321672359308496e-10,-5.615077589878422e-10
darcy_taylor_hood_p2p1,x,flux,0.0006481202,0.0006481202,0.00036505,5.482927438782527e-05,-3.9249535553299445e-05,5.482927438782527e-05,-3.9249535553299445e-05
darcy_taylor_hood_p2p1,x,flux,0.0006505191,0.0006505191,0.00036505,0.00010918076491402303,-7.6324025298458e-05,0.00010918076491402303,-7.6324025298458e-05
darcy_taylor_hood_p2p1,x,flux,0.000652918,0.000652918,0.00036505,0.00011911810921320721,-7.932658596642152e-05,0.00011911810921320721,-7.932658596642152e-05
darcy_taylor_hood_p2p1,x,flux,0.0006553169000000001,0.0006553169000000001,0.00036505,8.464130728537783e-05,-4.8257217557190046e-05,8.464130728537783e-05,-4.8257217557190046e-05
darcy_taylor_hood_p2p1,x,flux,0.0006577158000000001,0.0006577158000000001,0.00036505,0.0003710049160208024,-0.00043464574533711445,0.0003710049160208024,-0.00043464574533711445
darcy_taylor_hood_p2p1,x,flux,0.0006601147000000001,0.0006601147000000001,0.00036505,0.0012710149356823374,-0.0015775109977190958,0.0012710149356823374,-0.0015775109977190958
darcy_taylor_hood_p2p1,x,flux,0.0006625136000000001,0.0006625136000000001,0.00036505,0.0015288846613359447,-0.001910988832847142,0.0015288846613359447,-0.001910988832847142
darcy_taylor_hood_p2p1,x,flux,0.0006649125000000001,0.0006649125000000001,0.00036505,0.0011446140929816228,-0.001435079250721252,0.0011446140929816228,-0.001435079250721252
darcy_taylor_hood_p2p1,x,flux,0.0006673114,0.0006673114,0.00036505,0.00011820323061943397,-0.00014978225134150387,0.00011820323061943397,-0.00014978225134150387
darcy_taylor_hood_p2p1,x,flux,0.0006697103,0.0006697103,0.00036505,2.1529820566522608e-06,-5.09362622841279e-06,2.1529820566522608e-06,-5.09362622841279e-06
darcy_taylor_hood_p2p1,x,flux,0.0006721092,0.0006721092,0.00036505,4.068841928393017e-06,-7.709278584745843e-06,4.068841928393017e-06,-7.709278584745843e-06
darcy_taylor_hood_p2p1,x,flux,0.0006745081,0.0006745081,0.00036505,3.923088789124264e-06,-6.959769404563951e-06,3.923088789124264e-06,-6.959769404563951e-06
darcy_taylor_hood_p2p1,x,flux,0.000676907,0.000676907,0.00036505,1.715722638845348e-06,-2.8450986878668337e-06,1.715722638845348e-06,-2.8450986878668337e-06
darcy_taylor_hood_p2p1,x,flux,0.0006793059,0.0006793059,0.00036505,5.5210352211963274e-08,1.9439809205161577e-08,5.5210352211963274e-08,1.9439809205161577e-08
darcy_taylor_hood_p2p1,x,flux,0.0006817048,0.0006817048,0.00036505,-2.47741889715841e-09,3.957642720560561e-08,-2.47741889715841e-09,3.957642720560561e-08
darcy_taylor_hood_p2p1,x,flux,0.0006841037000000001,0.0006841037000000001,0.00036505,-3.3190588657326034e-09,2.6832285361027346e-08,-3.3190588657326034e-09,2.6832285361027346e-08
darcy_taylor_hood_p2p1,x,flux,0.0006865026000000001,0.0006865026000000001,0.00036505,5.268543230637657e-08,-1.879261632862226e-08,5.268543230637657e-08,-1.879261632862226e-08
darcy_taylor_hood_p2p1,x,flux,0.0006889015000000001,0.0006889015000000001,0.00036505,4.369801762724857e-06,-6.218169381284503e-07,4.369801762724857e-06,-6.218169381284503e-07
darcy_taylor_hood_p2p1,x,flux,0.0006913004000000001,0.0006913004000000001,0.00036505,1.816337688781196e-05,-2.3886557271429005e-06,1.816337688781196e-05,-2.3886557271429005e-06
darcy_taylor_hood_p2p1,x,flux,0.0006936993000000001,0.0006936993000000001,0.00036505,2.2623647474755892e-05,-2.944184575969696e-06,2.2623647474755892e-05,-2.944184575969696e-06
darcy_taylor_hood_p2p1,x,flux,0.0006960982000000001,0.0006960982000000001,0.00036505,1.775061352355665e-05,-2.288403484608836e-06,1.775061352355665e-05,-2.288403484608836e-06
darcy_taylor_hood_p2p1,x,flux,0.0006984971,0.0006984971,0.00036505,3.5442750342151035e-06,-4.2131245306043443e-07,3.5442750342151035e-06,-4.2131245306043443e-07
darcy_taylor_hood_p2p1,x,flux,0.000700896,0.000700896,0.00036505,7.712980635585864e-07,-7.242996945029121e-08,7.712980635585864e-07,-7.242996945029121e-08
darcy_taylor_hood_p2p1,x,flux,0.0007032949,0.0007032949,0.00036505,5.924267048826756e-07,-5.496385910436275e-08,5.924267048826756e-07,-5.496385910436275e-08
darcy_taylor_hood_p2p1,x,flux,0.0007056938,0.0007056938,0.00036505,5.074803688446723e-07,-3.8553688820038526e-08,5.074803688446723e-07,-3.8553688820038526e-08
darcy_taylor_hood_p2p1,x,flux,0.0007080927,0.0007080927,0.00036505,5.164590554445766e-07,-2.3199458597318524e-08,5.164590554445766e-07,-2.3199458597318524e-08
darcy_taylor_hood_p2p1,x,flux,0.0007104916,0.0007104916,0.00036505,7.195603895771383e-05,0.0005871086178854694,7.195603895771383e-05,0.0005871086178854694
darcy_taylor_hood_p2p1,x,flux,0.0007128905,0.0007128905,0.00036505,0.00020434280279263604,0.0012812496982807496,0.00020434280279263604,0.0012812496982807496
darcy_taylor_hood_p2p1,x,flux,0.0007152894000000001,0.0007152894000000001,0.00036505,0.000330858350613667,0.0014086950356929666,0.000330858350613667,0.0014086950356929666
darcy_taylor_hood_p2p1,x,flux,0.0007176883000000001,0.0007176883000000001,0.00036505,0.0004515026824208068,0.0009694446301221208,0.0004515026824208068,0.0009694446301221208
darcy_taylor_hood_p2p1,x,flux,0.0007200872000000001,0.0007200872000000001,0.00036505,0.0005507441447336842,0.0002117347318023957,0.0005507441447336842,0.0002117347318023957
darcy_taylor_hood_p2p1,x,flux,0.0007224861000000001,0.0007224861000000001,0.00036505,0.000569441434568694,0.0003531577278234577,0.000569441434568694,0.0003531577278234577
darcy_taylor_hood_p2p1,x,flux,0.000724885,0.000724885,0.00036505,0.0005807382598015936,0.0004163478194070612,0.0005807382598015936,0.0004163478194070612
darcy_taylor_hood_p2p1,x,tangential,5.215e-06,0.00036505,5.215e-06,3.201113359979781e-05,-1.4341609474710094e-05,3.201113359979781e-05,-1.4341609474710094e-05
darcy_taylor_hood_p2p1,x,tangential,7.6139e-06,0.00036505,7.6139e-06,2.6008339558746618e-05,-1.249014254526781e-05,2.6008339558746618e-05,-1.249014254526781e-05
darcy_taylor_hood_p2p1,x,tangential,1.00128e-05,0.00036505,1.00128e-05,1.063519852830592e-05,-5.314895681041817e-06,1.063519852830592e-05,-5.314895681041817e-06
darcy_taylor_hood_p2p1,x,tangential,1.24117e-05,0.00036505,1.24117e-05,2.860441248191335e-06,-7.498988662071046e-07,2.860441248191335e-06,-7.498988662071046e-07
darcy_taylor_hood_p2p1,x,tangential,1.48106e-05,0.00036505,1.48106e-05,5.2721823468304274e-08,9.349837998473838e-07,5.2721823468304274e-08,9.349837998473838e-07
darcy_taylor_hood_p2p1,x,tangential,1.72095e-05,0.00036505,1.72095e-05,-3.350840665452658e-07,7.878294684215693e-07,-3.350840665452658e-07,7.878294684215693e-07
darcy_taylor_hood_p2p1,x,tangential,1.96084e-05,0.00036505,1.96084e-05,1.6970235781506245e-06,-1.191361860484549e-06,1.6970235781506245e-06,-1.191361860484549e-06
darcy_taylor_hood_p2p1,x,tangential,2.20073e-05,0.00036505,2.20073e-05,0.0005120543495556061,0.00046937866948517336,0.0005120543495556061,0.00046937866948517336
darcy_taylor_hood_p2p1,x,tangential,2.44062e-05,0.00036505,2.44062e-05,0.00134399707855801,0.001212105945595448,0.00134399707855801,0.001212105945595448
darcy_taylor_hood_p2p1,x,tangential,2.6805100000000002e-05,0.00036505,2.6805100000000002e-05,0.0018634880885644728,0.0016235362682180073,0.0018634880885644728,0.0016235362682180073
darcy_taylor_hood_p2p1,x,tangential,2.9204e-05,0.00036505,2.9204e-05,0.0020705273795749934,0.0017036696373528505,0.0020705273795749934,0.0017036696373528505
darcy_taylor_hood_p2p1,x,tangential,3.1602899999999995e-05,0.00036505,3.1602899999999995e-05,0.002040664859244123,0.001559686885657638,0.002040664859244123,0.001559686885657638
darcy_taylor_hood_p2p1,x,tangential,3.4001800000000004e-05,0.00036505,3.4001800000000004e-05,0.0022991764367164937,0.0018806923961346058,0.0022991764367164937,0.0018806923961346058
darcy_taylor_hood_p2p1,x,tangential,3.64007e-05,0.00036505,3.64007e-05,0.002417134342322419,0.0020150290776881894,0.002417134342322419,0.0020150290776881894
darcy_taylor_hood_p2p1,x,tangential,3.8799599999999994e-05,0.00036505,3.8799599999999994e-05,0.0023945385760619007,0.001962696930318391,0.0023945385760619007,0.001962696930318391
darcy_taylor_hood_p2p1,x,tangential,4.11985e-05,0.00036505,4.11985e-05,0.002231389137934937,0.0017236959540252081,0.002231389137934937,0.0017236959540252081
darcy_taylor_hood_p2p1,x,tangential,4.35974e-05,0.00036505,4.35974e-05,0.002397693128918396,0.001977940458608855,0.002397693128918396,0.001977940458608855
darcy_taylor_hood_p2p1,x,tangential,4.5996300000000005e-05,0.00036505,4.5996300000000005e-05,0.0022894446161566676,0.0020007560847303835,0.0022894446161566676,0.0020007560847303835
darcy_taylor_hood_p2p1,x,tangential,4.83952e-05,0.00036505,4.83952e-05,0.0017438231008777131,0.0015747868761397472,0.0017438231008777131,0.0015747868761397472
darcy_taylor_hood_p2p1,x,tangential,5.0794099999999995e-05,0.00036505,5.0794099999999995e-05,0.0007608285830815334,0.0007000328328369471,0.0007608285830815334,0.0007000328328369471
darcy_taylor_hood_p2p1,x,tangential,5.3193000000000004e-05,0.00036505,5.3193000000000004e-05,9.475107668967754e-06,6.2371426460936995e-06,9.475107668967754e-06,6.2371426460936995e-06
darcy_taylor_hood_p2p1,x,tangential,5.55919e-05,0.00036505,5.55919e-05,5.1648176282347155e-06,4.397914934478327e-06,5.1648176282347155e-06,4.397914934478327e-06
darcy_taylor_hood_p2p1,x,tangential,5.7990799999999994e-05,0.00036505,5.7990799999999994e-05,2.1513662165158703e-06,2.727096114402603e-06,2.1513662165158703e-06,2.727096114402603e-06
darcy_taylor_hood_p2p1,x,tangential,6.03897e-05,0.00036505,6.03897e-05,4.3475343381110775e-07,1.2246861858664182e-06,4.3475343381110775e-07,1.2246861858664182e-06
darcy_taylor_hood_p2p1,x,tangential,6.27886e-05,0.00036505,6.27886e-05,6.954558943553124e-14,-1.756454210050503e-13,6.954558943553124e-14,-1.756454210050503e-13
darcy_taylor_hood_p2p1,x,tangential,6.51875e-05,0.00036505,6.51875e-05,3.0739813219850396e-14,-1.328328673084516e-13,3.0739813219850396e-14,-1.328328673084516e-13
darcy_taylor_hood_p2p1,x,tangential,6.75864e-05,0.00036505,6.75864e-05,1.0712915772363211e-14,-1.0532438564062158e-13,1.0712915772363211e-14,-1.0532438564062158e-13
darcy_taylor_hood_p2p1,x,tangential,6.99853e-05,0.00036505,6.99853e-05,9.464897093329747e-15,-9.311997601356966e-14,9.464897093329747e-15,-9.311997601356966e-14
darcy_taylor_hood_p2p1,x,tangential,7.238419999999999e-05,0.00036505,7.238419999999999e-05,2.6995757184293955e-14,-9.621963841310556e-14,2.6995757184293955e-14,-9.621963841310556e-14
darcy_taylor_hood_p2p1,x,tangential,7.47831e-05,0.00036505,7.47831e-05,-2.007753992802907e-07,1.989124901006245e-07,-2.007753992802907e-07,1.989124901006245e-07
darcy_taylor_hood_p2p1,x,tangential,7.7182e-05,0.00036505,7.7182e-05,-2.774387303784538e-07,2.8112681661683684e-07,-2.774387303784538e-07,2.8112681661683684e-07
darcy_taylor_hood_p2p1,x,tangential,7.95809e-05,0.00036505,7.95809e-05,-1.2988193767170555e-07,1.4840303061896412e-07,-1.2988193767170555e-07,1.4840303061896412e-07
darcy_taylor_hood_p2p1,x,tangential,8.19798e-05,0.00036505,8.19798e-05,2.418949788399524e-07,-1.99258867892992e-07,2.418949788399524e-07,-1.99258867892992e-07
darcy_taylor_hood_p2p1,x,tangential,8.437869999999999e-05,0.00036505,8.437869999999999e-05,5.997427002098065e-06,8.363897283321031e-06,5.997427002098065e-06,8.363897283321031e-06
darcy_taylor_hood_p2p1,x,tangential,8.67776e-05,0.00036505,8.67776e-05,1.4935015286629376e-05,2.3133981068811724e-05,1.4935015286629376e-05,2.3133981068811724e-05
darcy_taylor_hood_p2p1,x,tangential,8.91765e-05,0.00036505,8.91765e-05,1.681141963905384e-05,2.6514354001123778e-05,1.681141963905384e-05,2.6514354001123778e-05
darcy_taylor_hood_p2p1,x,tangential,9.15754e-05,0.00036505,9.15754e-05,1.1626640059371491e-05,1.850501608025721e-05,1.1626640059371491e-05,1.850501608025721e-05
darcy_taylor_hood_p2p1,x,tangential,9.39743e-05,0.00036505,9.39743e-05,5.790327582990543e-08,1.527056054733265e-07,5.790327582990543e-08,1.527056054733265e-07
darcy_taylor_hood_p2p1,x,tangential,9.63732e-05,0.00036505,9.63732e-05,2.3978296521774446e-08,-4.5713901248051014e-07,2.3978296521774446e-08,-4.5713901248051014e-07
darcy_taylor_hood_p2p1,x,tangential,9.87721e-05,0.00036505,9.87721e-05,1.4800838655168286e-08,-7.574874082763147e-07,1.4800838655168286e-08,-7.574874082763147e-07
darcy_taylor_hood_p2p1,x,tangential,0.000101171,0.00036505,0.000101171,3.03709022300887e-08,-7.483395819140841e-07,3.03709022300887e-08,-7.483395819140841e-07
darcy_taylor_hood_p2p1,x,tangential,0.00010356989999999999,0.00036505,0.00010356989999999999,7.068848724652576e-08,-4.296955333938231e-07,7.068848724652576e-08,-4.296955333938231e-07
darcy_taylor_hood_p2p1,x,tangential,0.0001059688,0.00036505,0.0001059688,5.61522962934564e-08,-3.9544312671244546e-07,5.61522962934564e-08,-3.9544312671244546e-07
darcy_taylor_hood_p2p1,x,tangential,0.0001083677,0.00036505,0.0001083677,2.6644259845412676e-08,-4.904013459762801e-07,2.6644259845412676e-08,-4.904013459762801e-07
darcy_taylor_hood_p2p1,x,tangential,0.00011076659999999999,0.00036505,0.00011076659999999999,1.611157128295209e-08,-4.868510802567246e-07,1.611157128295209e-08,-4.868510802567246e-07
darcy_taylor_hood_p2p1,x,tangential,0.0001131655,0.00036505,0.0001131655,2.4554230606074735e-08,-3.8479232955377794e-07,2.4554230606074735e-08,-3.8479232955377794e-07
darcy_taylor_hood_p2p1,x,tangential,0.0001155644,0.00036505,0.0001155644,-6.5683393656938e-08,-7.244797051657416e-08,-6.5683393656938e-08,-7.244797051657416e-08
darcy_taylor_hood_p2p1,x,tangential,0.0001179633,0.00036505,0.0001179633,-1.8267718252795951e-07,3.024134405591642e-07,-1.8267718252795951e-07,3.024134405591642e-07
darcy_taylor_hood_p2p1,x,tangential,0.0001203622,0.00036505,0.0001203622,-2.1206957715630114e-08,4.113838913126099e-07,-2.1206957715630114e-08,4.113838913126099e-07
darcy_taylor_hood_p2p1,x,tangential,0.0001227611,0.00036505,0.0001227611,4.187272807800493e-07,2.544633817437655e-07,4.187272807800493e-07,2.544633817437655e-07
darcy_taylor_hood_p2p1,x,tangential,0.00012516,0.00036505,0.00012516,1.1371255329590833e-06,-1.6834808814737195e-07,1.1371255329590833e-06,-1.6834808814737195e-07
darcy_taylor_hood_p2p1,x,tangential,0.0001275589,0.00036505,0.0001275589,0.00039980337257956616,0.00036995164897102593,0.00039980337257956616,0.00036995164897102593
darcy_taylor_hood_p2p1,x,tangential,0.00012995780000000002,0.00036505,0.00012995780000000002,0.0006678193328252467,0.0005523380029962825,0.0006678193328252467,0.0005523380029962825
darcy_taylor_hood_p2p1,x,tangential,0.0001323567,0.00036505,0.0001323567,0.000805185006269997,0.0005469907139876202,0.000805185006269997,0.0005469907139876202
darcy_taylor_hood_p2p1,x,tangential,0.0001347556,0.00036505,0.0001347556,0.0008119003929138198,0.0003539097819450389,0.0008119003929138198,0.0003539097819450389
darcy_taylor_hood_p2p1,x,tangential,0.00013715450000000002,0.00036505,0.00013715450000000002,0.0008361392293813343,0.00046243875952821264,0.0008361392293813343,0.00046243875952821264
darcy_taylor_hood_p2p1,x,tangential,0.0001395534,0.00036505,0.0001395534,0.0008001492705326394,0.0006237697865353583,0.0008001492705326394,0.0006237697865353583
darcy_taylor_hood_p2p1,x,tangential,0.0001419523,0.00036505,0.0001419523,0.0006230930495261662,0.0005726148905387409,0.0006230930495261662,0.0005726148905387409
darcy_taylor_hood_p2p1,x,tangential,0.00014435120000000001,0.00036505,0.00014435120000000001,0.00030497056636191467,0.0003089740715383578,0.00030497056636191467,0.0003089740715383578
darcy_taylor_hood_p2p1,x,tangential,0.00014675010000000002,0.00036505,0.00014675010000000002,4.1063555389116473e-07,2.3951630950050697e-07,4.1063555389116473e-07,2.3951630950050697e-07
darcy_taylor_hood_p2p1,x,tangential,0.000149149,0.00036505,0.000149149,2.484440354018951e-07,2.005700399749737e-07,2.484440354018951e-07,2.005700399749737e-07
darcy_taylor_hood_p2p1,x,tangential,0.0001515479,0.00036505,0.0001515479,1.2761409116810878e-07,1.509570786082462e-07,1.2761409116810878e-07,1.509570786082462e-07
darcy_taylor_hood_p2p1,x,tangential,0.00015394680000000002,0.00036505,0.00015394680000000002,4.814572118983338e-08,9.067742540035037e-08,4.814572118983338e-08,9.067742540035037e-08
darcy_taylor_hood_p2p1,x,tangential,0.0001563457,0.00036505,0.0001563457,1.003892546703411e-08,1.973108035125216e-08,1.003892546703411e-08,1.973108035125216e-08
darcy_taylor_hood_p2p1,x,tangential,0.0001587446,0.00036505,0.0001587446,4.474418708003933e-09,1.0937139236694836e-08,4.474418708003933e-09,1.0937139236694836e-08
darcy_taylor_hood_p2p1,x,tangential,0.00016114350000000002,0.00036505,0.00016114350000000002,1.5274791367289282e-09,8.804119062612952e-09,1.5274791367289282e-09,8.804119062612952e-09
darcy_taylor_hood_p2p1,x,tangential,0.0001635424,0.00036505,0.0001635424,7.469137915665362e-10,1.0333564349772136e-08,7.469137915665362e-10,1.0333564349772136e-08
darcy_taylor_hood_p2p1,x,tangential,0.0001659413,0.00036505,0.0001659413,2.132722672516736e-09,1.552547509817242e-08,2.132722672516736e-09,1.552547509817242e-08
darcy_taylor_hood_p2p1,x,tangential,0.00016834020000000002,0.00036505,0.00016834020000000002,3.101239738569783e-07,-5.5763433652689056e-08,3.101239738569783e-07,-5.5763433652689056e-08
darcy_taylor_hood_p2p1,x,tangential,0.0001707391,0.00036505,0.0001707391,5.971587153442584e-07,-1.2610300581795218e-07,5.971587153442584e-07,-1.2610300581795218e-07
darcy_taylor_hood_p2p1,x,tangential,0.000173138,0.00036505,0.000173138,6.142962954772735e-07,-1.3210045040280053e-07,6.142962954772735e-07,-1.3210045040280053e-07
darcy_taylor_hood_p2p1,x,tangential,0.00017553690000000002,0.00036505,0.00017553690000000002,3.6153671425601903e-07,-7.375576740723276e-08,3.6153671425601903e-07,-7.375576740723276e-08
darcy_taylor_hood_p2p1,x,tangential,0.00017793580000000003,0.00036505,0.00017793580000000003,9.551631362401653e-10,1.0262355273666818e-08,9.551631362401653e-10,1.0262355273666818e-08
darcy_taylor_hood_p2p1,x,tangential,0.0001803347,0.00036505,0.0001803347,2.7306660241368844e-10,9.54601154677654e-09,2.7306660241368844e-10,9.54601154677654e-09
darcy_taylor_hood_p2p1,x,tangential,0.00018273360000000002,0.00036505,0.00018273360000000002,2.7464941040007525e-10,1.0492335591157014e-08,2.7464941040007525e-10,1.0492335591157014e-08
darcy_taylor_hood_p2p1,x,tangential,0.00018513250000000002,0.00036505,0.00018513250000000002,9.599115601993377e-10,1.3101327406808262e-08,9.599115601993377e-10,1.3101327406808262e-08
darcy_taylor_hood_p2p1,x,tangential,0.0001875314,0.00036505,0.0001875314,2.3288530518114565e-09,1.7372986993730228e-08,2.3288530518114565e-09,1.7372986993730228e-08
darcy_taylor_hood_p2p1,x,tangential,0.0001899303,0.00036505,0.0001899303,0.0006838089134508314,0.00010345761490889734,0.0006838089134508314,0.00010345761490889734
darcy_taylor_hood_p2p1,x,tangential,0.00019232920000000002,0.00036505,0.00019232920000000002,0.0010464459341603086,0.00021170957923028548,0.0010464459341603086,0.00021170957923028548
darcy_taylor_hood_p2p1,x,tangential,0.0001947281,0.00036505,0.0001947281,0.0010052303094450006,0.0003146932510269521,0.0010052303094450006,0.0003146932510269521
darcy_taylor_hood_p2p1,x,tangential,0.000197127,0.00036505,0.000197127,0.000560162039304906,0.00041240863029889957,0.000560162039304906,0.00041240863029889957
darcy_taylor_hood_p2p1,x,tangential,0.00019952590000000002,0.00036505,0.00019952590000000002,0.00031763846120565404,0.0004473351467632293,0.00031763846120565404,0.0004473351467632293
darcy_taylor_hood_p2p1,x,tangential,0.0002019248,0.00036505,0.0002019248,0.00038934801567176225,0.00046572605837443183,0.00038934801567176225,0.00046572605837443183
darcy_taylor_hood_p2p1,x,tangential,0.0002043237,0.00036505,0.0002043237,0.00037872740335394343,0.0005209888688236172,0.00037872740335394343,0.0005209888688236172
darcy_taylor_hood_p2p1,x,tangential,0.00020672260000000002,0.00036505,0.00020672260000000002,0.00028577662425219677,0.0006131235781107852,0.00028577662425219677,0.0006131235781107852
darcy_taylor_hood_p2p1,x,tangential,0.0002091215,0.00036505,0.0002091215,0.0001414060944248293,0.0006699830414603074,0.0001414060944248293,0.0006699830414603074
darcy_taylor_hood_p2p1,x,tangential,0.0002115204,0.00036505,0.0002115204,9.915841730461328e-05,0.0005262183132838532,9.915841730461328e-05,0.0005262183132838532
darcy_taylor_hood_p2p1,x,tangential,0.00021391930000000002,0.00036505,0.00021391930000000002,9.479750187670597e-05,0.00045585216316330906,9.479750187670597e-05,0.00045585216316330906
darcy_taylor_hood_p2p1,x,tangential,0.0002163182,0.00036505,0.0002163182,0.00012832334814110683,0.0004588845910986745,0.00012832334814110683,0.0004588845910986745
darcy_taylor_hood_p2p1,x,tangential,0.0002187171,0.00036505,0.0002187171,0.00019973595609781657,0.00053531559708995,0.00019973595609781657,0.00053531559708995
darcy_taylor_hood_p2p1,x,tangential,0.00022111600000000002,0.00036505,0.00022111600000000002,0.0002957923283296869,0.0006502768168060176,0.0002957923283296869,0.0006502768168060176
darcy_taylor_hood_p2p1,x,tangential,0.00022351490000000002,0.00036505,0.00022351490000000002,0.0003497646304177569,0.0007341204064821373,0.0003497646304177569,0.0007341204064821373
darcy_taylor_hood_p2p1,x,tangential,0.0002259138,0.00036505,0.0002259138,0.0003581985411217951,0.0007851496937833586,0.0003581985411217951,0.0007851496937833586
darcy_taylor_hood_p2p1,x,tangential,0.00022831270000000001,0.00036505,0.00022831270000000001,0.00032109406044180175,0.0008033646787096828,0.00032109406044180175,0.0008033646787096828
darcy_taylor_hood_p2p1,x,tangential,0.00023071160000000002,0.00036505,0.00023071160000000002,0.00031266768556869213,0.0008209431772075537,0.00031266768556869213,0.0008209431772075537
darcy_taylor_hood_p2p1,x,tangential,0.0002331105,0.00036505,0.0002331105,0.0003510179060602484,0.0008337801653100176,0.0003510179060602484,0.0008337801653100176
darcy_taylor_hood_p2p1,x,tangential,0.0002355094,0.00036505,0.0002355094,0.0003757447949455788,0.0008119319136656268,0.0003757447949455788,0.0008119319136656268
darcy_taylor_hood_p2p1,x,tangential,0.00023790830000000002,0.00036505,0.00023790830000000002,0.00038684835222468303,0.0007553984222743814,0.00038684835222468303,0.0007553984222743814
darcy_taylor_hood_p2p1,x,tangential,0.0002403072,0.00036505,0.0002403072,0.0003816857741183261,0.0006914852992589467,0.0003816857741183261,0.0006914852992589467
darcy_taylor_hood_p2p1,x,tangential,0.0002427061,0.00036505,0.0002427061,0.0003646122048566427,0.0007294543206743661,0.0003646122048566427,0.0007294543206743661
darcy_taylor_hood_p2p1,x,tangential,0.000245105,0.00036505,0.000245105,0.00035821975904444314,0.0007444352985419099,0.00035821975904444314,0.0007444352985419099
darcy_taylor_hood_p2p1,x,tangential,0.0002475039,0.00036505,0.0002475039,0.00036250843668172755,0.0007364282328615786,0.00036250843668172755,0.0007364282328615786
darcy_taylor_hood_p2p1,x,tangential,0.0002499028,0.00036505,0.0002499028,0.0003774782377684961,0.000705433123633372,0.0003774782377684961,0.000705433123633372
darcy_taylor_hood_p2p1,x,tangential,0.0002523017,0.00036505,0.0002523017,0.0003777197032048032,0.0007615516717133328,0.0003777197032048032,0.0007615516717133328
darcy_taylor_hood_p2p1,x,tangential,0.0002547006,0.00036505,0.0002547006,0.00036414884513133407,0.0008169193259241016,0.00036414884513133407,0.0008169193259241016
darcy_taylor_hood_p2p1,x,tangential,0.0002570995,0.00036505,0.0002570995,0.000340291776963485,0.000848267051701853,0.000340291776963485,0.000848267051701853
darcy_taylor_hood_p2p1,x,tangential,0.00025949839999999996,0.00036505,0.00025949839999999996,0.0003061484987012567,0.0008555948490465861,0.0003061484987012567,0.0008555948490465861
darcy_taylor_hood_p2p1,x,tangential,0.00026189729999999997,0.00036505,0.00026189729999999997,0.0003063417634103239,0.0008559391538921533,0.0003063417634103239,0.0008559391538921533
darcy_taylor_hood_p2p1,x,tangential,0.0002642962,0.00036505,0.0002642962,0.00032937240556365176,0.0008462896030648482,0.00032937240556365176,0.0008462896030648482
darcy_taylor_hood_p2p1,x,tangential,0.0002666951,0.00036505,0.0002666951,0.00032107078308328676,0.0008064518889947593,0.00032107078308328676,0.0008064518889947593
darcy_taylor_hood_p2p1,x,tangential,0.000269094,0.00036505,0.000269094,0.0002814368959692291,0.0007364260116818865,0.0002814368959692291,0.0007364260116818865
darcy_taylor_hood_p2p1,x,tangential,0.0002714929,0.00036505,0.0002714929,0.0002117704663916675,0.0006361389914902012,0.0002117704663916675,0.0006361389914902012
darcy_taylor_hood_p2p1,x,tangential,0.00027389179999999996,0.00036505,0.00027389179999999996,0.00017234083719866794,0.0005695251162869287,0.00017234083719866794,0.0005695251162869287
darcy_taylor_hood_p2p1,x,tangential,0.00027629069999999997,0.00036505,0.00027629069999999997,0.00019517877126871684,0.0005865692547774359,0.00019517877126871684,0.0005865692547774359
darcy_taylor_hood_p2p1,x,tangential,0.0002786896,0.00036505,0.0002786896,0.0002802842686018159,0.0006872714069617249,0.0002802842686018159,0.0006872714069617249
darcy_taylor_hood_p2p1,x,tangential,0.0002810885,0.00036505,0.0002810885,0.0004276573291979651,0.000871631572839796,0.0004276573291979651,0.000871631572839796
darcy_taylor_hood_p2p1,x,tangential,0.0002834874,0.00036505,0.0002834874,0.0005652257274549143,0.0009557906668696453,0.0005652257274549143,0.0009557906668696453
darcy_taylor_hood_p2p1,x,tangential,0.0002858863,0.00036505,0.0002858863,0.0006653709914719687,0.0009745535548690323,0.0006653709914719687,0.0009745535548690323
darcy_taylor_hood_p2p1,x,tangential,0.0002882852,0.00036505,0.0002882852,0.0007383972528389026,0.0009670431499808851,0.0007383972528389026,0.0009670431499808851
darcy_taylor_hood_p2p1,x,tangential,0.00029068409999999996,0.00036505,0.00029068409999999996,0.0007843045115557143,0.0009332594522052045,0.0007843045115557143,0.0009332594522052045
darcy_taylor_hood_p2p1,x,tangential,0.00029308299999999997,0.00036505,0.00029308299999999997,0.0008628231328611615,0.000929899367292294,0.0008628231328611615,0.000929899367292294
darcy_taylor_hood_p2p1,x,tangential,0.0002954819,0.00036505,0.0002954819,0.0009737299450079825,0.0009519257676406986,0.0009737299450079825,0.0009519257676406986
darcy_taylor_hood_p2p1,x,tangential,0.0002978808,0.00036505,0.0002978808,0.0010322285138783475,0.0009169478093736447,0.0010322285138783475,0.0009169478093736447
darcy_taylor_hood_p2p1,x,tangential,0.0003002797,0.00036505,0.0003002797,0.0010383188394722568,0.0008249654924911326,0.0010383188394722568,0.0008249654924911326
darcy_taylor_hood_p2p1,x,tangential,0.0003026786,0.00036505,0.0003026786,0.0010101335468509624,0.0007019485419009595,0.0010101335468509624,0.0007019485419009595
darcy_taylor_hood_p2p1,x,tangential,0.00030507749999999996,0.00036505,0.00030507749999999996,0.0011162282059449654,0.0007743472071022678,0.0011162282059449654,0.0007743472071022678
darcy_taylor_hood_p2p1,x,tangential,0.00030747639999999997,0.00036505,0.00030747639999999997,0.001163098584363974,0.00075245918137829,0.001163098584363974,0.00075245918137829
darcy_taylor_hood_p2p1,x,tangential,0.0003098753,0.00036505,0.0003098753,0.0011507446821079853,0.0006362844647290234,0.0011507446821079853,0.0006362844647290234
darcy_taylor_hood_p2p1,x,tangential,0.0003122742,0.00036505,0.0003122742,0.0010791664991769993,0.00042582305715446793,0.0010791664991769993,0.00042582305715446793
darcy_taylor_hood_p2p1,x,tangential,0.0003146731,0.00036505,0.0003146731,0.0009844163805932938,0.00040229896480933766,0.0009844163805932938,0.00040229896480933766
darcy_taylor_hood_p2p1,x,tangential,0.000317072,0.00036505,0.000317072,0.0008651238972892646,0.00042442595565401006,0.0008651238972892646,0.00042442595565401006
darcy_taylor_hood_p2p1,x,tangential,0.0003194709,0.00036505,0.0003194709,0.0007118583260314229,0.00039905083448412375,0.0007118583260314229,0.00039905083448412375
darcy_taylor_hood_p2p1,x,tangential,0.00032186979999999997,0.00036505,0.00032186979999999997,0.0005246196668197727,0.00032617360129968097,0.0005246196668197727,0.00032617360129968097
darcy_taylor_hood_p2p1,x,tangential,0.0003242687,0.00036505,0.0003242687,0.00037249550483713225,0.00024276354518287615,0.00037249550483713225,0.00024276354518287615
darcy_taylor_hood_p2p1,x,tangential,0.0003266676,0.00036505,0.0003266676,0.0003050474569459181,0.00019631901733644332,0.0003050474569459181,0.00019631901733644332
darcy_taylor_hood_p2p1,x,tangential,0.0003290665,0.00036505,0.0003290665,0.00021969703217377139,0.00014112717229846183,0.00021969703217377139,0.00014112717229846183
darcy_taylor_hood_p2p1,x,tangential,0.0003314654,0.00036505,0.0003314654,0.00011644423052069249,7.71880100689315e-05,0.00011644423052069249,7.71880100689315e-05
darcy_taylor_hood_p2p1,x,tangential,0.0003338643,0.00036505,0.0003338643,9.012292973975341e-07,8.025562233650907e-06,9.012292973975341e-07,8.025562233650907e-06
darcy_taylor_hood_p2p1,x,tangential,0.00033626319999999996,0.00036505,0.00033626319999999996,3.9533680280325086e-07,1.1610210905688998e-05,3.9533680280325086e-07,1.1610210905688998e-05
darcy_taylor_hood_p2p1,x,tangential,0.00033866209999999997,0.00036505,0.00033866209999999997,1.4093824387979644e-07,1.404850344118029e-05,1.4093824387979644e-07,1.404850344118029e-05
darcy_taylor_hood_p2p1,x,tangential,0.000341061,0.00036505,0.000341061,1.3803362062718563e-07,1.5340439840124695e-05,1.3803362062718563e-07,1.5340439840124695e-05
darcy_taylor_hood_p2p1,x,tangential,0.0003434599,0.00036505,0.0003434599,3.86622933045418e-07,1.548602010252221e-05,3.86622933045418e-07,1.548602010252221e-05
darcy_taylor_hood_p2p1,x,tangential,0.0003458588,0.00036505,0.0003458588,8.695945031501827e-05,2.2186998075161154e-05,8.695945031501827e-05,2.2186998075161154e-05
darcy_taylor_hood_p2p1,x,tangential,0.0003482577,0.00036505,0.0003482577,0.0001536243449413325,2.5739337460022388e-05,0.0001536243449413325,2.5739337460022388e-05
darcy_taylor_hood_p2p1,x,tangential,0.0003506566,0.00036505,0.0003506566,0.0001523472052085579,2.1809351761587117e-05,0.0001523472052085579,2.1809351761587117e-05
darcy_taylor_hood_p2p1,x,tangential,0.00035305549999999997,0.00036505,0.00035305549999999997,8.312803111669687e-05,1.0397040979855638e-05,8.312803111669687e-05,1.0397040979855638e-05
darcy_taylor_hood_p2p1,x,tangential,0.0003554544,0.00036505,0.0003554544,9.163879384631702e-07,-7.267835270827097e-07,9.163879384631702e-07,-7.267835270827097e-07
darcy_taylor_hood_p2p1,x,tangential,0.0003578533,0.00036505,0.0003578533,3.178663770045934e-08,8.726481325797918e-09,3.178663770045934e-08,8.726481325797918e-09
darcy_taylor_hood_p2p1,x,tangential,0.0003602522,0.00036505,0.0003602522,-1.8267153473406796e-07,3.4203598393298514e-07,-1.8267153473406796e-07,3.4203598393298514e-07
darcy_taylor_hood_p2p1,x,tangential,0.0003626511,0.00036505,0.0003626511,2.730134211595997e-07,2.7314498073881976e-07,2.730134211595997e-07,2.7314498073881976e-07
darcy_taylor_hood_p2p1,x,tangential,0.00036505,0.00036505,0.00036505,1.3988415053817494e-06,-1.9794652825671906e-07,1.3988415053817494e-06,-1.9794652825671906e-07
darcy_taylor_hood_p2p1,x,tangential,0.00036744889999999996,0.00036505,0.00036744889999999996,1.4860280564583752e-05,-5.9729890514910144e-06,1.4860280564583752e-05,-5.9729890514910144e-06
darcy_taylor_hood_p2p1,x,tangential,0.00036984779999999997,0.00036505,0.00036984779999999997,2.197840963019408e-05,-8.109598664029008e-06,2.197840963019408e-05,-8.109598664029008e-06
darcy_taylor_hood_p2p1,x,tangential,0.0003722467,0.00036505,0.0003722467,2.275322870221253e-05,-6.607775365870468e-06,2.275322870221253e-05,-6.607775365870468e-06
darcy_taylor_hood_p2p1,x,tangential,0.0003746456,0.00036505,0.0003746456,1.7184737780638845e-05,-1.4675191570154421e-06,1.7184737780638845e-05,-1.4675191570154421e-06
darcy_taylor_hood_p2p1,x,tangential,0.0003770445,0.00036505,0.0003770445,0.0014101288057231957,-0.00041682313171863527,0.0014101288057231957,-0.00041682313171863527
darcy_taylor_hood_p2p1,x,tangential,0.0003794434,0.00036505,0.0003794434,0.0027166960538820496,-0.0007497611068532885,0.0027166960538820496,-0.0007497611068532885
darcy_taylor_hood_p2p1,x,tangential,0.00038184229999999996,0.00036505,0.00038184229999999996,0.0030130426560915228,-0.0007098692909458605,0.0030130426560915228,-0.0007098692909458605
darcy_taylor_hood_p2p1,x,tangential,0.00038424119999999997,0.00036505,0.00038424119999999997,0.0022991686123516276,-0.00029714768399634973,0.0022991686123516276,-0.00029714768399634973
darcy_taylor_hood_p2p1,x,tangential,0.0003866401,0.00036505,0.0003866401,0.0013482549581225105,0.00016744770446137913,0.0013482549581225105,0.00016744770446137913
darcy_taylor_hood_p2p1,x,tangential,0.000389039,0.00036505,0.000389039,0.0016988447442925362,8.340539789197934e-05,0.0016988447442925362,8.340539789197934e-05
darcy_taylor_hood_p2p1,x,tangential,0.0003914379,0.00036505,0.0003914379,0.0018740420450156718,8.41504657106142e-05,0.0018740420450156718,8.41504657106142e-05
darcy_taylor_hood_p2p1,x,tangential,0.0003938368,0.00036505,0.0003938368,0.0018738468602919169,0.00016968290791728375,0.0018738468602919169,0.00016968290791728375
darcy_taylor_hood_p2p1,x,tangential,0.0003962357,0.00036505,0.0003962357,0.0016982591901212728,0.00034000272451198806,0.0016982591901212728,0.00034000272451198806
darcy_taylor_hood_p2p1,x,tangential,0.00039863459999999997,0.00036505,0.00039863459999999997,0.001794341634324794,0.0008855355034794108,0.001794341634324794,0.0008855355034794108
darcy_taylor_hood_p2p1,x,tangential,0.0004010335,0.00036505,0.0004010335,0.0016263451058516774,0.0010799240980463804,0.0016263451058516774,0.0010799240980463804
darcy_taylor_hood_p2p1,x,tangential,0.0004034324,0.00036505,0.0004034324,0.0011715261882263325,0.0008999866179697927,0.0011715261882263325,0.0008999866179697927
darcy_taylor_hood_p2p1,x,tangential,0.0004058313,0.00036505,0.0004058313,0.00042988488144876,0.0003457230632496482,0.00042988488144876,0.0003457230632496482
darcy_taylor_hood_p2p1,x,tangential,0.0004082302,0.00036505,0.0004082302,4.529673771126064e-05,2.7186722741144283e-05,4.529673771126064e-05,2.7186722741144283e-05
darcy_taylor_hood_p2p1,x,tangential,0.0004106291,0.00036505,0.0004106291,2.3943802664417016e-05,2.4750879805393448e-05,2.3943802664417016e-05,2.4750879805393448e-05
darcy_taylor_hood_p2p1,x,tangential,0.00041302799999999996,0.00036505,0.00041302799999999996,9.344954147185309e-06,1.878558562616545e-05,9.344954147185309e-06,1.878558562616545e-05
darcy_taylor_hood_p2p1,x,tangential,0.00041542689999999997,0.00036505,0.00041542689999999997,1.5001921595649454e-06,9.290840203460116e-06,1.5001921595649454e-06,9.290840203460116e-06
darcy_taylor_hood_p2p1,x,tangential,0.0004178258,0.00036505,0.0004178258,3.606604550915267e-08,5.661169012870182e-09,3.606604550915267e-08,5.661169012870182e-09
darcy_taylor_hood_p2p1,x,tangential,0.0004202247,0.00036505,0.0004202247,1.5116160687434125e-08,8.103407762965649e-09,1.5116160687434125e-08,8.103407762965649e-09
darcy_taylor_hood_p2p1,x,tangential,0.0004226236,0.00036505,0.0004226236,2.431944125489601e-09,7.532486856301147e-09,2.431944125489601e-09,7.532486856301147e-09
darcy_taylor_hood_p2p1,x,tangential,0.0004250225,0.00036505,0.0004250225,-1.9866041766711243e-09,3.948406292886421e-09,-1.9866041766711243e-09,3.948406292886421e-09
darcy_taylor_hood_p2p1,x,tangential,0.00042742139999999996,0.00036505,0.00042742139999999996,1.860515780950603e-09,-2.6488339272795136e-09,1.860515780950603e-09,-2.6488339272795136e-09
darcy_taylor_hood_p2p1,x,tangential,0.00042982029999999997,0.00036505,0.00042982029999999997,1.8908622683545614e-09,-3.0302061132117494e-09,1.8908622683545614e-09,-3.0302061132117494e-09
darcy_taylor_hood_p2p1,x,tangential,0.0004322192,0.00036505,0.0004322192,1.521815170740822e-09,-2.8630806599461642e-09,1.521815170740822e-09,-2.8630806599461642e-09
darcy_taylor_hood_p2p1,x,tangential,0.0004346181,0.00036505,0.0004346181,1.5625217193608809e-09,-2.904471573049101e-09,1.5625217193608809e-09,-2.904471573049101e-09
darcy_taylor_hood_p2p1,x,tangential,0.000437017,0.00036505,0.000437017,2.012981914214738e-09,-3.15437885252056e-09,2.012981914214738e-09,-3.15437885252056e-09
darcy_taylor_hood_p2p1,x,tangential,0.0004394159,0.00036505,0.0004394159,-1.3359450186024349e-08,1.4558778685863108e-08,-1.3359450186024349e-08,1.4558778685863108e-08
darcy_taylor_hood_p2p1,x,tangential,0.0004418148,0.00036505,0.0004418148,-2.3565966342714103e-08,2.8344482442002313e-08,-2.3565966342714103e-08,2.8344482442002313e-08
darcy_taylor_hood_p2p1,x,tangential,0.00044421369999999996,0.00036505,0.00044421369999999996,-1.133024554803201e-08,1.9308738379985942e-08,-1.133024554803201e-08,1.9308738379985942e-08
darcy_taylor_hood_p2p1,x,tangential,0.0004466126,0.00036505,0.0004466126,2.3347712198022528e-08,-1.2548453500186446e-08,2.3347712198022528e-08,-1.2548453500186446e-08
darcy_taylor_hood_p2p1,x,tangential,0.0004490115,0.00036505,0.0004490115,1.6840210351072916e-06,2.9440638270881622e-06,1.6840210351072916e-06,2.9440638270881622e-06
darcy_taylor_hood_p2p1,x,tangential,0.0004514104,0.00036505,0.0004514104,7.69830858328169e-06,1.2728730900448193e-05,7.69830858328169e-06,1.2728730900448193e-05
darcy_taylor_hood_p2p1,x,tangential,0.0004538093,0.00036505,0.0004538093,1.1366663848069202e-05,1.5935952621262227e-05,1.1366663848069202e-05,1.5935952621262227e-05
darcy_taylor_hood_p2p1,x,tangential,0.0004562082,0.00036505,0.0004562082,1.2689086829469831e-05,1.2565728989530276e-05,1.2689086829469831e-05,1.2565728989530276e-05
darcy_taylor_hood_p2p1,x,tangential,0.00045860709999999996,0.00036505,0.00045860709999999996,1.1665577527483628e-05,2.6180600052526314e-06,1.1665577527483628e-05,2.6180600052526314e-06
darcy_taylor_hood_p2p1,x,tangential,0.00046100599999999997,0.00036505,0.00046100599999999997,8.022331688914026e-06,1.0588447061919371e-06,8.022331688914026e-06,1.0588447061919371e-06
darcy_taylor_hood_p2p1,x,tangential,0.0004634049,0.00036505,0.0004634049,4.890708538637844e-06,1.0364840646442301e-06,4.890708538637844e-06,1.0364840646442301e-06
darcy_taylor_hood_p2p1,x,tangential,0.0004658038,0.00036505,0.0004658038,2.514008408331769e-06,7.155873054836924e-07,2.514008408331769e-06,7.155873054836924e-07
darcy_taylor_hood_p2p1,x,tangential,0.0004682027,0.00036505,0.0004682027,8.922312979958031e-07,9.615442871032741e-08,8.922312979958031e-07,9.615442871032741e-08
darcy_taylor_hood_p2p1,x,tangential,0.0004706016,0.00036505,0.0004706016,2.879532871881014e-07,-7.214290520428279e-07,2.879532871881014e-07,-7.214290520428279e-07
darcy_taylor_hood_p2p1,x,tangential,0.0004730005,0.00036505,0.0004730005,1.9843300887461876e-07,-1.2205789494800227e-06,1.9843300887461876e-07,-1.2205789494800227e-06
darcy_taylor_hood_p2p1,x,tangential,0.00047539939999999997,0.00036505,0.00047539939999999997,2.3184828638097936e-07,-1.3283311430672329e-06,2.3184828638097936e-07,-1.3283311430672329e-06
darcy_taylor_hood_p2p1,x,tangential,0.0004777983,0.00036505,0.0004777983,3.881991197071842e-07,-1.0446856328044637e-06,3.881991197071842e-07,-1.0446856328044637e-06
darcy_taylor_hood_p2p1,x,tangential,0.0004801972,0.00036505,0.0004801972,1.4945086099559275e-06,-1.0087503814079364e-06,1.4945086099559275e-06,-1.0087503814079364e-06
darcy_taylor_hood_p2p1,x,tangential,0.0004825961,0.00036505,0.0004825961,5.977059143812581e-06,-2.8454131887037335e-06,5.977059143812581e-06,-2.8454131887037335e-06
darcy_taylor_hood_p2p1,x,tangential,0.000484995,0.00036505,0.000484995,9.432452820425884e-06,-2.975815893017572e-06,9.432452820425884e-06,-2.975815893017572e-06
darcy_taylor_hood_p2p1,x,tangential,0.0004873939,0.00036505,0.0004873939,1.186068963979584e-05,-1.3999584943494487e-06,1.186068963979584e-05,-1.3999584943494487e-06
darcy_taylor_hood_p2p1,x,tangential,0.0004897928,0.00036505,0.0004897928,1.3261769601922445e-05,1.882159007300635e-06,1.3261769601922445e-05,1.882159007300635e-06
darcy_taylor_hood_p2p1,x,tangential,0.0004921917,0.00036505,0.0004921917,6.338886708634543e-05,9.050842260724679e-07,6.338886708634543e-05,9.050842260724679e-07
darcy_taylor_hood_p2p1,x,tangential,0.0004945906,0.00036505,0.0004945906,9.093085289594046e-05,-4.1426196671659823e-07,9.093085289594046e-05,-4.1426196671659823e-07
darcy_taylor_hood_p2p1,x,tangential,0.0004969895,0.00036505,0.0004969895,8.236267859465034e-05,-8.954850298471197e-07,8.236267859465034e-05,-8.954850298471197e-07
darcy_taylor_hood_p2p1,x,tangential,0.0004993884,0.00036505,0.0004993884,3.768434418247504e-05,-5.385849633190973e-07,3.768434418247504e-05,-5.385849633190973e-07
darcy_taylor_hood_p2p1,x,tangential,0.0005017873000000001,0.00036505,0.0005017873000000001,2.7672281614893392e-08,-1.157447653557071e-08,2.7672281614893392e-08,-1.157447653557071e-08
darcy_taylor_hood_p2p1,x,tangential,0.0005041862000000001,0.00036505,0.0005041862000000001,1.099379999492535e-08,1.098449380604501e-10,1.099379999492535e-08,1.098449380604501e-10
darcy_taylor_hood_p2p1,x,tangential,0.0005065851000000001,0.00036505,0.0005065851000000001,3.972316552425193e-09,4.723906595477316e-09,3.972316552425193e-09,4.723906595477316e-09
darcy_taylor_hood_p2p1,x,tangential,0.0005089840000000001,0.00036505,0.0005089840000000001,6.607831287392927e-09,2.2677084366798896e-09,6.607831287392927e-09,2.2677084366798896e-09
darcy_taylor_hood_p2p1,x,tangential,0.0005113829000000001,0.00036505,0.0005113829000000001,-8.052682966487419e-08,1.202214274063207e-07,-8.052682966487419e-08,1.202214274063207e-07
darcy_taylor_hood_p2p1,x,tangential,0.0005137818,0.00036505,0.0005137818,-6.039124368535041e-07,8.119238721693334e-07,-6.039124368535041e-07,8.119238721693334e-07
darcy_taylor_hood_p2p1,x,tangential,0.0005161807,0.00036505,0.0005161807,-7.338243327062289e-07,1.0205465343612522e-06,-7.338243327062289e-07,1.0205465343612522e-06
darcy_taylor_hood_p2p1,x,tangential,0.0005185796,0.00036505,0.0005185796,-4.702625172230148e-07,7.46089413982034e-07,-4.702625172230148e-07,7.46089413982034e-07
darcy_taylor_hood_p2p1,x,tangential,0.0005209785,0.00036505,0.0005209785,1.867730095961367e-07,-1.144748896832e-08,1.867730095961367e-07,-1.144748896832e-08
darcy_taylor_hood_p2p1,x,tangential,0.0005233774,0.00036505,0.0005233774,5.607278797589296e-08,5.6911518350812385e-08,5.607278797589296e-08,5.6911518350812385e-08
darcy_taylor_hood_p2p1,x,tangential,0.0005257763,0.00036505,0.0005257763,-1.9584144880643847e-07,2.742478244007205e-07,-1.9584144880643847e-07,2.742478244007205e-07
darcy_taylor_hood_p2p1,x,tangential,0.0005281752,0.00036505,0.0005281752,-2.6360888725016404e-07,3.0969520691016184e-07,-2.6360888725016404e-07,3.0969520691016184e-07
darcy_taylor_hood_p2p1,x,tangential,0.0005305741,0.00036505,0.0005305741,-1.4722952735528356e-07,1.6325366587913625e-07,-1.4722952735528356e-07,1.6325366587913625e-07
darcy_taylor_hood_p2p1,x,tangential,0.0005329730000000001,0.00036505,0.0005329730000000001,4.1680932026199844e-12,3.1075785292231563e-11,4.1680932026199844e-12,3.1075785292231563e-11
darcy_taylor_hood_p2p1,x,tangential,0.0005353719000000001,0.00036505,0.0005353719000000001,1.2761796836515967e-12,4.0050166860627194e-11,1.2761796836515967e-12,4.0050166860627194e-11
darcy_taylor_hood_p2p1,x,tangential,0.0005377708000000001,0.00036505,0.0005377708000000001,1.3502506722278569e-12,4.166327969648153e-11,1.3502506722278569e-12,4.166327969648153e-11
darcy_taylor_hood_p2p1,x,tangential,0.0005401697000000001,0.00036505,0.0005401697000000001,4.390306168348765e-12,3.591512379979452e-11,4.390306168348765e-12,3.591512379979452e-11
darcy_taylor_hood_p2p1,x,tangential,0.0005425686,0.00036505,0.0005425686,6.292506845713005e-11,-5.467952161106638e-11,6.292506845713005e-11,-5.467952161106638e-11
darcy_taylor_hood_p2p1,x,tangential,0.0005449675,0.00036505,0.0005449675,5.765365763212e-10,-7.53016913408302e-10,5.765365763212e-10,-7.53016913408302e-10
darcy_taylor_hood_p2p1,x,tangential,0.0005473664,0.00036505,0.0005473664,9.101429545094453e-10,-1.0664030273203978e-09,9.101429545094453e-10,-1.0664030273203978e-09
darcy_taylor_hood_p2p1,x,tangential,0.0005497653,0.00036505,0.0005497653,1.0637442030218585e-09,-9.948378633473545e-10,1.0637442030218585e-09,-9.948378633473545e-10
darcy_taylor_hood_p2p1,x,tangential,0.0005521642,0.00036505,0.0005521642,1.0373403218584418e-09,-5.383214214891701e-10,1.0373403218584418e-09,-5.383214214891701e-10
darcy_taylor_hood_p2p1,x,tangential,0.0005545631,0.00036505,0.0005545631,0.00047698829690776825,-5.659103140161093e-06,0.00047698829690776825,-5.659103140161093e-06
darcy_taylor_hood_p2p1,x,tangential,0.000556962,0.00036505,0.000556962,0.000930608024393212,-4.7365549692441763e-05,0.000930608024393212,-4.7365549692441763e-05
darcy_taylor_hood_p2p1,x,tangential,0.0005593609,0.00036505,0.0005593609,0.0011637543219711177,-0.00012823006484118842,0.0011637543219711177,-0.00012823006484118842
darcy_taylor_hood_p2p1,x,tangential,0.0005617598000000001,0.00036505,0.0005617598000000001,0.0011764271896414853,-0.0002482526485864011,0.0011764271896414853,-0.0002482526485864011
darcy_taylor_hood_p2p1,x,tangential,0.0005641587000000001,0.00036505,0.0005641587000000001,0.0011759109429386766,-0.0003413159023885625,0.0011759109429386766,-0.0003413159023885625
darcy_taylor_hood_p2p1,x,tangential,0.0005665576000000001,0.00036505,0.0005665576000000001,0.0013945972229740056,-0.00037544581601231335,0.0013945972229740056,-0.00037544581601231335
darcy_taylor_hood_p2p1,x,tangential,0.0005689565000000001,0.00036505,0.0005689565000000001,0.0015613334996545565,-0.00045557324763061824,0.0015613334996545565,-0.00045557324763061824
darcy_taylor_hood_p2p1,x,tangential,0.0005713554000000001,0.00036505,0.0005713554000000001,0.0016761197729803293,-0.0005816981972434772,0.0016761197729803293,-0.0005816981972434772
darcy_taylor_hood_p2p1,x,tangential,0.0005737543,0.00036505,0.0005737543,0.0017393987136458617,-0.0007403250219649282,0.0017393987136458617,-0.0007403250219649282
darcy_taylor_hood_p2p1,x,tangential,0.0005761532,0.00036505,0.0005761532,0.0017682501541154167,-0.0006479356803805895,0.0017682501541154167,-0.0006479356803805895
darcy_taylor_hood_p2p1,x,tangential,0.0005785521,0.00036505,0.0005785521,0.0017600704413314502,-0.0006013339035724689,0.0017600704413314502,-0.0006013339035724689
darcy_taylor_hood_p2p1,x,tangential,0.000580951,0.00036505,0.000580951,0.0017148595752939635,-0.0006005196915405662,0.0017148595752939635,-0.0006005196915405662
darcy_taylor_hood_p2p1,x,tangential,0.0005833499,0.00036505,0.0005833499,0.0016326175560029555,-0.0006454930442848816,0.0016326175560029555,-0.0006454930442848816
darcy_taylor_hood_p2p1,x,tangential,0.0005857488,0.00036505,0.0005857488,0.0016055568354618735,-0.0006586805382092455,0.0016055568354618735,-0.0006586805382092455
darcy_taylor_hood_p2p1,x,tangential,0.0005881477,0.00036505,0.0005881477,0.0016031738385563269,-0.0006416370803481576,0.0016031738385563269,-0.0006416370803481576
darcy_taylor_hood_p2p1,x,tangential,0.0005905466,0.00036505,0.0005905466,0.0015889605278928288,-0.0006207481972129313,0.0015889605278928288,-0.0006207481972129313
darcy_taylor_hood_p2p1,x,tangential,0.0005929455000000001,0.00036505,0.0005929455000000001,0.0015629169034713794,-0.0005960138888035663,0.0015629169034713794,-0.0005960138888035663
darcy_taylor_hood_p2p1,x,tangential,0.0005953444000000001,0.00036505,0.0005953444000000001,0.001532464774289141,-0.0005760323484508211,0.001532464774289141,-0.0005760323484508211
darcy_taylor_hood_p2p1,x,tangential,0.0005977433000000001,0.00036505,0.0005977433000000001,0.0015181294211565135,-0.0005636895383034554,0.0015181294211565135,-0.0005636895383034554
darcy_taylor_hood_p2p1,x,tangential,0.0006001422000000001,0.00036505,0.0006001422000000001,0.0015127842415285945,-0.0005406199150522708,0.0015127842415285945,-0.0005406199150522708
darcy_taylor_hood_p2p1,x,tangential,0.0006025411000000001,0.00036505,0.0006025411000000001,0.0015164292354053843,-0.0005068234786972676,0.0015164292354053843,-0.0005068234786972676
darcy_taylor_hood_p2p1,x,tangential,0.00060494,0.00036505,0.00060494,0.0015290644027868819,-0.00046230022923844915,0.0015290644027868819,-0.00046230022923844915
darcy_taylor_hood_p2p1,x,tangential,0.0006073389,0.00036505,0.0006073389,0.0015389205063071748,-0.0004384770619048174,0.0015389205063071748,-0.0004384770619048174
darcy_taylor_hood_p2p1,x,tangential,0.0006097378,0.00036505,0.0006097378,0.0015250351078580466,-0.0004105857674080546,0.0015250351078580466,-0.0004105857674080546
darcy_taylor_hood_p2p1,x,tangential,0.0006121367,0.00036505,0.0006121367,0.0014874082074394963,-0.0003786263457481614,0.0014874082074394963,-0.0003786263457481614
darcy_taylor_hood_p2p1,x,tangential,0.0006145356,0.00036505,0.0006145356,0.0014260398050515235,-0.0003425987969251376,0.0014260398050515235,-0.0003425987969251376
darcy_taylor_hood_p2p1,x,tangential,0.0006169345,0.00036505,0.0006169345,0.001426286324777552,-0.0003104716077111277,0.001426286324777552,-0.0003104716077111277
darcy_taylor_hood_p2p1,x,tangential,0.0006193334,0.00036505,0.0006193334,0.0014139295226670335,-0.00027864272334749763,0.0014139295226670335,-0.00027864272334749763
darcy_taylor_hood_p2p1,x,tangential,0.0006217323,0.00036505,0.0006217323,0.0013362069733747922,-0.00024288682578068859,0.0013362069733747922,-0.00024288682578068859
darcy_taylor_hood_p2p1,x,tangential,0.0006241312000000001,0.00036505,0.0006241312000000001,0.0011931186769008279,-0.00020320391501070067,0.0011931186769008279,-0.00020320391501070067
darcy_taylor_hood_p2p1,x,tangential,0.0006265301000000001,0.00036505,0.0006265301000000001,0.001231563220002422,-0.00015027109711969602,0.001231563220002422,-0.00015027109711969602
darcy_taylor_hood_p2p1,x,tangential,0.0006289290000000001,0.00036505,0.0006289290000000001,0.001546222020359872,-8.61930296487526e-05,0.001546222020359872,-8.61930296487526e-05
darcy_taylor_hood_p2p1,x,tangential,0.0006313279000000001,0.00036505,0.0006313279000000001,0.001453950319133585,-3.979450997562863e-05,0.001453950319133585,-3.979450997562863e-05
darcy_taylor_hood_p2p1,x,tangential,0.0006337268000000001,0.00036505,0.0006337268000000001,0.0009547481163235617,-1.1075538100324107e-05,0.0009547481163235617,-1.1075538100324107e-05
darcy_taylor_hood_p2p1,x,tangential,0.0006361257,0.00036505,0.0006361257,4.861541192985206e-05,-3.611402283910291e-08,4.861541192985206e-05,-3.611402283910291e-08
darcy_taylor_hood_p2p1,x,tangential,0.0006385246,0.00036505,0.0006385246,-7.415191904510909e-09,3.260634493351769e-08,-7.415191904510909e-09,3.260634493351769e-08
darcy_taylor_hood_p2p1,x,tangential,0.0006409235,0.00036505,0.0006409235,-3.3565723447916797e-09,2.5756556139138503e-08,-3.3565723447916797e-09,2.5756556139138503e-08
darcy_taylor_hood_p2p1,x,tangential,0.0006433224,0.00036505,0.0006433224,-6.898944773843178e-10,2.2812045176382935e-08,-6.898944773843178e-10,2.2812045176382935e-08
darcy_taylor_hood_p2p1,x,tangential,0.0006457213,0.00036505,0.0006457213,5.84841697711147e-10,2.3772812045250995e-08,5.84841697711147e-10,2.3772812045250995e-08
darcy_taylor_hood_p2p1,x,tangential,0.0006481202,0.00036505,0.0006481202,2.7462251725460003e-07,-1.8794784872219232e-07,2.7462251725460003e-07,-1.8794784872219232e-07
darcy_taylor_hood_p2p1,x,tangential,0.0006505191,0.00036505,0.0006505191,4.3840817780376515e-07,-2.862591153764124e-07,4.3840817780376515e-07,-2.862591153764124e-07
darcy_taylor_hood_p2p1,x,tangential,0.000652918,0.00036505,0.000652918,2.4635014380390025e-07,-7.142273557148911e-08,2.4635014380390025e-07,-7.142273557148911e-08
darcy_taylor_hood_p2p1,x,tangential,0.0006553169000000001,0.00036505,0.0006553169000000001,-3.0155158474499435e-07,4.565612906925775e-07,-3.0155158474499435e-07,4.565612906925775e-07
darcy_taylor_hood_p2p1,x,tangential,0.0006577158000000001,0.00036505,0.0006577158000000001,-7.687773715486758e-07,9.198411776535721e-07,-7.687773715486758e-07,9.198411776535721e-07
darcy_taylor_hood_p2p1,x,tangential,0.0006601147000000001,0.00036505,0.0006601147000000001,-2.608328156845136e-07,5.048032125157938e-07,-2.608328156845136e-07,5.048032125157938e-07
darcy_taylor_hood_p2p1,x,tangential,0.0006625136000000001,0.00036505,0.0006625136000000001,4.070206108923674e-08,2.1116357696380774e-07,4.070206108923674e-08,2.1116357696380774e-07
darcy_taylor_hood_p2p1,x,tangential,0.0006649125000000001,0.00036505,0.0006649125000000001,1.3582725877259527e-07,3.892227099759433e-08,1.3582725877259527e-07,3.892227099759433e-08
darcy_taylor_hood_p2p1,x,tangential,0.0006673114,0.00036505,0.0006673114,2.454277736553269e-08,-1.1920705382807966e-08,2.454277736553269e-08,-1.1920705382807966e-08
darcy_taylor_hood_p2p1,x,tangential,0.0006697103,0.00036505,0.0006697103,1.4434019120706782e-08,-2.1988205590773466e-08,1.4434019120706782e-08,-2.1988205590773466e-08
darcy_taylor_hood_p2p1,x,tangential,0.0006721092,0.00036505,0.0006721092,2.0293645967434587e-08,-2.7900703547560496e-08,2.0293645967434587e-08,-2.7900703547560496e-08
darcy_taylor_hood_p2p1,x,tangential,0.0006745081,0.00036505,0.0006745081,2.1604365360695286e-08,-2.69600577315466e-08,2.1604365360695286e-08,-2.69600577315466e-08
darcy_taylor_hood_p2p1,x,tangential,0.000676907,0.00036505,0.000676907,1.8366177300512606e-08,-1.9166268142756045e-08,1.8366177300512606e-08,-1.9166268142756045e-08
darcy_taylor_hood_p2p1,x,tangential,0.0006793059,0.00036505,0.0006793059,7.911689106702157e-06,-5.109026073377752e-06,7.911689106702157e-06,-5.109026073377752e-06
darcy_taylor_hood_p2p1,x,tangential,0.0006817048,0.00036505,0.0006817048,1.6099914819819042e-05,-1.0392137674654508e-05,1.6099914819819042e-05,-1.0392137674654508e-05
darcy_taylor_hood_p2p1,x,tangential,0.0006841037000000001,0.00036505,0.0006841037000000001,1.690017602688956e-05,-1.0906835564327506e-05,1.690017602688956e-05,-1.0906835564327506e-05
darcy_taylor_hood_p2p1,x,tangential,0.0006865026000000001,0.00036505,0.0006865026000000001,1.031247272791372e-05,-6.653119742396749e-06,1.031247272791372e-05,-6.653119742396749e-06
darcy_taylor_hood_p2p1,x,tangential,0.0006889015000000001,0.00036505,0.0006889015000000001,2.864862885548262e-09,2.5039986099427486e-09,2.864862885548262e-09,2.5039986099427486e-09
darcy_taylor_hood_p2p1,x,tangential,0.0006913004000000001,0.00036505,0.0006913004000000001,8.438386864204968e-10,4.166396594707925e-09,8.438386864204968e-10,4.166396594707925e-09
darcy_taylor_hood_p2p1,x,tangential,0.0006936993000000001,0.00036505,0.0006936993000000001,-4.695368288697099e-12,5.103460817914305e-09,-4.695368288697099e-12,5.103460817914305e-09
darcy_taylor_hood_p2p1,x,tangential,0.0006960982000000001,0.00036505,0.0006960982000000001,3.1926072142067887e-10,5.315191279561891e-09,3.1926072142067887e-10,5.315191279561891e-09
darcy_taylor_hood_p2p1,x,tangential,0.0006984971,0.00036505,0.0006984971,1.8157069555485315e-09,4.801587979650721e-09,1.8157069555485315e-09,4.801587979650721e-09
darcy_taylor_hood_p2p1,x,tangential,0.000700896,0.00036505,0.000700896,6.594631518295243e-10,1.9565732722904072e-08,6.594631518295243e-10,1.9565732722904072e-08
darcy_taylor_hood_p2p1,x,tangential,0.0007032949,0.00036505,0.0007032949,1.9213023650446955e-09,2.8021389809733625e-08,1.9213023650446955e-09,2.8021389809733625e-08
darcy_taylor_hood_p2p1,x,tangential,0.0007056938,0.00036505,0.0007056938,6.30193440624472e-09,2.7211100492762453e-08,6.30193440624472e-09,2.7211100492762453e-08
darcy_taylor_hood_p2p1,x,tangential,0.0007080927,0.00036505,0.0007080927,1.3801359275429584e-08,1.7134864771990573e-08,1.3801359275429584e-08,1.7134864771990573e-08
darcy_taylor_hood_p2p1,x,tangential,0.0007104916,0.00036505,0.0007104916,6.402765043810493e-08,-2.808773752881784e-08,6.402765043810493e-08,-2.808773752881784e-08
darcy_taylor_hood_p2p1,x,tangential,0.0007128905,0.00036505,0.0007128905,1.151532106476569e-07,-7.227802452055135e-08,1.151532106476569e-07,-7.227802452055135e-08
darcy_taylor_hood_p2p1,x,tangential,0.0007152894000000001,0.00036505,0.0007152894000000001,1.1876217725492332e-07,-8.101965535732488e-08,1.1876217725492332e-07,-8.101965535732488e-08
darcy_taylor_hood_p2p1,x,tangential,0.0007176883000000001,0.00036505,0.0007176883000000001,7.485455025990413e-08,-5.431263003913839e-08,7.485455025990413e-08,-5.431263003913839e-08
darcy_taylor_hood_p2p1,x,tangential,0.0007200872000000001,0.00036505,0.0007200872000000001,1.99775479557091e-09,-4.4455675680985505e-09,1.99775479557091e-09,-4.4455675680985505e-09
darcy_taylor_hood_p2p1,x,tangential,0.0007224861000000001,0.00036505,0.0007224861000000001,-8.792453912812736e-10,3.227147517036044e-10,-8.792453912812736e-10,3.227147517036044e-10
darcy_taylor_hood_p2p1,x,tangential,0.000724885,0.00036505,0.000724885,-1.3524133687305997e-09,2.757474777384935e-09,-1.3524133687305997e-09,2.757474777384935e-09
darcy_taylor_hood_p2p1,y,flux,5.215e-06,0.00036505,5.215e-06,1.1981337194428388e-07,-7.479686555774732e-08,-7.479686555774732e-08,1.1981337194428388e-07
darcy_taylor_hood_p2p1,y,flux,7.6139e-06,0.00036505,7.6139e-06,9.961718715065327e-08,-6.034005748784372e-08,-6.034005748784372e-08,9.961718715065327e-08
darcy_taylor_hood_p2p1,y,flux,1.00128e-05,0.00036505,1.00128e-05,5.995418933438044e-08,-1.4929467652055857e-08,-1.4929467652055857e-08,5.995418933438044e-08
darcy_taylor_hood_p2p1,y,flux,1.24117e-05,0.00036505,1.24117e-05,2.800124879830302e-08,5.757928520087917e-09,5.757928520087917e-09,2.800124879830302e-08
darcy_taylor_hood_p2p1,y,flux,1.48106e-05,0.00036505,1.48106e-05,1.332402287975295e-08,1.361873541955027e-08,1.361873541955027e-08,1.332402287975295e-08
darcy_taylor_hood_p2p1,y,flux,1.72095e-05,0.00036505,1.72095e-05,1.3155453890673552e-08,1.7321192745707413e-08,1.7321192745707413e-08,1.3155453890673552e-08
darcy_taylor_hood_p2p1,y,flux,1.96084e-05,0.00036505,1.96084e-05,2.749554183106483e-08,1.686530049855935e-08,1.686530049855935e-08,2.749554183106483e-08
darcy_taylor_hood_p2p1,y,flux,2.20073e-05,0.00036505,2.20073e-05,3.4460686278066234e-05,3.6422321007686976e-05,3.6422321007686976e-05,3.4460686278066234e-05
darcy_taylor_hood_p2p1,y,flux,2.44062e-05,0.00036505,2.44062e-05,8.906002368227252e-05,9.502213390684954e-05,9.502213390684954e-05,8.906002368227252e-05
darcy_taylor_hood_p2p1,y,flux,2.6805100000000002e-05,0.00036505,2.6805100000000002e-05,0.00012015924956788257,0.00012991214741946039,0.00012991214741946039,0.00012015924956788257
darcy_taylor_hood_p2p1,y,flux,2.9204e-05,0.00036505,2.9204e-05,0.0001277583639348963,0.00014109236154551946,0.00014109236154551946,0.0001277583639348963
darcy_taylor_hood_p2p1,y,flux,3.1602899999999995e-05,0.00036505,3.1602899999999995e-05,0.00011807908157056689,0.00013413002413936286,0.00013413002413936286,0.00011807908157056689
darcy_taylor_hood_p2p1,y,flux,3.4001800000000004e-05,0.00036505,3.4001800000000004e-05,0.00013392141974797694,0.00014926556410027115,0.00014926556410027115,0.00013392141974797694
darcy_taylor_hood_p2p1,y,flux,3.64007e-05,0.00036505,3.64007e-05,0.00013961007486901382,0.00015607068116193422,0.00015607068116193422,0.00013961007486901382
darcy_taylor_hood_p2p1,y,flux,3.8799599999999994e-05,0.00036505,3.8799599999999994e-05,0.00013514504693367766,0.00015454537532435218,0.00015454537532435218,0.00013514504693367766
darcy_taylor_hood_p2p1,y,flux,4.11985e-05,0.00036505,4.11985e-05,0.00012052633594196835,0.000144689646587525,0.000144689646587525,0.00012052633594196835
darcy_taylor_hood_p2p1,y,flux,4.35974e-05,0.00036505,4.35974e-05,0.00013624117554233663,0.0001563835720969157,0.0001563835720969157,0.00013624117554233663
darcy_taylor_hood_p2p1,y,flux,4.5996300000000005e-05,0.00036505,4.5996300000000005e-05,0.00013588876603645025,0.00014974850274577684,0.00014974850274577684,0.00013588876603645025
darcy_taylor_hood_p2p1,y,flux,4.83952e-05,0.00036505,4.83952e-05,0.00010612996828659523,0.00011425288132547425,0.00011425288132547425,0.00010612996828659523
darcy_taylor_hood_p2p1,y,flux,5.0794099999999995e-05,0.00036505,5.0794099999999995e-05,4.696478229277164e-05,4.989670783600805e-05,4.989670783600805e-05,4.696478229277164e-05
darcy_taylor_hood_p2p1,y,flux,5.3193000000000004e-05,0.00036505,5.3193000000000004e-05,4.452811886008258e-07,6.163042971053922e-07,6.163042971053922e-07,4.452811886008258e-07
darcy_taylor_hood_p2p1,y,flux,5.55919e-05,0.00036505,5.55919e-05,2.9898344244837704e-07,3.503126077911701e-07,3.503126077911701e-07,2.9898344244837704e-07
darcy_taylor_hood_p2p1,y,flux,5.7990799999999994e-05,0.00036505,5.7990799999999994e-05,1.7500170386696668e-07,1.5880774273373058e-07,1.5880774273373058e-07,1.7500170386696668e-07
darcy_taylor_hood_p2p1,y,flux,6.03897e-05,0.00036505,6.03897e-05,7.333597285658733e-08,4.17897019330665e-08,4.17897019330665e-08,7.333597285658733e-08
darcy_taylor_hood_p2p1,y,flux,6.27886e-05,0.00036505,6.27886e-05,3.2573918963810625e-13,-8.638789241275828e-14,-8.638789241275828e-14,3.2573918963810625e-13
darcy_taylor_hood_p2p1,y,flux,6.51875e-05,0.00036505,6.51875e-05,2.402870948767703e-13,-3.746020243360237e-14,-3.746020243360237e-14,2.402870948767703e-13
darcy_taylor_hood_p2p1,y,flux,6.75864e-05,0.00036505,6.75864e-05,1.8739932047510185e-13,-1.3637769819704516e-14,-1.3637769819704516e-14,1.8739932047510185e-13
darcy_taylor_hood_p2p1,y,flux,6.99853e-05,0.00036505,6.99853e-05,1.6707586645538e-13,-1.4920594572250128e-14,-1.4920594572250128e-14,1.6707586645538e-13
darcy_taylor_hood_p2p1,y,flux,7.238419999999999e-05,0.00036505,7.238419999999999e-05,1.7931673279046298e-13,-4.130867669172148e-14,-4.130867669172148e-14,1.7931673279046298e-13
darcy_taylor_hood_p2p1,y,flux,7.47831e-05,0.00036505,7.47831e-05,-2.993060062838858e-07,3.108634020310074e-07,3.108634020310074e-07,-2.993060062838858e-07
darcy_taylor_hood_p2p1,y,flux,7.7182e-05,0.00036505,7.7182e-05,-4.1850438194954575e-07,4.361185405107779e-07,4.361185405107779e-07,-4.1850438194954575e-07
darcy_taylor_hood_p2p1,y,flux,7.95809e-05,0.00036505,7.95809e-05,-2.0909566402758387e-07,2.2175012544108623e-07,2.2175012544108623e-07,-2.0909566402758387e-07
darcy_taylor_hood_p2p1,y,flux,8.19798e-05,0.00036505,8.19798e-05,3.28920147481997e-07,-3.3224184317806504e-07,-3.3224184317806504e-07,3.28920147481997e-07
darcy_taylor_hood_p2p1,y,flux,8.437869999999999e-05,0.00036505,8.437869999999999e-05,1.361677136013167e-06,-9.562659678972032e-08,-9.562659678972032e-08,1.361677136013167e-06
darcy_taylor_hood_p2p1,y,flux,8.67776e-05,0.00036505,8.67776e-05,2.1978229842116277e-06,1.1987998818566596e-06,1.1987998818566596e-06,2.1978229842116277e-06
darcy_taylor_hood_p2p1,y,flux,8.91765e-05,0.00036505,8.91765e-05,2.2360804448362594e-06,1.6350937318619296e-06,1.6350937318619296e-06,2.2360804448362594e-06
darcy_taylor_hood_p2p1,y,flux,9.15754e-05,0.00036505,9.15754e-05,1.4764495178870596e-06,1.2132549532260937e-06,1.2132549532260937e-06,1.4764495178870596e-06
darcy_taylor_hood_p2p1,y,flux,9.39743e-05,0.00036505,9.39743e-05,2.630645727875211e-09,6.58297130145795e-09,6.58297130145795e-09,2.630645727875211e-09
darcy_taylor_hood_p2p1,y,flux,9.63732e-05,0.00036505,9.63732e-05,-8.440179578408535e-09,2.951566777853598e-09,2.951566777853598e-09,-8.440179578408535e-09
darcy_taylor_hood_p2p1,y,flux,9.87721e-05,0.00036505,9.87721e-05,-1.3881546148981319e-08,9.770761719027563e-10,9.770761719027563e-10,-1.3881546148981319e-08
darcy_taylor_hood_p2p1,y,flux,0.000101171,0.00036505,0.000101171,-1.3693453983843033e-08,6.594994836055248e-10,6.594994836055248e-10,-1.3693453983843033e-08
darcy_taylor_hood_p2p1,y,flux,0.00010356989999999999,0.00036505,0.00010356989999999999,-7.87590308299404e-09,1.998836712961407e-09,1.998836712961407e-09,-7.87590308299404e-09
darcy_taylor_hood_p2p1,y,flux,0.0001059688,0.00036505,0.0001059688,-7.946621672885425e-09,1.4722694422862967e-09,1.4722694422862967e-09,-7.946621672885425e-09
darcy_taylor_hood_p2p1,y,flux,0.0001083677,0.00036505,0.0001083677,-1.017595480749878e-08,5.930476000999787e-10,5.930476000999787e-10,-1.017595480749878e-08
darcy_taylor_hood_p2p1,y,flux,0.00011076659999999999,0.00036505,0.00011076659999999999,-1.0018318702364517e-08,8.183440384988385e-10,8.183440384988385e-10,-1.0018318702364517e-08
darcy_taylor_hood_p2p1,y,flux,0.0001131655,0.00036505,0.0001131655,-7.473713357482623e-09,2.1481587574828853e-09,2.1481587574828853e-09,-7.473713357482623e-09
darcy_taylor_hood_p2p1,y,flux,0.0001155644,0.00036505,0.0001155644,-1.3633540834365221e-10,4.74663073863535e-09,4.74663073863535e-09,-1.3633540834365221e-10
darcy_taylor_hood_p2p1,y,flux,0.0001179633,0.00036505,0.0001179633,1.1605355246232466e-08,1.3195003672700005e-08,1.3195003672700005e-08,1.1605355246232466e-08
darcy_taylor_hood_p2p1,y,flux,0.0001203622,0.00036505,0.0001203622,2.2033926728709863e-08,2.9332753460429904e-08,2.9332753460429904e-08,2.2033926728709863e-08
darcy_taylor_hood_p2p1,y,flux,0.0001227611,0.00036505,0.0001227611,3.1149379039088627e-08,5.31598801018251e-08,5.31598801018251e-08,3.1149379039088627e-08
darcy_taylor_hood_p2p1,y,flux,0.00012516,0.00036505,0.00012516,3.8951712177368776e-08,8.467638359688578e-08,8.467638359688578e-08,3.8951712177368776e-08
darcy_taylor_hood_p2p1,y,flux,0.0001275589,0.00036505,0.0001275589,4.528596415898546e-05,5.192929404198839e-05,5.192929404198839e-05,4.528596415898546e-05
darcy_taylor_hood_p2p1,y,flux,0.00012995780000000002,0.00036505,0.00012995780000000002,6.969829441580364e-05,8.129508393716839e-05,8.129508393716839e-05,6.969829441580364e-05
darcy_taylor_hood_p2p1,y,flux,0.0001323567,0.00036505,0.0001323567,7.327594248263158e-05,8.818204606913655e-05,8.818204606913655e-05,7.327594248263158e-05
darcy_taylor_hood_p2p1,y,flux,0.0001347556,0.00036505,0.0001347556,5.601890835946936e-05,7.259018043789293e-05,7.259018043789293e-05,5.601890835946936e-05
darcy_taylor_hood_p2p1,y,flux,0.00013715450000000002,0.00036505,0.00013715450000000002,4.59535200037627e-05,6.0493792024128355e-05,6.0493792024128355e-05,4.59535200037627e-05
darcy_taylor_hood_p2p1,y,flux,0.0001395534,0.00036505,0.0001395534,4.2044400622365474e-05,5.2906877206733546e-05,5.2906877206733546e-05,4.2044400622365474e-05
darcy_taylor_hood_p2p1,y,flux,0.0001419523,0.00036505,0.0001419523,3.187966504225282e-05,3.874180779317409e-05,3.874180779317409e-05,3.187966504225282e-05
darcy_taylor_hood_p2p1,y,flux,0.00014435120000000001,0.00036505,0.00014435120000000001,1.5459313263424748e-05,1.799858378345007e-05,1.799858378345007e-05,1.5459313263424748e-05
darcy_taylor_hood_p2p1,y,flux,0.00014675010000000002,0.00036505,0.00014675010000000002,2.425258151676185e-07,-2.034175709439397e-07,-2.034175709439397e-07,2.425258151676185e-07
darcy_taylor_hood_p2p1,y,flux,0.000149149,0.00036505,0.000149149,-1.3426313007944699e-08,5.806915395319258e-08,5.806915395319258e-08,-1.3426313007944699e-08
darcy_taylor_hood_p2p1,y,flux,0.0001515479,0.00036505,0.0001515479,-1.3575407086117864e-07,1.7734073219431784e-07,1.7734073219431784e-07,-1.3575407086117864e-07
darcy_taylor_hood_p2p1,y,flux,0.00015394680000000002,0.00036505,0.00015394680000000002,-1.244574583920777e-07,1.5439716377943396e-07,1.5439716377943396e-07,-1.244574583920777e-07
darcy_taylor_hood_p2p1,y,flux,0.0001563457,0.00036505,0.0001563457,2.0463524399353202e-08,-1.0761551291458822e-08,-1.0761551291458822e-08,2.0463524399353202e-08
darcy_taylor_hood_p2p1,y,flux,0.0001587446,0.00036505,0.0001587446,1.7259947320209887e-08,-9.245826679721363e-09,-9.245826679721363e-09,1.7259947320209887e-08
darcy_taylor_hood_p2p1,y,flux,0.00016114350000000002,0.00036505,0.00016114350000000002,1.4280369718891768e-08,-7.530540369491723e-09,-7.530540369491723e-09,1.4280369718891768e-08
darcy_taylor_hood_p2p1,y,flux,0.0001635424,0.00036505,0.0001635424,2.1651703343174114e-08,-1.6803366489835444e-08,-1.6803366489835444e-08,2.1651703343174114e-08
darcy_taylor_hood_p2p1,y,flux,0.0001659413,0.00036505,0.0001659413,3.9373948193057095e-08,-3.706430504075274e-08,-3.706430504075274e-08,3.9373948193057095e-08
darcy_taylor_hood_p2p1,y,flux,0.00016834020000000002,0.00036505,0.00016834020000000002,-6.109792512098841e-08,-5.9177953771790754e-06,-5.9177953771790754e-06,-6.109792512098841e-08
darcy_taylor_hood_p2p1,y,flux,0.0001707391,0.00036505,0.0001707391,-1.6542747942219868e-07,-1.140844395840984e-05,-1.140844395840984e-05,-1.6542747942219868e-07
darcy_taylor_hood_p2p1,y,flux,0.000173138,0.00036505,0.000173138,-1.743340978216683e-07,-1.1736383692016118e-05,-1.1736383692016118e-05,-1.743340978216683e-07
darcy_taylor_hood_p2p1,y,flux,0.00017553690000000002,0.00036505,0.00017553690000000002,-8.781778031939522e-08,-6.901614577997815e-06,-6.901614577997815e-06,-8.781778031939522e-08
darcy_taylor_hood_p2p1,y,flux,0.00017793580000000003,0.00036505,0.00017793580000000003,3.73848834265213e-08,-9.076792456332577e-09,-9.076792456332577e-09,3.73848834265213e-08
darcy_taylor_hood_p2p1,y,flux,0.0001803347,0.00036505,0.0001803347,3.836462839430206e-08,-7.3054348270605854e-09,-7.3054348270605854e-09,3.836462839430206e-08
darcy_taylor_hood_p2p1,y,flux,0.00018273360000000002,0.00036505,0.00018273360000000002,4.1352120878673675e-08,-7.744530360837419e-09,-7.744530360837419e-09,4.1352120878673675e-08
darcy_taylor_hood_p2p1,y,flux,0.00018513250000000002,0.00036505,0.00018513250000000002,4.634736087963614e-08,-1.039407905766311e-08,-1.039407905766311e-08,4.634736087963614e-08
darcy_taylor_hood_p2p1,y,flux,0.0001875314,0.00036505,0.0001875314,5.335034839718938e-08,-1.52540809175376e-08,-1.52540809175376e-08,5.335034839718938e-08
darcy_taylor_hood_p2p1,y,flux,0.0001899303,0.00036505,0.0001899303,0.0001839340426671392,0.0012124670788723386,0.0012124670788723386,0.0001839340426671392
darcy_taylor_hood_p2p1,y,flux,0.00019232920000000002,0.00036505,0.00019232920000000002,0.0003761288785218236,0.0018547106850897233,0.0018547106850897233,0.0003761288785218236
darcy_taylor_hood_p2p1,y,flux,0.0001947281,0.00036505,0.0001947281,0.0005587081122386541,0.0017800716697688364,0.0017800716697688364,0.0005587081122386541
darcy_taylor_hood_p2p1,y,flux,0.000197127,0.00036505,0.000197127,0.0007316717438176353,0.0009885500329096751,0.0009885500329096751,0.0007316717438176353
darcy_taylor_hood_p2p1,y,flux,0.00019952590000000002,0.00036505,0.00019952590000000002,0.0007934629371887919,0.0005568231492785881,0.0005568231492785881,0.0007934629371887919
darcy_taylor_hood_p2p1,y,flux,0.0002019248,0.00036505,0.0002019248,0.0008258034884577958,0.0006832720092339662,0.0006832720092339662,0.0008258034884577958
darcy_taylor_hood_p2p1,y,flux,0.0002043237,0.00036505,0.0002043237,0.0009230044860794062,0.0006638068586597909,0.0006638068586597909,0.0009230044860794062
darcy_taylor_hood_p2p1,y,flux,0.00020672260000000002,0.00036505,0.00020672260000000002,0.0010850659300536236,0.0004984276975560602,0.0004984276975560602,0.0010850659300536236
darcy_taylor_hood_p2p1,y,flux,0.0002091215,0.00036505,0.0002091215,0.0011862375288417307,0.00024206226345734047,0.00024206226345734047,0.0011862375288417307
darcy_taylor_hood_p2p1,y,flux,0.0002115204,0.00036505,0.0002115204,0.0009372014548139906,0.00016658312801595132,0.00016658312801595132,0.0009372014548139906
darcy_taylor_hood_p2p1,y,flux,0.00021391930000000002,0.00036505,0.00021391930000000002,0.000814851355605378,0.00015721787086192605,0.00015721787086192605,0.000814851355605378
darcy_taylor_hood_p2p1,y,flux,0.0002163182,0.00036505,0.0002163182,0.0008191872312158923,0.0002139664919952639,0.0002139664919952639,0.0008191872312158923
darcy_taylor_hood_p2p1,y,flux,0.0002187171,0.00036505,0.0002187171,0.0009502090816455343,0.00033682899141596593,0.00033682899141596593,0.0009502090816455343
darcy_taylor_hood_p2p1,y,flux,0.00022111600000000002,0.00036505,0.00022111600000000002,0.0011538530205540227,0.0004989790926582603,0.0004989790926582603,0.0011538530205540227
darcy_taylor_hood_p2p1,y,flux,0.00022351490000000002,0.00036505,0.00022351490000000002,0.001302328237140598,0.0005873702654438108,0.0005873702654438108,0.001302328237140598
darcy_taylor_hood_p2p1,y,flux,0.0002259138,0.00036505,0.0002259138,0.0013916225622035107,0.0005965486234326544,0.0005965486234326544,0.0013916225622035107
darcy_taylor_hood_p2p1,y,flux,0.00022831270000000001,0.00036505,0.00022831270000000001,0.001421735995742763,0.0005265141666247919,0.0005265141666247919,0.001421735995742763
darcy_taylor_hood_p2p1,y,flux,0.00023071160000000002,0.00036505,0.00023071160000000002,0.0014579381525156514,0.0005030743748056903,0.0005030743748056903,0.0014579381525156514
darcy_taylor_hood_p2p1,y,flux,0.0002331105,0.00036505,0.0002331105,0.0014897200886475745,0.000560403810142596,0.000560403810142596,0.0014897200886475745
darcy_taylor_hood_p2p1,y,flux,0.0002355094,0.00036505,0.0002355094,0.0014556579553035899,0.0005972144839838724,0.0005972144839838724,0.0014556579553035899
darcy_taylor_hood_p2p1,y,flux,0.00023790830000000002,0.00036505,0.00023790830000000002,0.0013557517524836972,0.0006135063963295189,0.0006135063963295189,0.0013557517524836972
darcy_taylor_hood_p2p1,y,flux,0.0002403072,0.00036505,0.0002403072,0.0012477182342671192,0.000601599181327015,0.000601599181327015,0.0012477182342671192
darcy_taylor_hood_p2p1,y,flux,0.0002427061,0.00036505,0.0002427061,0.0013508921773466396,0.0005572018080534191,0.0005572018080534191,0.0013508921773466396
darcy_taylor_hood_p2p1,y,flux,0.000245105,0.00036505,0.000245105,0.0013931575935133076,0.0005340440320658389,0.0005340440320658389,0.0013931575935133076
darcy_taylor_hood_p2p1,y,flux,0.0002475039,0.00036505,0.0002475039,0.0013745144827671252,0.0005321258533642747,0.0005321258533642747,0.0013745144827671252
darcy_taylor_hood_p2p1,y,flux,0.0002499028,0.00036505,0.0002499028,0.0012949628451080911,0.000551447271948726,0.000551447271948726,0.0012949628451080911
darcy_taylor_hood_p2p1,y,flux,0.0002523017,0.00036505,0.0002523017,0.0014747707210812447,0.0005365938888381255,0.0005365938888381255,0.0014747707210812447
darcy_taylor_hood_p2p1,y,flux,0.0002547006,0.00036505,0.0002547006,0.0016332462329758694,0.0004851039312279218,0.0004851039312279218,0.0016332462329758694
darcy_taylor_hood_p2p1,y,flux,0.0002570995,0.00036505,0.0002570995,0.0017003122741693062,0.00040424263766048276,0.00040424263766048276,0.0017003122741693062
darcy_taylor_hood_p2p1,y,flux,0.00025949839999999996,0.00036505,0.00025949839999999996,0.001675968844661556,0.00029401000813581097,0.00029401000813581097,0.001675968844661556
darcy_taylor_hood_p2p1,y,flux,0.00026189729999999997,0.00036505,0.00026189729999999997,0.0016799189403402764,0.0003016169895543757,0.0003016169895543757,0.0016799189403402764
darcy_taylor_hood_p2p1,y,flux,0.0002642962,0.00036505,0.0002642962,0.0016970505216988936,0.00037760838265121647,0.00037760838265121647,0.0016970505216988936
darcy_taylor_hood_p2p1,y,flux,0.0002666951,0.00036505,0.0002666951,0.0015876041034762083,0.00033921230507023527,0.00033921230507023527,0.0015876041034762083
darcy_taylor_hood_p2p1,y,flux,0.000269094,0.00036505,0.000269094,0.00135157968567222,0.0001864287568114323,0.0001864287568114323,0.00135157968567222
darcy_taylor_hood_p2p1,y,flux,0.0002714929,0.00036505,0.0002714929,0.0010216352177059272,-8.489062805541306e-05,-8.489062805541306e-05,0.0010216352177059272
darcy_taylor_hood_p2p1,y,flux,0.00027389179999999996,0.00036505,0.00027389179999999996,0.0009238215559394656,-0.0003682056003430113,-0.0003682056003430113,0.0009238215559394656
darcy_taylor_hood_p2p1,y,flux,0.00027629069999999997,0.00036505,0.00027629069999999997,0.0009488722244932808,-0.0005358237286253632,-0.0005358237286253632,0.0009488722244932808
darcy_taylor_hood_p2p1,y,flux,0.0002786896,0.00036505,0.0002786896,0.0010967872233673761,-0.0005877450129024614,-0.0005877450129024614,0.0010967872233673761
darcy_taylor_hood_p2p1,y,flux,0.0002810885,0.00036505,0.0002810885,0.0013675665525617517,-0.0005239694531743057,-0.0005239694531743057,0.0013675665525617517
darcy_taylor_hood_p2p1,y,flux,0.0002834874,0.00036505,0.0002834874,0.0013543239147983425,-0.0004773639769000426,-0.0004773639769000426,0.0013543239147983425
darcy_taylor_hood_p2p1,y,flux,0.0002858863,0.00036505,0.0002858863,0.0012504828520130639,-0.0004331902701618621,-0.0004331902701618621,0.0012504828520130639
darcy_taylor_hood_p2p1,y,flux,0.0002882852,0.00036505,0.0002882852,0.0011568187034920498,-0.0003644458694138501,-0.0003644458694138501,0.0011568187034920498
darcy_taylor_hood_p2p1,y,flux,0.00029068409999999996,0.00036505,0.00029068409999999996,0.0010733314692353006,-0.0002711307746560089,-0.0002711307746560089,0.0010733314692353006
darcy_taylor_hood_p2p1,y,flux,0.00029308299999999997,0.00036505,0.00029308299999999997,0.0010433968158295893,-0.00019387475226958042,-0.00019387475226958042,0.0010433968158295893
darcy_taylor_hood_p2p1,y,flux,0.0002954819,0.00036505,0.0002954819,0.0010368022097765723,-0.000157549213035656,-0.000157549213035656,0.0010368022097765723
darcy_taylor_hood_p2p1,y,flux,0.0002978808,0.00036505,0.0002978808,0.0009801311622356487,-0.00011433158948488959,-0.00011433158948488959,0.0009801311622356487
darcy_taylor_hood_p2p1,y,flux,0.0003002797,0.00036505,0.0003002797,0.0008733836732068186,-6.422188161728109e-05,-6.422188161728109e-05,0.0008733836732068186
darcy_taylor_hood_p2p1,y,flux,0.0003026786,0.00036505,0.0003026786,0.0007428907909562808,-1.12526397686991e-05,-1.12526397686991e-05,0.0007428907909562808
darcy_taylor_hood_p2p1,y,flux,0.00030507749999999996,0.00036505,0.00030507749999999996,0.0008235652196290024,3.836507301265494e-06,3.836507301265494e-06,0.0008235652196290024
darcy_taylor_hood_p2p1,y,flux,0.00030747639999999997,0.00036505,0.00030747639999999997,0.0008261358587474495,2.134580164139345e-05,2.134580164139345e-05,0.0008261358587474495
darcy_taylor_hood_p2p1,y,flux,0.0003098753,0.00036505,0.0003098753,0.0007506027083116194,4.127524325168448e-05,4.127524325168448e-05,0.0007506027083116194
darcy_taylor_hood_p2p1,y,flux,0.0003122742,0.00036505,0.0003122742,0.0005969657683215122,6.362483213213857e-05,6.362483213213857e-05,0.0005969657683215122
darcy_taylor_hood_p2p1,y,flux,0.0003146731,0.00036505,0.0003146731,0.0006764459536631519,2.338026378627608e-05,2.338026378627608e-05,0.0006764459536631519
darcy_taylor_hood_p2p1,y,flux,0.000317072,0.00036505,0.000317072,0.0007575330741544583,-2.0442268092031375e-05,-2.0442268092031375e-05,0.0007575330741544583
darcy_taylor_hood_p2p1,y,flux,0.0003194709,0.00036505,0.0003194709,0.0007258646612825728,-4.235432123930874e-05,-4.235432123930874e-05,0.0007258646612825728
darcy_taylor_hood_p2p1,y,flux,0.00032186979999999997,0.00036505,0.00032186979999999997,0.0005814407150474995,-4.235589565555626e-05,-4.235589565555626e-05,0.0005814407150474995
darcy_taylor_hood_p2p1,y,flux,0.0003242687,0.00036505,0.0003242687,0.0006182490764907233,-0.0001212853601665103,-0.0001212853601665103,0.0006182490764907233
darcy_taylor_hood_p2p1,y,flux,0.0003266676,0.00036505,0.0003266676,0.0008861154235840529,-0.0002671685705697622,-0.0002671685705697622,0.0008861154235840529
darcy_taylor_hood_p2p1,y,flux,0.0003290665,0.00036505,0.0003290665,0.0008780686930113516,-0.00029339782818046283,-0.00029339782818046283,0.0008780686930113516
darcy_taylor_hood_p2p1,y,flux,0.0003314654,0.00036505,0.0003314654,0.0005941088847726207,-0.00019997313299861255,-0.00019997313299861255,0.0005941088847726207
darcy_taylor_hood_p2p1,y,flux,0.0003338643,0.00036505,0.0003338643,6.608907510726716e-05,1.3086828967788397e-06,1.3086828967788397e-06,6.608907510726716e-05
darcy_taylor_hood_p2p1,y,flux,0.00033626319999999996,0.00036505,0.00033626319999999996,0.00010021151113752358,4.803721406772544e-07,4.803721406772544e-07,0.00010021151113752358
darcy_taylor_hood_p2p1,y,flux,0.00033866209999999997,0.00036505,0.00033866209999999997,0.00012155552451662066,2.461457427144694e-08,2.461457427144694e-08,0.00012155552451662066
darcy_taylor_hood_p2p1,y,flux,0.000341061,0.00036505,0.000341061,0.00013012111524455755,-5.858980243855972e-08,-5.858980243855972e-08,0.00013012111524455755
darcy_taylor_hood_p2p1,y,flux,0.0003434599,0.00036505,0.0003434599,0.00012590828332133418,2.307590105472339e-07,2.307590105472339e-07,0.00012590828332133418
darcy_taylor_hood_p2p1,y,flux,0.0003458588,0.00036505,0.0003458588,0.00023012186963023692,0.0005485820469879466,0.0005485820469879466,0.00023012186963023692
darcy_taylor_hood_p2p1,y,flux,0.0003482577,0.00036505,0.0003482577,0.0003006595383027745,0.0009707054265179231,0.0009707054265179231,0.0003006595383027745
darcy_taylor_hood_p2p1,y,flux,0.0003506566,0.00036505,0.0003506566,0.00027122565119349474,0.0009612559713389028,0.0009612559713389028,0.00027122565119349474
darcy_taylor_hood_p2p1,y,flux,0.00035305549999999997,0.00036505,0.00035305549999999997,0.00014182020830240147,0.0005202336814509004,0.0005202336814509004,0.00014182020830240147
darcy_taylor_hood_p2p1,y,flux,0.0003554544,0.00036505,0.0003554544,2.873106073116896e-06,2.0086913995730194e-07,2.0086913995730194e-07,2.873106073116896e-06
darcy_taylor_hood_p2p1,y,flux,0.0003578533,0.00036505,0.0003578533,1.3968869367897593e-06,3.696788241269137e-07,3.696788241269137e-07,1.3968869367897593e-06
darcy_taylor_hood_p2p1,y,flux,0.0003602522,0.00036505,0.0003602522,6.837449211197398e-07,3.568013385360855e-07,3.568013385360855e-07,6.837449211197398e-07
darcy_taylor_hood_p2p1,y,flux,0.0003626511,0.00036505,0.0003626511,7.336800261067439e-07,1.622366831849318e-07,1.622366831849318e-07,7.336800261067439e-07
darcy_taylor_hood_p2p1,y,flux,0.00036505,0.00036505,0.00036505,1.5466922517514448e-06,-2.1401514192679834e-07,-2.1401514192679834e-07,1.5466922517514448e-06
darcy_taylor_hood_p2p1,y,flux,0.00036744889999999996,0.00036505,0.00036744889999999996,7.682951642654338e-06,-9.912568911503982e-06,-9.912568911503982e-06,7.682951642654338e-06
darcy_taylor_hood_p2p1,y,flux,0.00036984779999999997,0.00036505,0.00036984779999999997,1.0454468244984572e-05,-1.4737071708415447e-05,-1.4737071708415447e-05,1.0454468244984572e-05
darcy_taylor_hood_p2p1,y,flux,0.0003722467,0.00036505,0.0003722467,9.861242058741989e-06,-1.4687523532661029e-05,-1.4687523532661029e-05,9.861242058741989e-06
darcy_taylor_hood_p2p1,y,flux,0.0003746456,0.00036505,0.0003746456,5.903273083926513e-06,-9.763924384240571e-06,-9.763924384240571e-06,5.903273083926513e-06
darcy_taylor_hood_p2p1,y,flux,0.0003770445,0.00036505,0.0003770445,0.0004350234074930261,-0.0007604155087400908,-0.0007604155087400908,0.0004350234074930261
darcy_taylor_hood_p2p1,y,flux,0.0003794434,0.00036505,0.0003794434,0.0008175697959886704,-0.0014704302947719644,-0.0014704302947719644,0.0008175697959886704
darcy_taylor_hood_p2p1,y,flux,0.00038184229999999996,0.00036505,0.00038184229999999996,0.0008626721793314647,-0.0016413225842874754,-0.0016413225842874754,0.0008626721793314647
darcy_taylor_hood_p2p1,y,flux,0.00038424119999999997,0.00036505,0.00038424119999999997,0.0005703305575214113,-0.0012730923772866314,-0.0012730923772866314,0.0005703305575214113
darcy_taylor_hood_p2p1,y,flux,0.0003866401,0.00036505,0.0003866401,0.000195234139322276,-0.0007652144980754906,-0.0007652144980754906,0.000195234139322276
darcy_taylor_hood_p2p1,y,flux,0.000389039,0.00036505,0.000389039,0.00025032861640842687,-0.0009385474302405635,-0.0009385474302405635,0.00025032861640842687
darcy_taylor_hood_p2p1,y,flux,0.0003914379,0.00036505,0.0003914379,0.0002523942325842882,-0.0010438714585184763,-0.0010438714585184763,0.0002523942325842882
darcy_taylor_hood_p2p1,y,flux,0.0003938368,0.00036505,0.0003938368,0.00020143098784986,-0.0010811865829092279,-0.0010811865829092279,0.00020143098784986
darcy_taylor_hood_p2p1,y,flux,0.0003962357,0.00036505,0.0003962357,9.743888220514232e-05,-0.0010504928034128199,-0.0010504928034128199,9.743888220514232e-05
darcy_taylor_hood_p2p1,y,flux,0.00039863459999999997,0.00036505,0.00039863459999999997,-0.0003648577776632232,-0.001100806027830525,-0.001100806027830525,-0.0003648577776632232
darcy_taylor_hood_p2p1,y,flux,0.0004010335,0.00036505,0.0004010335,-0.0005804394583473402,-0.0009907395454419648,-0.0009907395454419648,-0.0005804394583473402
darcy_taylor_hood_p2p1,y,flux,0.0004034324,0.00036505,0.0004034324,-0.0005284606584588053,-0.0007113167002642251,-0.0007113167002642251,-0.0005284606584588053
darcy_taylor_hood_p2p1,y,flux,0.0004058313,0.00036505,0.0004058313,-0.00020892137799761854,-0.0002625374922973066,-0.0002625374922973066,-0.00020892137799761854
darcy_taylor_hood_p2p1,y,flux,0.0004082302,0.00036505,0.0004082302,-1.32962482991284e-05,-2.933088585575612e-05,-2.933088585575612e-05,-1.32962482991284e-05
darcy_taylor_hood_p2p1,y,flux,0.0004106291,0.00036505,0.0004106291,-1.4303809781263988e-05,-1.4532677270525362e-05,-1.4532677270525362e-05,-1.4303809781263988e-05
darcy_taylor_hood_p2p1,y,flux,0.00041302799999999996,0.00036505,0.00041302799999999996,-1.1978506976983067e-05,-4.818095528300833e-06,-4.818095528300833e-06,-1.1978506976983067e-05
darcy_taylor_hood_p2p1,y,flux,0.00041542689999999997,0.00036505,0.00041542689999999997,-6.3203398862855885e-06,-1.8714062908213755e-07,-1.8714062908213755e-07,-6.3203398862855885e-06
darcy_taylor_hood_p2p1,y,flux,0.0004178258,0.00036505,0.0004178258,1.9585494872713707e-09,-2.6085503570793543e-08,-2.6085503570793543e-08,1.9585494872713707e-09
darcy_taylor_hood_p2p1,y,flux,0.0004202247,0.00036505,0.0004202247,-3.114591552240257e-09,-9.32654188629968e-09,-9.32654188629968e-09,-3.114591552240257e-09
darcy_taylor_hood_p2p1,y,flux,0.0004226236,0.00036505,0.0004226236,-4.495504348173179e-09,3.61319675640394e-10,3.61319675640394e-10,-4.495504348173179e-09
darcy_taylor_hood_p2p1,y,flux,0.0004250225,0.00036505,0.0004250225,-2.184188900532068e-09,2.9780811150219627e-09,2.9780811150219627e-09,-2.184188900532068e-09
darcy_taylor_hood_p2p1,y,flux,0.00042742139999999996,0.00036505,0.00042742139999999996,3.819354790683459e-09,-1.4762575681542327e-09,-1.4762575681542327e-09,3.819354790683459e-09
darcy_taylor_hood_p2p1,y,flux,0.00042982029999999997,0.00036505,0.00042982029999999997,3.883314386541634e-09,-1.6976130227551313e-09,-1.6976130227551313e-09,3.883314386541634e-09
darcy_taylor_hood_p2p1,y,flux,0.0004322192,0.00036505,0.0004322192,3.5501658200757192e-09,-1.4454953748981563e-09,-1.4454953748981563e-09,3.5501658200757192e-09
darcy_taylor_hood_p2p1,y,flux,0.0004346181,0.00036505,0.0004346181,3.593041781908381e-09,-1.5024842705278293e-09,-1.5024842705278293e-09,3.593041781908381e-09
darcy_taylor_hood_p2p1,y,flux,0.000437017,0.00036505,0.000437017,4.01194227203962e-09,-1.8685797096441497e-09,-1.8685797096441497e-09,4.01194227203962e-09
darcy_taylor_hood_p2p1,y,flux,0.0004394159,0.00036505,0.0004394159,-1.01566058034621e-08,1.4737497705756684e-08,1.4737497705756684e-08,-1.01566058034621e-08
darcy_taylor_hood_p2p1,y,flux,0.0004418148,0.00036505,0.0004418148,-2.154347062982127e-08,2.7704411850900053e-08,2.7704411850900053e-08,-2.154347062982127e-08
darcy_taylor_hood_p2p1,y,flux,0.00044421369999999996,0.00036505,0.00044421369999999996,-1.4772726444392727e-08,1.91212740557825e-08,1.91212740557825e-08,-1.4772726444392727e-08
darcy_taylor_hood_p2p1,y,flux,0.0004466126,0.00036505,0.0004466126,1.0155626752823872e-08,-1.1011915679596385e-08,-1.1011915679596385e-08,1.0155626752823872e-08
darcy_taylor_hood_p2p1,y,flux,0.0004490115,0.00036505,0.0004490115,-1.0013824700566627e-06,-2.032385772214877e-07,-2.032385772214877e-07,-1.0013824700566627e-06
darcy_taylor_hood_p2p1,y,flux,0.0004514104,0.00036505,0.0004514104,-4.1870422597146146e-06,-1.2922530490763494e-06,-1.2922530490763494e-06,-4.1870422597146146e-06
darcy_taylor_hood_p2p1,y,flux,0.0004538093,0.00036505,0.0004538093,-4.718798144364215e-06,-3.0094942355604517e-06,-3.0094942355604517e-06,-4.718798144364215e-06
darcy_taylor_hood_p2p1,y,flux,0.0004562082,0.00036505,0.0004562082,-2.5966501240054638e-06,-5.354962136673795e-06,-5.354962136673795e-06,-2.5966501240054638e-06
darcy_taylor_hood_p2p1,y,flux,0.00045860709999999996,0.00036505,0.00045860709999999996,2.1794018013615026e-06,-8.328656752416303e-06,-8.328656752416303e-06,2.1794018013615026e-06
darcy_taylor_hood_p2p1,y,flux,0.00046100599999999997,0.00036505,0.00046100599999999997,9.558294808505954e-07,-3.0916868083930538e-06,-3.0916868083930538e-06,9.558294808505954e-07
darcy_taylor_hood_p2p1,y,flux,0.0004634049,0.00036505,0.0004634049,-1.9346304694469018e-07,1.0385326477557542e-06,1.0385326477557542e-06,-1.9346304694469018e-07
darcy_taylor_hood_p2p1,y,flux,0.0004658038,0.00036505,0.0004658038,-5.986015634411462e-08,2.6102825203772193e-06,2.6102825203772193e-06,-5.986015634411462e-08
darcy_taylor_hood_p2p1,y,flux,0.0004682027,0.00036505,0.0004682027,1.356638152652321e-06,1.6235628094713405e-06,1.6235628094713405e-06,1.356638152652321e-06
darcy_taylor_hood_p2p1,y,flux,0.0004706016,0.00036505,0.0004706016,2.3944278914790784e-06,1.6229217996130963e-07,1.6229217996130963e-07,2.3944278914790784e-06
darcy_taylor_hood_p2p1,y,flux,0.0004730005,0.00036505,0.0004730005,2.2115241624435493e-06,1.1819864187088068e-07,1.1819864187088068e-07,2.2115241624435493e-06
darcy_taylor_hood_p2p1,y,flux,0.00047539939999999997,0.00036505,0.00047539939999999997,2.0229219303744545e-06,2.3014533006169916e-07,2.3014533006169916e-07,2.0229219303744545e-06
darcy_taylor_hood_p2p1,y,flux,0.0004777983,0.00036505,0.0004777983,1.8286211952717827e-06,4.981322445337698e-07,4.981322445337698e-07,1.8286211952717827e-06
darcy_taylor_hood_p2p1,y,flux,0.0004801972,0.00036505,0.0004801972,5.372715588890917e-07,2.4410938188593997e-06,2.4410938188593997e-06,5.372715588890917e-07
darcy_taylor_hood_p2p1,y,flux,0.0004825961,0.00036505,0.0004825961,-3.917897461540696e-06,1.0215661121839358e-05,1.0215661121839358e-05,-3.917897461540696e-06
darcy_taylor_hood_p2p1,y,flux,0.000484995,0.00036505,0.000484995,-4.927413077957704e-06,1.5523633072344198e-05,1.5523633072344198e-05,-4.927413077957704e-06
darcy_taylor_hood_p2p1,y,flux,0.0004873939,0.00036505,0.0004873939,-2.491275290361926e-06,1.8365009670373912e-05,1.8365009670373912e-05,-2.491275290361926e-06
darcy_taylor_hood_p2p1,y,flux,0.0004897928,0.00036505,0.0004897928,3.390515901246637e-06,1.8739790915928512e-05,1.8739790915928512e-05,3.390515901246637e-06
darcy_taylor_hood_p2p1,y,flux,0.0004921917,0.00036505,0.0004921917,2.982958618987539e-06,9.269346011371822e-05,9.269346011371822e-05,2.982958618987539e-06
darcy_taylor_hood_p2p1,y,flux,0.0004945906,0.00036505,0.0004945906,1.3725524951058822e-06,0.000133700049445912,0.000133700049445912,1.3725524951058822e-06
darcy_taylor_hood_p2p1,y,flux,0.0004969895,0.00036505,0.0004969895,3.612451171478308e-07,0.00012132235872320328,0.00012132235872320328,3.612451171478308e-07
darcy_taylor_hood_p2p1,y,flux,0.0004993884,0.00036505,0.0004993884,-5.096351488661615e-08,5.556038794559204e-05,5.556038794559204e-05,-5.096351488661615e-08
darcy_taylor_hood_p2p1,y,flux,0.0005017873000000001,0.00036505,0.0005017873000000001,-1.6528375248011073e-08,4.077423958820889e-08,4.077423958820889e-08,-1.6528375248011073e-08
darcy_taylor_hood_p2p1,y,flux,0.0005041862000000001,0.00036505,0.0005041862000000001,3.6298844695234534e-10,1.6171302568418407e-08,1.6171302568418407e-08,3.6298844695234534e-10
darcy_taylor_hood_p2p1,y,flux,0.0005065851000000001,0.00036505,0.0005065851000000001,7.085797855569614e-09,5.7307252288376654e-09,5.7307252288376654e-09,7.085797855569614e-09
darcy_taylor_hood_p2p1,y,flux,0.0005089840000000001,0.00036505,0.0005089840000000001,3.6400529778407328e-09,9.452507569466671e-09,9.452507569466671e-09,3.6400529778407328e-09
darcy_taylor_hood_p2p1,y,flux,0.0005113829000000001,0.00036505,0.0005113829000000001,1.7412083518186963e-07,-1.1955769232791847e-07,-1.1955769232791847e-07,1.7412083518186963e-07
darcy_taylor_hood_p2p1,y,flux,0.0005137818,0.00036505,0.0005137818,1.1734580326339454e-06,-8.939039565666502e-07,-8.939039565666502e-07,1.1734580326339454e-06
darcy_taylor_hood_p2p1,y,flux,0.0005161807,0.00036505,0.0005161807,1.4756775852509763e-06,-1.0882928348469286e-06,-1.0882928348469286e-06,1.4756775852509763e-06
darcy_taylor_hood_p2p1,y,flux,0.0005185796,0.00036505,0.0005185796,1.0807794930329004e-06,-7.027243271687048e-07,-7.027243271687048e-07,1.0807794930329004e-06
darcy_taylor_hood_p2p1,y,flux,0.0005209785,0.00036505,0.0005209785,-1.1236244020280676e-08,2.628015664680198e-07,2.628015664680198e-07,-1.1236244020280676e-08
darcy_taylor_hood_p2p1,y,flux,0.0005233774,0.00036505,0.0005233774,8.96445044367295e-08,7.708536156592144e-08,7.708536156592144e-08,8.96445044367295e-08
darcy_taylor_hood_p2p1,y,flux,0.0005257763,0.00036505,0.0005257763,4.03910012671315e-07,-2.878829376081366e-07,-2.878829376081366e-07,4.03910012671315e-07
darcy_taylor_hood_p2p1,y,flux,0.0005281752,0.00036505,0.0005281752,4.5356836528471493e-07,-3.8515613835272645e-07,-3.8515613835272645e-07,4.5356836528471493e-07
darcy_taylor_hood_p2p1,y,flux,0.0005305741,0.00036505,0.0005305741,2.386195622769292e-07,-2.1473424066784762e-07,-2.1473424066784762e-07,2.386195622769292e-07
darcy_taylor_hood_p2p1,y,flux,0.0005329730000000001,0.00036505,0.0005329730000000001,9.593561480609814e-11,3.2681276870027477e-12,3.2681276870027477e-12,9.593561480609814e-11
darcy_taylor_hood_p2p1,y,flux,0.0005353719000000001,0.00036505,0.0005353719000000001,1.2034093921669141e-10,1.3120032784935421e-12,1.3120032784935421e-12,1.2034093921669141e-10
darcy_taylor_hood_p2p1,y,flux,0.0005377708000000001,0.00036505,0.0005377708000000001,1.2562634964765258e-10,6.187808181239475e-13,6.187808181239475e-13,1.2562634964765258e-10
darcy_taylor_hood_p2p1,y,flux,0.0005401697000000001,0.00036505,0.0005401697000000001,1.1179184609898171e-10,1.1884603058939627e-12,1.1884603058939627e-12,1.1179184609898171e-10
darcy_taylor_hood_p2p1,y,flux,0.0005425686,0.00036505,0.0005425686,4.692661701956591e-11,3.031771154911002e-11,3.031771154911002e-11,4.692661701956591e-11
darcy_taylor_hood_p2p1,y,flux,0.0005449675,0.00036505,0.0005449675,-2.626237424098446e-10,2.8432275824748774e-10,2.8432275824748774e-10,-2.626237424098446e-10
darcy_taylor_hood_p2p1,y,flux,0.0005473664,0.00036505,0.0005473664,-3.8981713477296504e-10,4.236667702699373e-10,4.236667702699373e-10,-3.8981713477296504e-10
darcy_taylor_hood_p2p1,y,flux,0.0005497653,0.00036505,0.0005497653,-3.346535600697961e-10,4.4834974761645733e-10,4.4834974761645733e-10,-3.346535600697961e-10
darcy_taylor_hood_p2p1,y,flux,0.0005521642,0.00036505,0.0005521642,-9.713301830033697e-11,3.5837169028704786e-10,3.5837169028704786e-10,-9.713301830033697e-11
darcy_taylor_hood_p2p1,y,flux,0.0005545631,0.00036505,0.0005545631,7.26173706619783e-06,0.0001237800368821362,0.0001237800368821362,7.26173706619783e-06
darcy_taylor_hood_p2p1,y,flux,0.000556962,0.00036505,0.000556962,1.0586935563901098e-05,0.0002458732187449658,0.0002458732187449658,1.0586935563901098e-05
darcy_taylor_hood_p2p1,y,flux,0.0005593609,0.00036505,0.0005593609,6.437695720743712e-06,0.00031578687644266565,0.00031578687644266565,6.437695720743712e-06
darcy_taylor_hood_p2p1,y,flux,0.0005617598000000001,0.00036505,0.0005617598000000001,-5.185982463274346e-06,0.00033352100997523573,0.00033352100997523573,-5.185982463274346e-06
darcy_taylor_hood_p2p1,y,flux,0.0005641587000000001,0.00036505,0.0005641587000000001,-1.2442534370876843e-05,0.00035513601523937057,0.00035513601523937057,-1.2442534370876843e-05
darcy_taylor_hood_p2p1,y,flux,0.0005665576000000001,0.00036505,0.0005665576000000001,-8.744687912792335e-06,0.0004394768557235592,0.0004394768557235592,-8.744687912792335e-06
darcy_taylor_hood_p2p1,y,flux,0.0005689565000000001,0.00036505,0.0005689565000000001,-1.250888124353572e-05,0.0005114573520009502,0.0005114573520009502,-1.250888124353572e-05
darcy_taylor_hood_p2p1,y,flux,0.0005713554000000001,0.00036505,0.0005713554000000001,-2.3735114363106996e-05,0.0005710775040715437,0.0005710775040715437,-2.3735114363106996e-05
darcy_taylor_hood_p2p1,y,flux,0.0005737543,0.00036505,0.0005737543,-3.8391434460754555e-05,0.0006183937212239643,0.0006183937212239643,-3.8391434460754555e-05
darcy_taylor_hood_p2p1,y,flux,0.0005761532,0.00036505,0.0005761532,2.2960401714460982e-05,0.0006514912139991102,0.0006514912139991102,2.2960401714460982e-05
darcy_taylor_hood_p2p1,y,flux,0.0005785521,0.00036505,0.0005785521,6.68207303658575e-05,0.0006662878755702665,0.0006662878755702665,6.68207303658575e-05
darcy_taylor_hood_p2p1,y,flux,0.000580951,0.00036505,0.000580951,9.318955149343515e-05,0.0006627837059374334,0.0006627837059374334,9.318955149343515e-05
darcy_taylor_hood_p2p1,y,flux,0.0005833499,0.00036505,0.0005833499,0.00010206686509719385,0.0006409787051006111,0.0006409787051006111,0.00010206686509719385
darcy_taylor_hood_p2p1,y,flux,0.0005857488,0.00036505,0.0005857488,0.00011356464261463671,0.0006499031772722035,0.0006499031772722035,0.00011356464261463671
darcy_taylor_hood_p2p1,y,flux,0.0005881477,0.00036505,0.0005881477,0.00013202683848385083,0.0006691679312282587,0.0006691679312282587,0.00013202683848385083
darcy_taylor_hood_p2p1,y,flux,0.0005905466,0.00036505,0.0005905466,0.00015146468490866567,0.0006786127853955579,0.0006786127853955579,0.00015146468490866567
darcy_taylor_hood_p2p1,y,flux,0.0005929455000000001,0.00036505,0.0005929455000000001,0.00017187818188908125,0.0006782377397741012,0.0006782377397741012,0.00017187818188908125
darcy_taylor_hood_p2p1,y,flux,0.0005953444000000001,0.00036505,0.0005953444000000001,0.00018706823647557505,0.0006806080707220172,0.0006806080707220172,0.00018706823647557505
darcy_taylor_hood_p2p1,y,flux,0.0005977433000000001,0.00036505,0.0005977433000000001,0.00019081218386700458,0.0007016407434922811,0.0007016407434922811,0.00019081218386700458
darcy_taylor_hood_p2p1,y,flux,0.0006001422000000001,0.00036505,0.0006001422000000001,0.0001943469724709944,0.0007201576464164431,0.0007201576464164431,0.0001943469724709944
darcy_taylor_hood_p2p1,y,flux,0.0006025411000000001,0.00036505,0.0006025411000000001,0.00019767260228754457,0.0007361587794945032,0.0007361587794945032,0.00019767260228754457
darcy_taylor_hood_p2p1,y,flux,0.00060494,0.00036505,0.00060494,0.00020078907331665496,0.0007496441427264616,0.0007496441427264616,0.00020078907331665496
darcy_taylor_hood_p2p1,y,flux,0.0006073389,0.00036505,0.0006073389,0.00020113118427184595,0.0007838856768263762,0.0007838856768263762,0.00020113118427184595
darcy_taylor_hood_p2p1,y,flux,0.0006097378,0.00036505,0.0006097378,0.00019299278546056363,0.0007885694021947379,0.0007885694021947379,0.00019299278546056363
darcy_taylor_hood_p2p1,y,flux,0.0006121367,0.00036505,0.0006121367,0.00017637387688280786,0.0007636953188315458,0.0007636953188315458,0.00017637387688280786
darcy_taylor_hood_p2p1,y,flux,0.0006145356,0.00036505,0.0006145356,0.00015127445853857854,0.0007092634267367993,0.0007092634267367993,0.00015127445853857854
darcy_taylor_hood_p2p1,y,flux,0.0006169345,0.00036505,0.0006169345,0.0001302547871085067,0.0006973185676588243,0.0006973185676588243,0.0001302547871085067
darcy_taylor_hood_p2p1,y,flux,0.0006193334,0.00036505,0.0006193334,0.00011352469500733457,0.0006880797643281681,0.0006880797643281681,0.00011352469500733457
darcy_taylor_hood_p2p1,y,flux,0.0006217323,0.00036505,0.0006217323,9.566354404729442e-05,0.0006418262482783117,0.0006418262482783117,9.566354404729442e-05
darcy_taylor_hood_p2p1,y,flux,0.0006241312000000001,0.00036505,0.0006241312000000001,7.667133422838624e-05,0.0005585580195092549,0.0005585580195092549,7.667133422838624e-05
darcy_taylor_hood_p2p1,y,flux,0.0006265301000000001,0.00036505,0.0006265301000000001,6.15919446507824e-05,0.000567500843158026,0.000567500843158026,6.15919446507824e-05
darcy_taylor_hood_p2p1,y,flux,0.0006289290000000001,0.00036505,0.0006289290000000001,5.426593614078027e-05,0.0007294031028011684,0.0007294031028011684,5.426593614078027e-05
darcy_taylor_hood_p2p1,y,flux,0.0006313279000000001,0.00036505,0.0006313279000000001,4.175408133665722e-05,0.0006926788056533749,0.0006926788056533749,4.175408133665722e-05
darcy_taylor_hood_p2p1,y,flux,0.0006337268000000001,0.00036505,0.0006337268000000001,2.4056380238413253e-05,0.0004573279517146457,0.0004573279517146457,2.4056380238413253e-05
darcy_taylor_hood_p2p1,y,flux,0.0006361257,0.00036505,0.0006361257,1.1728328460495194e-06,2.335054098500478e-05,2.335054098500478e-05,1.1728328460495194e-06
darcy_taylor_hood_p2p1,y,flux,0.0006385246,0.00036505,0.0006385246,4.5443942128080336e-08,-1.3504656150971905e-08,-1.3504656150971905e-08,4.5443942128080336e-08
darcy_taylor_hood_p2p1,y,flux,0.0006409235,0.00036505,0.0006409235,3.5466528222104126e-08,-6.047894261253445e-09,-6.047894261253445e-09,3.5466528222104126e-08
darcy_taylor_hood_p2p1,y,flux,0.0006433224,0.00036505,0.0006433224,3.112227226474176e-08,-1.9161072759217955e-09,-1.9161072759217955e-09,3.112227226474176e-08
darcy_taylor_hood_p2p1,y,flux,0.0006457213,0.00036505,0.0006457213,3.2411174255993276e-08,-1.109295194976998e-09,-1.109295194976998e-09,3.2411174255993276e-08
darcy_taylor_hood_p2p1,y,flux,0.0006481202,0.00036505,0.0006481202,-3.059374706381496e-07,4.261524843789076e-07,4.261524843789076e-07,-3.059374706381496e-07
darcy_taylor_hood_p2p1,y,flux,0.0006505191,0.00036505,0.0006505191,-4.7431290392004953e-07,6.880950152910491e-07,6.880950152910491e-07,-4.7431290392004953e-07
darcy_taylor_hood_p2p1,y,flux,0.000652918,0.00036505,0.000652918,-1.5679057237954247e-07,4.018222074914846e-07,4.018222074914846e-07,-1.5679057237954247e-07
darcy_taylor_hood_p2p1,y,flux,0.0006553169000000001,0.00036505,0.0006553169000000001,6.466295239833716e-07,-4.3266593901978633e-07,-4.3266593901978633e-07,6.466295239833716e-07
darcy_taylor_hood_p2p1,y,flux,0.0006577158000000001,0.00036505,0.0006577158000000001,1.3678088670478492e-06,-1.1636835353531692e-06,-1.1636835353531692e-06,1.3678088670478492e-06
darcy_taylor_hood_p2p1,y,flux,0.0006601147000000001,0.00036505,0.0006601147000000001,7.666824828097957e-07,-4.326513350453395e-07,-4.326513350453395e-07,7.666824828097957e-07
darcy_taylor_hood_p2p1,y,flux,0.0006625136000000001,0.00036505,0.0006625136000000001,3.366271814628872e-07,1.0020769342810076e-08,1.0020769342810076e-08,3.366271814628872e-07
darcy_taylor_hood_p2p1,y,flux,0.0006649125000000001,0.00036505,0.0006649125000000001,7.764296300710579e-08,1.6433277781129745e-07,1.6433277781129745e-07,7.764296300710579e-08
darcy_taylor_hood_p2p1,y,flux,0.0006673114,0.00036505,0.0006673114,-1.0270172557512608e-08,3.028469036009963e-08,3.028469036009963e-08,-1.0270172557512608e-08
darcy_taylor_hood_p2p1,y,flux,0.0006697103,0.00036505,0.0006697103,-2.0219285300225202e-08,1.3379820200315374e-08,1.3379820200315374e-08,-2.0219285300225202e-08
darcy_taylor_hood_p2p1,y,flux,0.0006721092,0.00036505,0.0006721092,-2.5601346448418878e-08,1.8653004104975274e-08,1.8653004104975274e-08,-2.5601346448418878e-08
darcy_taylor_hood_p2p1,y,flux,0.0006745081,0.00036505,0.0006745081,-2.4714321140713284e-08,1.9844823766630098e-08,1.9844823766630098e-08,-2.4714321140713284e-08
darcy_taylor_hood_p2p1,y,flux,0.000676907,0.00036505,0.000676907,-1.7558209377130694e-08,1.695527918530164e-08,1.695527918530164e-08,-1.7558209377130694e-08
darcy_taylor_hood_p2p1,y,flux,0.0006793059,0.00036505,0.0006793059,-4.695105884840914e-06,7.26883713453227e-06,7.26883713453227e-06,-4.695105884840914e-06
darcy_taylor_hood_p2p1,y,flux,0.0006817048,0.00036505,0.0006817048,-9.55004039805914e-06,1.479145514154359e-05,1.479145514154359e-05,-9.55004039805914e-06
darcy_taylor_hood_p2p1,y,flux,0.0006841037000000001,0.00036505,0.0006841037000000001,-1.0022591980342579e-05,1.5526377688146142e-05,1.5526377688146142e-05,-1.0022591980342579e-05
darcy_taylor_hood_p2p1,y,flux,0.0006865026000000001,0.00036505,0.0006865026000000001,-6.112760631691236e-06,9.473604774339929e-06,9.473604774339929e-06,-6.112760631691236e-06
darcy_taylor_hood_p2p1,y,flux,0.0006889015000000001,0.00036505,0.0006889015000000001,4.294223642925783e-09,1.5260407955677743e-09,1.5260407955677743e-09,4.294223642925783e-09
darcy_taylor_hood_p2p1,y,flux,0.0006913004000000001,0.00036505,0.0006913004000000001,5.372985467188139e-09,1.582018859668086e-10,1.582018859668086e-10,5.372985467188139e-09
darcy_taylor_hood_p2p1,y,flux,0.0006936993000000001,0.00036505,0.0006936993000000001,6.0448757840772826e-09,-2.8481753864156957e-10,-2.8481753864156957e-10,6.0448757840772826e-09
darcy_taylor_hood_p2p1,y,flux,0.0006960982000000001,0.00036505,0.0006960982000000001,6.309894593593215e-09,1.9698252174263808e-10,1.9698252174263808e-10,6.309894593593215e-09
darcy_taylor_hood_p2p1,y,flux,0.0006984971,0.00036505,0.0006984971,6.16804189573595e-09,1.6036020671193491e-09,1.6036020671193491e-09,6.16804189573595e-09
darcy_taylor_hood_p2p1,y,flux,0.000700896,0.00036505,0.000700896,1.5642600640155746e-08,1.3496507150196484e-08,1.3496507150196484e-08,1.5642600640155746e-08
darcy_taylor_hood_p2p1,y,flux,0.0007032949,0.00036505,0.0007032949,2.586979046531901e-08,1.84611339151875e-08,1.84611339151875e-08,2.586979046531901e-08
darcy_taylor_hood_p2p1,y,flux,0.0007056938,0.00036505,0.0007056938,3.532211963661532e-08,1.4415310055744916e-08,1.4415310055744916e-08,3.532211963661532e-08
darcy_taylor_hood_p2p1,y,flux,0.0007080927,0.00036505,0.0007080927,4.399958815404463e-08,1.3590355718687553e-09,1.3590355718687553e-09,4.399958815404463e-08
darcy_taylor_hood_p2p1,y,flux,0.0007104916,0.00036505,0.0007104916,-1.9817887718791328e-08,7.062183124973058e-08,7.062183124973058e-08,-1.9817887718791328e-08
darcy_taylor_hood_p2p1,y,flux,0.0007128905,0.00036505,0.0007128905,-1.023344825855706e-07,1.6219791283197075e-07,1.6219791283197075e-07,-1.023344825855706e-07
darcy_taylor_hood_p2p1,y,flux,0.0007152894000000001,0.00036505,0.0007152894000000001,-1.2277791008981382e-07,1.7590155580432164e-07,1.7590155580432164e-07,-1.2277791008981382e-07
darcy_taylor_hood_p2p1,y,flux,0.0007176883000000001,0.00036505,0.0007176883000000001,-8.114817023152085e-08,1.1173276016678324e-07,1.1173276016678324e-07,-8.114817023152085e-08
darcy_taylor_hood_p2p1,y,flux,0.0007200872000000001,0.00036505,0.0007200872000000001,4.918624949899051e-11,-9.264472691206593e-12,-9.264472691206593e-12,4.918624949899051e-11
darcy_taylor_hood_p2p1,y,flux,0.0007224861000000001,0.00036505,0.0007224861000000001,-2.6698228880670586e-12,2.3710299892647036e-12,2.3710299892647036e-12,-2.6698228880670586e-12
darcy_taylor_hood_p2p1,y,flux,0.000724885,0.00036505,0.000724885,-3.197480999186715e-11,9.095450827246803e-12,9.095450827246803e-12,-3.197480999186715e-11
darcy_taylor_hood_p2p1,y,tangential,5.215e-06,5.215e-06,0.00036505,-7.952052332330735e-11,1.1170912110870311e-10,1.1170912110870311e-10,-7.952052332330735e-11
darcy_taylor_hood_p2p1,y,tangential,7.6139e-06,7.6139e-06,0.00036505,-1.3235361112591574e-10,2.691567917795179e-11,2.691567917795179e-11,-1.3235361112591574e-10
darcy_taylor_hood_p2p1,y,tangential,1.00128e-05,1.00128e-05,0.00036505,2.5436554087094504e-10,-1.4368958921135727e-10,-1.4368958921135727e-10,2.5436554087094504e-10
darcy_taylor_hood_p2p1,y,tangential,1.24117e-05,1.24117e-05,0.00036505,-9.788415842382476e-09,9.978746965646747e-09,9.978746965646747e-09,-9.788415842382476e-09
darcy_taylor_hood_p2p1,y,tangential,1.48106e-05,1.48106e-05,0.00036505,-1.2891455950222555e-08,1.3168020538304351e-08,1.3168020538304351e-08,-1.2891455950222555e-08
darcy_taylor_hood_p2p1,y,tangential,1.72095e-05,1.72095e-05,0.00036505,-5.929541653181015e-09,6.378883309986521e-09,6.378883309986521e-09,-5.929541653181015e-09
darcy_taylor_hood_p2p1,y,tangential,1.96084e-05,1.96084e-05,0.00036505,1.1097327048742145e-08,-1.0388664719306741e-08,-1.0388664719306741e-08,1.1097327048742145e-08
darcy_taylor_hood_p2p1,y,tangential,2.20073e-05,2.20073e-05,0.00036505,1.7410067250828968e-07,4.486272328247646e-08,4.486272328247646e-08,1.7410067250828968e-07
darcy_taylor_hood_p2p1,y,tangential,2.44062e-05,2.44062e-05,0.00036505,4.4829768240136293e-07,1.824909250937403e-07,1.824909250937403e-07,4.4829768240136293e-07
darcy_taylor_hood_p2p1,y,tangential,2.6805100000000002e-05,2.6805100000000002e-05,0.00036505,6.687841572227928e-07,3.1406908027942474e-07,3.1406908027942474e-07,6.687841572227928e-07
darcy_taylor_hood_p2p1,y,tangential,2.9204e-05,2.9204e-05,0.00036505,8.35560096972579e-07,4.3959718883952925e-07,4.3959718883952925e-07,8.35560096972579e-07
darcy_taylor_hood_p2p1,y,tangential,3.1602899999999995e-05,3.1602899999999995e-05,0.00036505,9.771221520173811e-07,5.569969612726696e-07,5.569969612726696e-07,9.771221520173811e-07
darcy_taylor_hood_p2p1,y,tangential,3.4001800000000004e-05,3.4001800000000004e-05,0.00036505,1.2619858229106142e-06,6.612894515011168e-07,6.612894515011168e-07,1.2619858229106142e-06
darcy_taylor_hood_p2p1,y,tangential,3.64007e-05,3.64007e-05,0.00036505,1.50558458039429e-06,7.715591749931648e-07,7.715591749931648e-07,1.50558458039429e-06
darcy_taylor_hood_p2p1,y,tangential,3.8799599999999994e-05,3.8799599999999994e-05,0.00036505,1.70791842446841e-06,8.878061317488142e-07,8.878061317488142e-07,1.70791842446841e-06
darcy_taylor_hood_p2p1,y,tangential,4.11985e-05,4.11985e-05,0.00036505,1.8689873551329753e-06,1.0100303217680656e-06,1.0100303217680656e-06,1.8689873551329753e-06
darcy_taylor_hood_p2p1,y,tangential,4.35974e-05,4.35974e-05,0.00036505,2.150706327669646e-06,1.0627025577391888e-06,1.0627025577391888e-06,2.150706327669646e-06
darcy_taylor_hood_p2p1,y,tangential,4.5996300000000005e-05,4.5996300000000005e-05,0.00036505,2.4293045585697804e-06,1.0746557871430125e-06,1.0746557871430125e-06,2.4293045585697804e-06
darcy_taylor_hood_p2p1,y,tangential,4.83952e-05,4.83952e-05,0.00036505,2.6589724756718437e-06,1.0637342532002904e-06,1.0637342532002904e-06,2.6589724756718437e-06
darcy_taylor_hood_p2p1,y,tangential,5.0794099999999995e-05,5.0794099999999995e-05,0.00036505,2.839710078975837e-06,1.0299379559110231e-06,1.0299379559110231e-06,2.839710078975837e-06
darcy_taylor_hood_p2p1,y,tangential,5.3193000000000004e-05,5.3193000000000004e-05,0.00036505,3.033784982940277e-06,9.477999780895244e-07,9.477999780895244e-07,3.033784982940277e-06
darcy_taylor_hood_p2p1,y,tangential,5.55919e-05,5.55919e-05,0.00036505,3.281246266264192e-06,8.435747146631425e-07,8.435747146631425e-07,3.281246266264192e-06
darcy_taylor_hood_p2p1,y,tangential,5.7990799999999994e-05,5.7990799999999994e-05,0.00036505,3.5095640400514922e-06,7.637215249756832e-07,7.637215249756832e-07,3.5095640400514922e-06
darcy_taylor_hood_p2p1,y,tangential,6.03897e-05,6.03897e-05,0.00036505,3.718738304302178e-06,7.082404090271458e-07,7.082404090271458e-07,3.718738304302178e-06
darcy_taylor_hood_p2p1,y,tangential,6.27886e-05,6.27886e-05,0.00036505,3.917655506969218e-06,6.590785700030976e-07,6.590785700030976e-07,3.917655506969218e-06
darcy_taylor_hood_p2p1,y,tangential,6.51875e-05,6.51875e-05,0.00036505,4.194455917260865e-06,4.469526869780543e-07,4.469526869780543e-07,4.194455917260865e-06
darcy_taylor_hood_p2p1,y,tangential,6.75864e-05,6.75864e-05,0.00036505,4.45895580314114e-06,2.632804555053429e-07,2.632804555053429e-07,4.45895580314114e-06
darcy_taylor_hood_p2p1,y,tangential,6.99853e-05,6.99853e-05,0.00036505,4.711155164610046e-06,1.0806187558496246e-07,1.0806187558496246e-07,4.711155164610046e-06
darcy_taylor_hood_p2p1,y,tangential,7.238419999999999e-05,7.238419999999999e-05,0.00036505,4.951054001667584e-06,-1.870305278308721e-08,-1.870305278308721e-08,4.951054001667584e-06
darcy_taylor_hood_p2p1,y,tangential,7.47831e-05,7.47831e-05,0.00036505,5.26498001663272e-06,-2.3045645823510408e-07,-2.3045645823510408e-07,5.26498001663272e-06
darcy_taylor_hood_p2p1,y,tangential,7.7182e-05,7.7182e-05,0.00036505,5.599163996750108e-06,-5.161166590754465e-07,-5.161166590754465e-07,5.599163996750108e-06
darcy_taylor_hood_p2p1,y,tangential,7.95809e-05,7.95809e-05,0.00036505,5.923450824513066e-06,-8.449935642516592e-07,-8.449935642516592e-07,5.923450824513066e-06
darcy_taylor_hood_p2p1,y,tangential,8.19798e-05,8.19798e-05,0.00036505,6.237840499921592e-06,-1.217087173763738e-06,-1.217087173763738e-06,6.237840499921592e-06
darcy_taylor_hood_p2p1,y,tangential,8.437869999999999e-05,8.437869999999999e-05,0.00036505,6.600849180216504e-06,-1.4481984896797646e-06,-1.4481984896797646e-06,6.600849180216504e-06
darcy_taylor_hood_p2p1,y,tangential,8.67776e-05,8.67776e-05,0.00036505,6.987923813587359e-06,-1.6247003853425131e-06,-1.6247003853425131e-06,6.987923813587359e-06
darcy_taylor_hood_p2p1,y,tangential,8.91765e-05,8.91765e-05,0.00036505,7.283074629274228e-06,-2.1156833571753354e-06,-2.1156833571753354e-06,7.283074629274228e-06
darcy_taylor_hood_p2p1,y,tangential,9.15754e-05,9.15754e-05,0.00036505,7.486301627277114e-06,-2.9211474051782363e-06,-2.9211474051782363e-06,7.486301627277114e-06
darcy_taylor_hood_p2p1,y,tangential,9.39743e-05,9.39743e-05,0.00036505,7.615578260477742e-06,-3.947203490457882e-06,-3.947203490457882e-06,7.615578260477742e-06
darcy_taylor_hood_p2p1,y,tangential,9.63732e-05,9.63732e-05,0.00036505,7.932765914656567e-06,-3.4812780843419016e-06,-3.4812780843419016e-06,7.932765914656567e-06
darcy_taylor_hood_p2p1,y,tangential,9.87721e-05,9.87721e-05,0.00036505,7.936499262074545e-06,-3.826434973230141e-06,-3.826434973230141e-06,7.936499262074545e-06
darcy_taylor_hood_p2p1,y,tangential,0.000101171,0.000101171,0.00036505,7.626778302731673e-06,-4.982674157122596e-06,-4.982674157122596e-06,7.626778302731673e-06
darcy_taylor_hood_p2p1,y,tangential,0.00010356989999999999,0.00010356989999999999,0.00036505,7.003603036627955e-06,-6.949995636019268e-06,-6.949995636019268e-06,7.003603036627955e-06
darcy_taylor_hood_p2p1,y,tangential,0.0001059688,0.0001059688,0.00036505,7.040365335000726e-06,-6.900514351893493e-06,-6.900514351893493e-06,7.040365335000726e-06
darcy_taylor_hood_p2p1,y,tangential,0.0001083677,0.0001083677,0.00036505,6.7885300152881085e-06,-6.7050682533606034e-06,-6.7050682533606034e-06,6.7885300152881085e-06
darcy_taylor_hood_p2p1,y,tangential,0.00011076659999999999,0.00011076659999999999,0.00036505,5.750263370107454e-06,-7.651140853931063e-06,-7.651140853931063e-06,5.750263370107454e-06
darcy_taylor_hood_p2p1,y,tangential,0.0001131655,0.0001131655,0.00036505,3.92556539945875e-06,-9.738732153604883e-06,-9.738732153604883e-06,3.92556539945875e-06
darcy_taylor_hood_p2p1,y,tangential,0.0001155644,0.0001155644,0.00036505,2.0490937842606734e-06,-1.3066002801337607e-05,-1.3066002801337607e-05,2.0490937842606734e-06
darcy_taylor_hood_p2p1,y,tangential,0.0001179633,0.0001179633,0.00036505,1.3689897652449708e-06,-1.4741051934663057e-05,-1.4741051934663057e-05,1.3689897652449708e-06
darcy_taylor_hood_p2p1,y,tangential,0.0001203622,0.0001203622,0.00036505,8.006649180736465e-07,-1.3138961515675443e-05,-1.3138961515675443e-05,8.006649180736465e-07
darcy_taylor_hood_p2p1,y,tangential,0.0001227611,0.0001227611,0.00036505,3.441192427467e-07,-8.259731544374775e-06,-8.259731544374775e-06,3.441192427467e-07
darcy_taylor_hood_p2p1,y,tangential,0.00012516,0.00012516,0.00036505,-6.472607358755947e-10,-1.033620207610025e-07,-1.033620207610025e-07,-6.472607358755947e-10
darcy_taylor_hood_p2p1,y,tangential,0.0001275589,0.0001275589,0.00036505,-6.985725869806772e-09,-7.154674099224994e-08,-7.154674099224994e-08,-6.985725869806772e-09
darcy_taylor_hood_p2p1,y,tangential,0.00012995780000000002,0.00012995780000000002,0.00036505,-9.225589221633573e-09,-4.5622419071773364e-08,-4.5622419071773364e-08,-9.225589221633573e-09
darcy_taylor_hood_p2p1,y,tangential,0.0001323567,0.0001323567,0.00036505,-7.36685079135888e-09,-2.5589054999563698e-08,-2.5589054999563698e-08,-7.36685079135888e-09
darcy_taylor_hood_p2p1,y,tangential,0.0001347556,0.0001347556,0.00036505,-1.4095105789826544e-09,-1.1446648775620536e-08,-1.1446648775620536e-08,-1.4095105789826544e-09
darcy_taylor_hood_p2p1,y,tangential,0.00013715450000000002,0.00013715450000000002,0.00036505,-1.5307420397893248e-09,-4.420633135470168e-09,-4.420633135470168e-09,-1.5307420397893248e-09
darcy_taylor_hood_p2p1,y,tangential,0.0001395534,0.0001395534,0.00036505,-4.3709547593073845e-09,-6.52951029591654e-10,-6.52951029591654e-10,-4.3709547593073845e-09
darcy_taylor_hood_p2p1,y,tangential,0.0001419523,0.0001419523,0.00036505,-4.794903357454359e-09,1.201790812809779e-09,1.201790812809779e-09,-4.794903357454359e-09
darcy_taylor_hood_p2p1,y,tangential,0.00014435120000000001,0.00014435120000000001,0.00036505,-2.802587834230203e-09,1.14359239173408e-09,1.14359239173408e-09,-2.802587834230203e-09
darcy_taylor_hood_p2p1,y,tangential,0.00014675010000000002,0.00014675010000000002,0.00036505,5.726047429856039e-12,-1.98233498723336e-11,-1.98233498723336e-11,5.726047429856039e-12
darcy_taylor_hood_p2p1,y,tangential,0.000149149,0.000149149,0.00036505,-1.8925259052383974e-13,-8.389822134455519e-12,-8.389822134455519e-12,-1.8925259052383974e-13
darcy_taylor_hood_p2p1,y,tangential,0.0001515479,0.0001515479,0.00036505,-1.3796791554141523e-12,-6.162540921628205e-12,-6.162540921628205e-12,-1.3796791554141523e-12
darcy_taylor_hood_p2p1,y,tangential,0.00015394680000000002,0.00015394680000000002,0.00036505,2.1547677351851977e-12,-1.3141506233851848e-11,-1.3141506233851848e-11,2.1547677351851977e-12
darcy_taylor_hood_p2p1,y,tangential,0.0001563457,0.0001563457,0.00036505,1.0414088081274084e-11,-2.93267180711262e-11,-2.93267180711262e-11,1.0414088081274084e-11
darcy_taylor_hood_p2p1,y,tangential,0.0001587446,0.0001587446,0.00036505,2.476583490331398e-08,-4.799916870508013e-08,-4.799916870508013e-08,2.476583490331398e-08
darcy_taylor_hood_p2p1,y,tangential,0.00016114350000000002,0.00016114350000000002,0.00036505,3.6769061712121834e-08,-7.218927205790507e-08,-7.218927205790507e-08,3.6769061712121834e-08
darcy_taylor_hood_p2p1,y,tangential,0.0001635424,0.0001635424,0.00036505,3.458695885799642e-08,-6.98432716132191e-08,-6.98432716132191e-08,3.458695885799642e-08
darcy_taylor_hood_p2p1,y,tangential,0.0001659413,0.0001659413,0.00036505,1.8219526340937718e-08,-4.096116737102215e-08,-4.096116737102215e-08,1.8219526340937718e-08
darcy_taylor_hood_p2p1,y,tangential,0.00016834020000000002,0.00016834020000000002,0.00036505,1.677452377634305e-05,-2.1459197693676645e-06,-2.1459197693676645e-06,1.677452377634305e-05
darcy_taylor_hood_p2p1,y,tangential,0.0001707391,0.0001707391,0.00036505,3.551982830590389e-05,-6.619862259297245e-06,-6.619862259297245e-06,3.551982830590389e-05
darcy_taylor_hood_p2p1,y,tangential,0.000173138,0.000173138,0.00036505,4.3324871693631726e-05,-1.2318849485814351e-05,-1.2318849485814351e-05,4.3324871693631726e-05
darcy_taylor_hood_p2p1,y,tangential,0.00017553690000000002,0.00017553690000000002,0.00036505,4.01896539395263e-05,-1.9242881448918947e-05,-1.9242881448918947e-05,4.01896539395263e-05
darcy_taylor_hood_p2p1,y,tangential,0.00017793580000000003,0.00017793580000000003,0.00036505,3.142701000338559e-05,-2.503903690304269e-05,-2.503903690304269e-05,3.142701000338559e-05
darcy_taylor_hood_p2p1,y,tangential,0.0001803347,0.0001803347,0.00036505,3.2015721901531525e-05,-2.4494621877536235e-05,-2.4494621877536235e-05,3.2015721901531525e-05
darcy_taylor_hood_p2p1,y,tangential,0.00018273360000000002,0.00018273360000000002,0.00036505,2.9973651662714234e-05,-2.3749243625158627e-05,-2.3749243625158627e-05,2.9973651662714234e-05
darcy_taylor_hood_p2p1,y,tangential,0.00018513250000000002,0.00018513250000000002,0.00036505,2.530079928693372e-05,-2.2802902145909872e-05,-2.2802902145909872e-05,2.530079928693372e-05
darcy_taylor_hood_p2p1,y,tangential,0.0001875314,0.0001875314,0.00036505,1.799716477419008e-05,-2.1655597439789987e-05,-2.1655597439789987e-05,1.799716477419008e-05
darcy_taylor_hood_p2p1,y,tangential,0.0001899303,0.0001899303,0.00036505,1.3775518743971314e-05,-2.8763509696361617e-05,-2.8763509696361617e-05,1.3775518743971314e-05
darcy_taylor_hood_p2p1,y,tangential,0.00019232920000000002,0.00019232920000000002,0.00036505,1.151686453196073e-05,-3.2996057959369096e-05,-3.2996057959369096e-05,1.151686453196073e-05
darcy_taylor_hood_p2p1,y,tangential,0.0001947281,0.0001947281,0.00036505,1.0861206044137017e-05,-3.338972122270769e-05,-3.338972122270769e-05,1.0861206044137017e-05
darcy_taylor_hood_p2p1,y,tangential,0.000197127,0.000197127,0.00036505,1.1808543280500156e-05,-2.9944499486377416e-05,-2.9944499486377416e-05,1.1808543280500156e-05
darcy_taylor_hood_p2p1,y,tangential,0.00019952590000000002,0.00019952590000000002,0.00036505,1.1671480013848142e-05,-3.1906755283253355e-05,-3.1906755283253355e-05,1.1671480013848142e-05
darcy_taylor_hood_p2p1,y,tangential,0.0002019248,0.0002019248,0.00036505,1.0140156470249016e-05,-3.619744131711445e-05,-3.619744131711445e-05,1.0140156470249016e-05
darcy_taylor_hood_p2p1,y,tangential,0.0002043237,0.0002043237,0.00036505,9.023459368432409e-06,-3.544139565557319e-05,-3.544139565557319e-05,9.023459368432409e-06
darcy_taylor_hood_p2p1,y,tangential,0.00020672260000000002,0.00020672260000000002,0.00036505,8.321388708398342e-06,-2.9638618298629492e-05,-2.9638618298629492e-05,8.321388708398342e-06
darcy_taylor_hood_p2p1,y,tangential,0.0002091215,0.0002091215,0.00036505,1.1567704061781679e-05,-2.5766766164795107e-05,-2.5766766164795107e-05,1.1567704061781679e-05
darcy_taylor_hood_p2p1,y,tangential,0.0002115204,0.0002115204,0.00036505,2.2394545864229847e-05,-3.7909096947213765e-05,-3.7909096947213765e-05,2.2394545864229847e-05
darcy_taylor_hood_p2p1,y,tangential,0.00021391930000000002,0.00021391930000000002,0.00036505,2.4508900368183513e-05,-3.833691340675266e-05,-3.833691340675266e-05,2.4508900368183513e-05
darcy_taylor_hood_p2p1,y,tangential,0.0002163182,0.0002163182,0.00036505,1.7910767573642802e-05,-2.7050215543411983e-05,-2.7050215543411983e-05,1.7910767573642802e-05
darcy_taylor_hood_p2p1,y,tangential,0.0002187171,0.0002187171,0.00036505,2.6001474806075655e-06,-4.049003357191485e-06,-4.049003357191485e-06,2.6001474806075655e-06
darcy_taylor_hood_p2p1,y,tangential,0.00022111600000000002,0.00022111600000000002,0.00036505,-7.976558841239775e-08,-2.2360119991756027e-07,-2.2360119991756027e-07,-7.976558841239775e-08
darcy_taylor_hood_p2p1,y,tangential,0.00022351490000000002,0.00022351490000000002,0.00036505,-9.696339643831301e-08,-2.2322537859762035e-07,-2.2322537859762035e-07,-9.696339643831301e-08
darcy_taylor_hood_p2p1,y,tangential,0.0002259138,0.0002259138,0.00036505,-8.266531897824541e-08,-1.7521040367136437e-07,-1.7521040367136437e-07,-8.266531897824541e-08
darcy_taylor_hood_p2p1,y,tangential,0.00022831270000000001,0.00022831270000000001,0.00036505,-3.6871356032198304e-08,-7.955627513878552e-08,-7.955627513878552e-08,-3.6871356032198304e-08
darcy_taylor_hood_p2p1,y,tangential,0.00023071160000000002,0.00023071160000000002,0.00036505,-1.4952590609138427e-08,1.3638757091811784e-09,1.3638757091811784e-09,-1.4952590609138427e-08
darcy_taylor_hood_p2p1,y,tangential,0.0002331105,0.0002331105,0.00036505,-3.0833832874752944e-08,2.3275266919285854e-08,2.3275266919285854e-08,-3.0833832874752944e-08
darcy_taylor_hood_p2p1,y,tangential,0.0002355094,0.0002355094,0.00036505,-3.958482067790377e-08,2.7804755360548542e-08,2.7804755360548542e-08,-3.958482067790377e-08
darcy_taylor_hood_p2p1,y,tangential,0.00023790830000000002,0.00023790830000000002,0.00036505,-4.1205554018589066e-08,1.4952341032967713e-08,1.4952341032967713e-08,-4.1205554018589066e-08
darcy_taylor_hood_p2p1,y,tangential,0.0002403072,0.0002403072,0.00036505,-3.407400527774044e-08,-4.2604842370877945e-09,-4.2604842370877945e-09,-3.407400527774044e-08
darcy_taylor_hood_p2p1,y,tangential,0.0002427061,0.0002427061,0.00036505,-2.5343533425060372e-08,1.207595961461947e-08,1.207595961461947e-08,-2.5343533425060372e-08
darcy_taylor_hood_p2p1,y,tangential,0.000245105,0.000245105,0.00036505,-3.2032965513468175e-08,1.20170911755112e-08,1.20170911755112e-08,-3.2032965513468175e-08
darcy_taylor_hood_p2p1,y,tangential,0.0002475039,0.0002475039,0.00036505,-5.41423015429623e-08,-4.437089554412529e-09,-4.437089554412529e-09,-5.41423015429623e-08
darcy_taylor_hood_p2p1,y,tangential,0.0002499028,0.0002499028,0.00036505,-9.167154151354499e-08,-3.728658257515151e-08,-3.728658257515151e-08,-9.167154151354499e-08
darcy_taylor_hood_p2p1,y,tangential,0.0002523017,0.0002523017,0.00036505,-9.626622774018435e-08,2.1515823741326847e-08,2.1515823741326847e-08,-9.626622774018435e-08
darcy_taylor_hood_p2p1,y,tangential,0.0002547006,0.0002547006,0.00036505,-8.304030344305052e-08,4.928815186654589e-08,4.928815186654589e-08,-8.304030344305052e-08
darcy_taylor_hood_p2p1,y,tangential,0.0002570995,0.0002570995,0.00036505,-5.997740410424341e-08,1.972347304362142e-08,1.972347304362142e-08,-5.997740410424341e-08
darcy_taylor_hood_p2p1,y,tangential,0.00025949839999999996,0.00025949839999999996,0.00036505,-2.7077529723763883e-08,-6.71782127274439e-08,-6.71782127274439e-08,-2.7077529723763883e-08
darcy_taylor_hood_p2p1,y,tangential,0.00026189729999999997,0.00026189729999999997,0.00036505,5.372727644584026e-09,-1.484447944525398e-07,-1.484447944525398e-07,5.372727644584026e-09
darcy_taylor_hood_p2p1,y,tangential,0.0002642962,0.0002642962,0.00036505,2.1296724229063606e-08,-1.6190194093675556e-07,-1.6190194093675556e-07,2.1296724229063606e-08
darcy_taylor_hood_p2p1,y,tangential,0.0002666951,0.0002666951,0.00036505,2.657213833108964e-08,-1.5632311447902467e-07,-1.5632311447902467e-07,2.657213833108964e-08
darcy_taylor_hood_p2p1,y,tangential,0.000269094,0.000269094,0.00036505,2.1198969950662128e-08,-1.3170831507934706e-07,-1.3170831507934706e-07,2.1198969950662128e-08
darcy_taylor_hood_p2p1,y,tangential,0.0002714929,0.0002714929,0.00036505,8.161188407334197e-08,-1.192431132437563e-07,-1.192431132437563e-07,8.161188407334197e-08
darcy_taylor_hood_p2p1,y,tangential,0.00027389179999999996,0.00027389179999999996,0.00036505,5.090270174058569e-07,-2.3763591117737576e-07,-2.3763591117737576e-07,5.090270174058569e-07
darcy_taylor_hood_p2p1,y,tangential,0.00027629069999999997,0.00027629069999999997,0.00036505,6.924079124459252e-07,-2.3435995884326963e-07,-2.3435995884326963e-07,6.924079124459252e-07
darcy_taylor_hood_p2p1,y,tangential,0.0002786896,0.0002786896,0.00036505,6.317545691935347e-07,-1.0941525624143396e-07,-1.0941525624143396e-07,6.317545691935347e-07
darcy_taylor_hood_p2p1,y,tangential,0.0002810885,0.0002810885,0.00036505,3.2706698764868526e-07,1.371981966281312e-07,1.371981966281312e-07,3.2706698764868526e-07
darcy_taylor_hood_p2p1,y,tangential,0.0002834874,0.0002834874,0.00036505,0.003016889402048302,0.0001462276712249167,0.0001462276712249167,0.003016889402048302
darcy_taylor_hood_p2p1,y,tangential,0.0002858863,0.0002858863,0.00036505,0.005163998115876212,0.0004631131615365779,0.0004631131615365779,0.005163998115876212
darcy_taylor_hood_p2p1,y,tangential,0.0002882852,0.0002882852,0.00036505,0.005395359975528269,0.0009261927172050461,0.0009261927172050461,0.005395359975528269
darcy_taylor_hood_p2p1,y,tangential,0.00029068409999999996,0.00029068409999999996,0.00036505,0.003710974981004529,0.001535466338230305,0.001535466338230305,0.003710974981004529
darcy_taylor_hood_p2p1,y,tangential,0.00029308299999999997,0.00029308299999999997,0.00036505,0.0026781204736278765,0.0026424684242725796,0.0026424684242725796,0.0026781204736278765
darcy_taylor_hood_p2p1,y,tangential,0.0002954819,0.0002954819,0.00036505,0.0036339653238930385,0.003495703639405933,0.003495703639405933,0.0036339653238930385
darcy_taylor_hood_p2p1,y,tangential,0.0002978808,0.0002978808,0.00036505,0.003464406978542581,0.00330058867238377,0.00330058867238377,0.003464406978542581
darcy_taylor_hood_p2p1,y,tangential,0.0003002797,0.0003002797,0.00036505,0.002169445437576505,0.0020571235232060914,0.0020571235232060914,0.002169445437576505
darcy_taylor_hood_p2p1,y,tangential,0.0003026786,0.0003026786,0.00036505,3.979327258297235e-06,6.127087469606537e-06,6.127087469606537e-06,3.979327258297235e-06
darcy_taylor_hood_p2p1,y,tangential,0.00030507749999999996,0.00030507749999999996,0.00036505,1.6564071175197778e-06,5.03627002355281e-06,5.03627002355281e-06,1.6564071175197778e-06
darcy_taylor_hood_p2p1,y,tangential,0.00030747639999999997,0.00030747639999999997,0.00036505,2.141818101204941e-07,3.7648803144530814e-06,3.7648803144530814e-06,2.141818101204941e-07
darcy_taylor_hood_p2p1,y,tangential,0.0003098753,0.0003098753,0.00036505,-3.473486639005515e-07,2.312918342307376e-06,2.312918342307376e-06,-3.473486639005515e-07
darcy_taylor_hood_p2p1,y,tangential,0.0003122742,0.0003122742,0.00036505,-2.818430454336028e-08,6.803841071156914e-07,6.803841071156914e-07,-2.818430454336028e-08
darcy_taylor_hood_p2p1,y,tangential,0.0003146731,0.0003146731,0.00036505,8.746653334021126e-08,1.3666909892568194e-07,1.3666909892568194e-07,8.746653334021126e-08
darcy_taylor_hood_p2p1,y,tangential,0.000317072,0.000317072,0.00036505,1.5162100752650768e-08,6.11858448223657e-08,6.11858448223657e-08,1.5162100752650768e-08
darcy_taylor_hood_p2p1,y,tangential,0.0003194709,0.0003194709,0.00036505,3.4665920262337256e-08,3.603134259154693e-08,3.603134259154693e-08,3.4665920262337256e-08
darcy_taylor_hood_p2p1,y,tangential,0.00032186979999999997,0.00032186979999999997,0.00036505,1.4597799186926722e-07,6.120559223322454e-08,6.120559223322454e-08,1.4597799186926722e-07
darcy_taylor_hood_p2p1,y,tangential,0.0003242687,0.0003242687,0.00036505,4.7680452372835794e-06,1.986189069613084e-06,1.986189069613084e-06,4.7680452372835794e-06
darcy_taylor_hood_p2p1,y,tangential,0.0003266676,0.0003266676,0.00036505,1.248177101033868e-05,5.169378177456641e-06,5.169378177456641e-06,1.248177101033868e-05
darcy_taylor_hood_p2p1,y,tangential,0.0003290665,0.0003290665,0.00036505,1.4718333495538673e-05,6.003575208281258e-06,6.003575208281258e-06,1.4718333495538673e-05
darcy_taylor_hood_p2p1,y,tangential,0.0003314654,0.0003314654,0.00036505,1.1477732692883555e-05,4.488780162086935e-06,4.488780162086935e-06,1.1477732692883555e-05
darcy_taylor_hood_p2p1,y,tangential,0.0003338643,0.0003338643,0.00036505,3.2445910560207963e-06,8.239001403929672e-07,8.239001403929672e-07,3.2445910560207963e-06
darcy_taylor_hood_p2p1,y,tangential,0.00033626319999999996,0.00033626319999999996,0.00036505,2.9784161274281035e-06,4.710423458547765e-07,4.710423458547765e-07,2.9784161274281035e-06
darcy_taylor_hood_p2p1,y,tangential,0.00033866209999999997,0.00033866209999999997,0.00036505,2.568080274756185e-06,2.3222044323732764e-07,2.3222044323732764e-07,2.568080274756185e-06
darcy_taylor_hood_p2p1,y,tangential,0.000341061,0.000341061,0.00036505,2.0135834980050468e-06,1.0743443254062976e-07,1.0743443254062976e-07,2.0135834980050468e-06
darcy_taylor_hood_p2p1,y,tangential,0.0003434599,0.0003434599,0.00036505,1.3149257971746876e-06,9.668431376468293e-08,9.668431376468293e-08,1.3149257971746876e-06
darcy_taylor_hood_p2p1,y,tangential,0.0003458588,0.0003458588,0.00036505,6.922971297107966e-07,7.041118602642303e-08,7.041118602642303e-08,6.922971297107966e-07
darcy_taylor_hood_p2p1,y,tangential,0.0003482577,0.0003482577,0.00036505,3.5292297430495436e-07,2.2258479011371477e-08,2.2258479011371477e-08,3.5292297430495436e-07
darcy_taylor_hood_p2p1,y,tangential,0.0003506566,0.0003506566,0.00036505,2.598952581203924e-07,-5.313176975624211e-09,-5.313176975624211e-09,2.598952581203924e-07
darcy_taylor_hood_p2p1,y,tangential,0.00035305549999999997,0.00035305549999999997,0.00036505,4.1321398115710436e-07,-1.2303781934564154e-08,-1.2303781934564154e-08,4.1321398115710436e-07
darcy_taylor_hood_p2p1,y,tangential,0.0003554544,0.0003554544,0.00036505,1.5300265436117429e-06,-9.925797043637514e-07,-9.925797043637514e-07,1.5300265436117429e-06
darcy_taylor_hood_p2p1,y,tangential,0.0003578533,0.0003578533,0.00036505,3.2851562019154497e-06,-2.889815215014373e-06,-2.889815215014373e-06,3.2851562019154497e-06
darcy_taylor_hood_p2p1,y,tangential,0.0003602522,0.0003602522,0.00036505,3.872977039373286e-06,-3.3924662914917216e-06,-3.3924662914917216e-06,3.872977039373286e-06
darcy_taylor_hood_p2p1,y,tangential,0.0003626511,0.0003626511,0.00036505,3.2934890559852587e-06,-2.500532933795806e-06,-2.500532933795806e-06,3.2934890559852587e-06
darcy_taylor_hood_p2p1,y,tangential,0.00036505,0.00036505,0.00036505,1.5466922517514448e-06,-2.1401514192679834e-07,-2.1401514192679834e-07,1.5466922517514448e-06
darcy_taylor_hood_p2p1,y,tangential,0.00036744889999999996,0.00036744889999999996,0.00036505,0.0009572545881463215,6.27618914696718e-05,6.27618914696718e-05,0.0009572545881463215
darcy_taylor_hood_p2p1,y,tangential,0.00036984779999999997,0.00036984779999999997,0.00036505,0.0014008013595868147,9.335311394337786e-05,9.335311394337786e-05,0.0014008013595868147
darcy_taylor_hood_p2p1,y,tangential,0.0003722467,0.0003722467,0.00036505,0.0013321870065731987,9.155965227918948e-05,9.155965227918948e-05,0.0013321870065731987
darcy_taylor_hood_p2p1,y,tangential,0.0003746456,0.0003746456,0.00036505,0.0007514115291054767,5.738150647710688e-05,5.738150647710688e-05,0.0007514115291054767
darcy_taylor_hood_p2p1,y,tangential,0.0003770445,0.0003770445,0.00036505,0.0005193349035261098,-7.3636851267247705e-06,-7.3636851267247705e-06,0.0005193349035261098
darcy_taylor_hood_p2p1,y,tangential,0.0003794434,0.0003794434,0.00036505,0.0005752271898793531,-5.27661246020268e-05,-5.27661246020268e-05,0.0005752271898793531
darcy_taylor_hood_p2p1,y,tangential,0.00038184229999999996,0.00038184229999999996,0.00036505,0.0005317535339062528,-6.910931818692209e-05,-6.910931818692209e-05,0.0005317535339062528
darcy_taylor_hood_p2p1,y,tangential,0.00038424119999999997,0.00038424119999999997,0.00036505,0.0003889139356068069,-5.639326588141139e-05,-5.639326588141139e-05,0.0003889139356068069
darcy_taylor_hood_p2p1,y,tangential,0.0003866401,0.0003866401,0.00036505,0.00020532379914661364,-6.559513075176597e-05,-6.559513075176597e-05,0.00020532379914661364
darcy_taylor_hood_p2p1,y,tangential,0.000389039,0.000389039,0.00036505,0.00013478169392746589,-0.0001407865653446029,-0.0001407865653446029,0.00013478169392746589
darcy_taylor_hood_p2p1,y,tangential,0.0003914379,0.0003914379,0.00036505,8.514203696681118e-05,-0.0001539974521926216,-0.0001539974521926216,8.514203696681118e-05
darcy_taylor_hood_p2p1,y,tangential,0.0003938368,0.0003938368,0.00036505,5.640482826464964e-05,-0.00010522779129582205,-0.00010522779129582205,5.640482826464964e-05
darcy_taylor_hood_p2p1,y,tangential,0.0003962357,0.0003962357,0.00036505,4.857006782098121e-05,5.522417345795813e-06,5.522417345795813e-06,4.857006782098121e-05
darcy_taylor_hood_p2p1,y,tangential,0.00039863459999999997,0.00039863459999999997,0.00036505,-4.1560700597452965e-05,-2.885723028774822e-05,-2.885723028774822e-05,-4.1560700597452965e-05
darcy_taylor_hood_p2p1,y,tangential,0.0004010335,0.0004010335,0.00036505,-8.794662826403478e-05,-4.838844666885915e-05,-4.838844666885915e-05,-8.794662826403478e-05
darcy_taylor_hood_p2p1,y,tangential,0.0004034324,0.0004034324,0.00036505,-8.528502667211097e-05,-4.449530046209589e-05,-4.449530046209589e-05,-8.528502667211097e-05
darcy_taylor_hood_p2p1,y,tangential,0.0004058313,0.0004058313,0.00036505,-3.3575895821681574e-05,-1.7177791667458434e-05,-1.7177791667458434e-05,-3.3575895821681574e-05
darcy_taylor_hood_p2p1,y,tangential,0.0004082302,0.0004082302,0.00036505,-5.034785684705747e-08,-6.442391665038722e-08,-6.442391665038722e-08,-5.034785684705747e-08
darcy_taylor_hood_p2p1,y,tangential,0.0004106291,0.0004106291,0.00036505,-9.97389287692648e-08,-2.1722105002126276e-08,-2.1722105002126276e-08,-9.97389287692648e-08
darcy_taylor_hood_p2p1,y,tangential,0.00041302799999999996,0.00041302799999999996,0.00036505,-8.845239178423188e-08,-2.2993357767106545e-08,-2.2993357767106545e-08,-8.845239178423188e-08
darcy_taylor_hood_p2p1,y,tangential,0.00041542689999999997,0.00041542689999999997,0.00036505,-1.648824589195886e-08,-6.823767494532861e-08,-6.823767494532861e-08,-1.648824589195886e-08
darcy_taylor_hood_p2p1,y,tangential,0.0004178258,0.0004178258,0.00036505,7.108096502841739e-08,-1.2553582336645969e-07,-1.2553582336645969e-07,7.108096502841739e-08
darcy_taylor_hood_p2p1,y,tangential,0.0004202247,0.0004202247,0.00036505,5.47950835195131e-08,-1.066910204650226e-07,-1.066910204650226e-07,5.47950835195131e-08
darcy_taylor_hood_p2p1,y,tangential,0.0004226236,0.0004226236,0.00036505,4.077131519720515e-08,-8.474353482807561e-08,-8.474353482807561e-08,4.077131519720515e-08
darcy_taylor_hood_p2p1,y,tangential,0.0004250225,0.0004250225,0.00036505,2.9009660061493626e-08,-5.969336645561869e-08,-5.969336645561869e-08,2.9009660061493626e-08
darcy_taylor_hood_p2p1,y,tangential,0.00042742139999999996,0.00042742139999999996,0.00036505,1.9510118112378527e-08,-3.154051534765284e-08,-3.154051534765284e-08,1.9510118112378527e-08
darcy_taylor_hood_p2p1,y,tangential,0.00042982029999999997,0.00042982029999999997,0.00036505,7.331068674607323e-09,-9.872948819912703e-09,-9.872948819912703e-09,7.331068674607323e-09
darcy_taylor_hood_p2p1,y,tangential,0.0004322192,0.0004322192,0.00036505,8.328077873158905e-10,7.543215010272305e-10,7.543215010272305e-10,8.328077873158905e-10
darcy_taylor_hood_p2p1,y,tangential,0.0004346181,0.0004346181,0.00036505,6.627526230222578e-10,6.530790323430532e-10,6.530790323430532e-10,6.627526230222578e-10
darcy_taylor_hood_p2p1,y,tangential,0.000437017,0.000437017,0.00036505,6.820903181726422e-09,-1.0176676225965231e-08,-1.0176676225965231e-08,6.820903181726422e-09
darcy_taylor_hood_p2p1,y,tangential,0.0004394159,0.0004394159,0.00036505,4.1765176324534344e-07,-2.367082690068831e-07,-2.367082690068831e-07,4.1765176324534344e-07
darcy_taylor_hood_p2p1,y,tangential,0.0004418148,0.0004418148,0.00036505,8.766900262229107e-07,-4.302595194964124e-07,-4.302595194964124e-07,8.766900262229107e-07
darcy_taylor_hood_p2p1,y,tangential,0.00044421369999999996,0.00044421369999999996,0.00036505,1.0040336064202757e-06,-3.7721957184475243e-07,-3.7721957184475243e-07,1.0040336064202757e-06
darcy_taylor_hood_p2p1,y,tangential,0.0004466126,0.0004466126,0.00036505,7.996825038374443e-07,-7.758842605190089e-08,-7.758842605190089e-08,7.996825038374443e-07
darcy_taylor_hood_p2p1,y,tangential,0.0004490115,0.0004490115,0.00036505,0.00027570488059034846,-1.787501216314866e-05,-1.787501216314866e-05,0.00027570488059034846
darcy_taylor_hood_p2p1,y,tangential,0.0004514104,0.0004514104,0.00036505,0.0012307723393216964,-5.6443997620159355e-05,-5.6443997620159355e-05,0.0012307723393216964
darcy_taylor_hood_p2p1,y,tangential,0.0004538093,0.0004538093,0.00036505,0.0016744242447948273,-2.0806650565165348e-05,-2.0806650565165348e-05,0.0016744242447948273
darcy_taylor_hood_p2p1,y,tangential,0.0004562082,0.0004562082,0.00036505,0.0016066605970097415,8.90370290018334e-05,8.90370290018334e-05,0.0016066605970097415
darcy_taylor_hood_p2p1,y,tangential,0.00045860709999999996,0.00045860709999999996,0.00036505,0.0010274813959664573,0.0002730870410808319,0.0002730870410808319,0.0010274813959664573
darcy_taylor_hood_p2p1,y,tangential,0.00046100599999999997,0.00046100599999999997,0.00036505,0.0009930669858318464,0.00031608456251877077,0.00031608456251877077,0.0009930669858318464
darcy_taylor_hood_p2p1,y,tangential,0.0004634049,0.0004634049,0.00036505,0.0009935633530686713,0.00034129996192239865,0.00034129996192239865,0.0009935633530686713
darcy_taylor_hood_p2p1,y,tangential,0.0004658038,0.0004658038,0.00036505,0.0008976061864475468,0.0003768569722246785,0.0003768569722246785,0.0008976061864475468
darcy_taylor_hood_p2p1,y,tangential,0.0004682027,0.0004682027,0.00036505,0.0007051954859684726,0.0004227555934256103,0.0004227555934256103,0.0007051954859684726
darcy_taylor_hood_p2p1,y,tangential,0.0004706016,0.0004706016,0.00036505,0.0006751477019662414,0.00049230125300716,0.00049230125300716,0.0006751477019662414
darcy_taylor_hood_p2p1,y,tangential,0.0004730005,0.0004730005,0.00036505,0.000733105992019325,0.0005030741920105455,0.0005030741920105455,0.000733105992019325
darcy_taylor_hood_p2p1,y,tangential,0.00047539939999999997,0.00047539939999999997,0.00036505,0.0006252311760685538,0.0004173228912433523,0.0004173228912433523,0.0006252311760685538
darcy_taylor_hood_p2p1,y,tangential,0.0004777983,0.0004777983,0.00036505,0.0003515232541139234,0.00023504735070557683,0.00023504735070557683,0.0003515232541139234
darcy_taylor_hood_p2p1,y,tangential,0.0004801972,0.0004801972,0.00036505,1.186760395530585e-06,1.0266886920144916e-05,1.0266886920144916e-05,1.186760395530585e-06
darcy_taylor_hood_p2p1,y,tangential,0.0004825961,0.0004825961,0.00036505,4.7092320652053465e-06,3.766871602643579e-06,3.766871602643579e-06,4.7092320652053465e-06
darcy_taylor_hood_p2p1,y,tangential,0.000484995,0.000484995,0.00036505,5.903951529728493e-06,-7.979094059092716e-08,-7.979094059092716e-08,5.903951529728493e-06
darcy_taylor_hood_p2p1,y,tangential,0.0004873939,0.0004873939,0.00036505,4.7709187891000225e-06,-1.2731007095586028e-06,-1.2731007095586028e-06,4.7709187891000225e-06
darcy_taylor_hood_p2p1,y,tangential,0.0004897928,0.0004897928,0.00036505,1.3101338433199339e-06,1.8694229574055187e-07,1.8694229574055187e-07,1.3101338433199339e-06
darcy_taylor_hood_p2p1,y,tangential,0.0004921917,0.0004921917,0.00036505,-4.261596132297843e-07,1.5247156702056288e-06,1.5247156702056288e-06,-4.261596132297843e-07
darcy_taylor_hood_p2p1,y,tangential,0.0004945906,0.0004945906,0.00036505,-1.0396395488574738e-06,1.97370272089473e-06,1.97370272089473e-06,-1.0396395488574738e-06
darcy_taylor_hood_p2p1,y,tangential,0.0004969895,0.0004969895,0.00036505,-1.1360325858496786e-06,1.8365500030550859e-06,1.8365500030550859e-06,-1.1360325858496786e-06
darcy_taylor_hood_p2p1,y,tangential,0.0004993884,0.0004993884,0.00036505,-7.153387242063991e-07,1.1132575166866966e-06,1.1132575166866966e-06,-7.153387242063991e-07
darcy_taylor_hood_p2p1,y,tangential,0.0005017873000000001,0.0005017873000000001,0.00036505,-2.844945112287277e-07,3.59980420372766e-07,3.59980420372766e-07,-2.844945112287277e-07
darcy_taylor_hood_p2p1,y,tangential,0.0005041862000000001,0.0005041862000000001,0.00036505,-2.5296498260114805e-07,1.3390776185507575e-07,1.3390776185507575e-07,-2.5296498260114805e-07
darcy_taylor_hood_p2p1,y,tangential,0.0005065851000000001,0.0005065851000000001,0.00036505,-1.9598017801323904e-07,7.135230162952241e-09,7.135230162952241e-09,-1.9598017801323904e-07
darcy_taylor_hood_p2p1,y,tangential,0.0005089840000000001,0.0005089840000000001,0.00036505,-1.1354009746500076e-07,-2.0337174703604565e-08,-2.0337174703604565e-08,-1.1354009746500076e-07
darcy_taylor_hood_p2p1,y,tangential,0.0005113829000000001,0.0005113829000000001,0.00036505,-1.91333903200741e-08,3.2090036807797034e-08,3.2090036807797034e-08,-1.91333903200741e-08
darcy_taylor_hood_p2p1,y,tangential,0.0005137818,0.0005137818,0.00036505,-6.527327593448701e-09,7.3776732023978634e-09,7.3776732023978634e-09,-6.527327593448701e-09
darcy_taylor_hood_p2p1,y,tangential,0.0005161807,0.0005161807,0.00036505,8.704265074897776e-10,-1.3705796832711799e-09,-1.3705796832711799e-09,8.704265074897776e-10
darcy_taylor_hood_p2p1,y,tangential,0.0005185796,0.0005185796,0.00036505,3.0598719827409348e-09,5.845278150789658e-09,5.845278150789658e-09,3.0598719827409348e-09
darcy_taylor_hood_p2p1,y,tangential,0.0005209785,0.0005209785,0.00036505,4.1008832304668055e-11,2.902524670458133e-08,2.902524670458133e-08,4.1008832304668055e-11
darcy_taylor_hood_p2p1,y,tangential,0.0005233774,0.0005233774,0.00036505,5.45964944183331e-08,2.3413756761266254e-08,2.3413756761266254e-08,5.45964944183331e-08
darcy_taylor_hood_p2p1,y,tangential,0.0005257763,0.0005257763,0.00036505,1.041438973748239e-07,9.16038350338275e-09,9.16038350338275e-09,1.041438973748239e-07
darcy_taylor_hood_p2p1,y,tangential,0.0005281752,0.0005281752,0.00036505,1.2914122467515953e-07,-2.7873914203081665e-09,-2.7873914203081665e-09,1.2914122467515953e-07
darcy_taylor_hood_p2p1,y,tangential,0.0005305741,0.0005305741,0.00036505,1.2958847631933996e-07,-1.2429568009807838e-08,-1.2429568009807838e-08,1.2958847631933996e-07
darcy_taylor_hood_p2p1,y,tangential,0.0005329730000000001,0.0005329730000000001,0.00036505,9.788927772437345e-08,-9.504510295790495e-09,-9.504510295790495e-09,9.788927772437345e-08
darcy_taylor_hood_p2p1,y,tangential,0.0005353719000000001,0.0005353719000000001,0.00036505,6.574570374583275e-08,-1.1634713929637062e-10,-1.1634713929637062e-10,6.574570374583275e-08
darcy_taylor_hood_p2p1,y,tangential,0.0005377708000000001,0.0005377708000000001,0.00036505,5.641949085663464e-08,-1.222600920865921e-09,-1.222600920865921e-09,5.641949085663464e-08
darcy_taylor_hood_p2p1,y,tangential,0.0005401697000000001,0.0005401697000000001,0.00036505,6.991063905677932e-08,-1.2823271640499682e-08,-1.2823271640499682e-08,6.991063905677932e-08
darcy_taylor_hood_p2p1,y,tangential,0.0005425686,0.0005425686,0.00036505,-1.7598151193069851e-07,6.360236042416407e-07,6.360236042416407e-07,-1.7598151193069851e-07
darcy_taylor_hood_p2p1,y,tangential,0.0005449675,0.0005449675,0.00036505,-2.5602161533744315e-06,6.361007534992812e-06,6.361007534992812e-06,-2.5602161533744315e-06
darcy_taylor_hood_p2p1,y,tangential,0.0005473664,0.0005473664,0.00036505,-3.446050804022268e-06,8.472300221342533e-06,8.472300221342533e-06,-3.446050804022268e-06
darcy_taylor_hood_p2p1,y,tangential,0.0005497653,0.0005497653,0.00036505,-2.833485463874211e-06,6.969901663290809e-06,6.969901663290809e-06,-2.833485463874211e-06
darcy_taylor_hood_p2p1,y,tangential,0.0005521642,0.0005521642,0.00036505,-7.225201329302583e-07,1.8538118608376414e-06,1.8538118608376414e-06,-7.225201329302583e-07
darcy_taylor_hood_p2p1,y,tangential,0.0005545631,0.0005545631,0.00036505,1.135001954110809e-08,-2.490887083306061e-09,-2.490887083306061e-09,1.135001954110809e-08
darcy_taylor_hood_p2p1,y,tangential,0.000556962,0.000556962,0.00036505,-3.325183267793821e-08,4.485071278973721e-08,4.485071278973721e-08,-3.325183267793821e-08
darcy_taylor_hood_p2p1,y,tangential,0.0005593609,0.0005593609,0.00036505,-3.074374373661928e-08,3.361345442465091e-08,3.361345442465091e-08,-3.074374373661928e-08
darcy_taylor_hood_p2p1,y,tangential,0.0005617598000000001,0.0005617598000000001,0.00036505,1.8874286365064867e-08,-3.6202662178564936e-08,-3.6202662178564936e-08,1.8874286365064867e-08
darcy_taylor_hood_p2p1,y,tangential,0.0005641587000000001,0.0005641587000000001,0.00036505,1.5426908713671312e-07,-2.2226861302515184e-07,-2.2226861302515184e-07,1.5426908713671312e-07
darcy_taylor_hood_p2p1,y,tangential,0.0005665576000000001,0.0005665576000000001,0.00036505,3.04612044600773e-07,-4.157186123227696e-07,-4.157186123227696e-07,3.04612044600773e-07
darcy_taylor_hood_p2p1,y,tangential,0.0005689565000000001,0.0005689565000000001,0.00036505,3.6936905095468604e-07,-4.651962205556539e-07,-4.651962205556539e-07,3.6936905095468604e-07
darcy_taylor_hood_p2p1,y,tangential,0.0005713554000000001,0.0005713554000000001,0.00036505,3.4854010619845197e-07,-3.7070143772380477e-07,-3.7070143772380477e-07,3.4854010619845197e-07
darcy_taylor_hood_p2p1,y,tangential,0.0005737543,0.0005737543,0.00036505,5.837342967223316e-07,9.012010511846075e-07,9.012010511846075e-07,5.837342967223316e-07
darcy_taylor_hood_p2p1,y,tangential,0.0005761532,0.0005761532,0.00036505,1.0421061974738544e-05,1.960077908458386e-05,1.960077908458386e-05,1.0421061974738544e-05
darcy_taylor_hood_p2p1,y,tangential,0.0005785521,0.0005785521,0.00036505,2.4336416149510524e-05,2.799490477011565e-05,2.799490477011565e-05,2.4336416149510524e-05
darcy_taylor_hood_p2p1,y,tangential,0.000580951,0.000580951,0.00036505,4.2329796821038284e-05,2.6083578107779994e-05,2.6083578107779994e-05,4.2329796821038284e-05
darcy_taylor_hood_p2p1,y,tangential,0.0005833499,0.0005833499,0.00036505,6.440120398932177e-05,1.386679909757683e-05,1.386679909757683e-05,6.440120398932177e-05
darcy_taylor_hood_p2p1,y,tangential,0.0005857488,0.0005857488,0.00036505,0.0002072238630068712,0.00012837424810481092,0.00012837424810481092,0.0002072238630068712
darcy_taylor_hood_p2p1,y,tangential,0.0005881477,0.0005881477,0.00036505,0.0003383481155496889,0.0002246791176278809,0.0002246791176278809,0.0003383481155496889
darcy_taylor_hood_p2p1,y,tangential,0.0005905466,0.0005905466,0.00036505,0.00039473591825828637,0.00023065314594098652,0.00023065314594098652,0.00039473591825828637
darcy_taylor_hood_p2p1,y,tangential,0.0005929455000000001,0.0005929455000000001,0.00036505,0.00037638727113266374,0.00014629633304412773,0.00014629633304412773,0.00037638727113266374
darcy_taylor_hood_p2p1,y,tangential,0.0005953444000000001,0.0005953444000000001,0.00036505,0.00040462071972293426,5.100313632931921e-05,5.100313632931921e-05,0.00040462071972293426
darcy_taylor_hood_p2p1,y,tangential,0.0005977433000000001,0.0005977433000000001,0.00036505,0.0005330058905725515,6.375041140370684e-05,6.375041140370684e-05,0.0005330058905725515
darcy_taylor_hood_p2p1,y,tangential,0.0006001422000000001,0.0006001422000000001,0.00036505,0.0005086265910269146,5.962840810362383e-05,5.962840810362383e-05,0.0005086265910269146
darcy_taylor_hood_p2p1,y,tangential,0.0006025411000000001,0.0006025411000000001,0.00036505,0.00033148282108602347,3.863712642907021e-05,3.863712642907021e-05,0.00033148282108602347
darcy_taylor_hood_p2p1,y,tangential,0.00060494,0.00060494,0.00036505,1.574580749896772e-06,7.765663800485153e-07,7.765663800485153e-07,1.574580749896772e-06
darcy_taylor_hood_p2p1,y,tangential,0.0006073389,0.0006073389,0.00036505,7.608328841480235e-07,1.0850334835853913e-06,1.0850334835853913e-06,7.608328841480235e-07
darcy_taylor_hood_p2p1,y,tangential,0.0006097378,0.0006097378,0.00036505,2.1979270952755858e-07,1.1008266321674073e-06,1.1008266321674073e-06,2.1979270952755858e-07
darcy_taylor_hood_p2p1,y,tangential,0.0006121367,0.0006121367,0.00036505,-4.8539773957733e-08,8.239458257948817e-07,8.239458257948817e-07,-4.8539773957733e-08
darcy_taylor_hood_p2p1,y,tangential,0.0006145356,0.0006145356,0.00036505,-4.416456630785191e-08,2.5439106446781385e-07,2.5439106446781385e-07,-4.416456630785191e-08
darcy_taylor_hood_p2p1,y,tangential,0.0006169345,0.0006169345,0.00036505,8.309419562032921e-09,-2.9612280876831127e-09,-2.9612280876831127e-09,8.309419562032921e-09
darcy_taylor_hood_p2p1,y,tangential,0.0006193334,0.0006193334,0.00036505,-4.67465332302979e-09,6.304281333826645e-09,6.304281333826645e-09,-4.67465332302979e-09
darcy_taylor_hood_p2p1,y,tangential,0.0006217323,0.0006217323,0.00036505,-9.29890782976819e-09,9.416517119332856e-09,9.416517119332856e-09,-9.29890782976819e-09
darcy_taylor_hood_p2p1,y,tangential,0.0006241312000000001,0.0006241312000000001,0.00036505,-5.563343958182277e-09,6.375479268835524e-09,6.375479268835524e-09,-5.563343958182277e-09
darcy_taylor_hood_p2p1,y,tangential,0.0006265301000000001,0.0006265301000000001,0.00036505,1.8661186653511873e-09,9.361564375865073e-10,9.361564375865073e-10,1.8661186653511873e-09
darcy_taylor_hood_p2p1,y,tangential,0.0006289290000000001,0.0006289290000000001,0.00036505,1.510369300463933e-09,1.5622608360565086e-09,1.5622608360565086e-09,1.510369300463933e-09
darcy_taylor_hood_p2p1,y,tangential,0.0006313279000000001,0.0006313279000000001,0.00036505,1.1116624420970236e-09,1.61009173422532e-09,1.61009173422532e-09,1.1116624420970236e-09
darcy_taylor_hood_p2p1,y,tangential,0.0006337268000000001,0.0006337268000000001,0.00036505,6.699980902504597e-10,1.0796491320929414e-09,1.0796491320929414e-09,6.699980902504597e-10
darcy_taylor_hood_p2p1,y,tangential,0.0006361257,0.0006361257,0.00036505,1.8537624492426314e-10,-2.9066970340563223e-11,-2.9066970340563223e-11,1.8537624492426314e-10
darcy_taylor_hood_p2p1,y,tangential,0.0006385246,0.0006385246,0.00036505,8.980441459227078e-11,-4.5585635301740335e-11,-4.5585635301740335e-11,8.980441459227078e-11
darcy_taylor_hood_p2p1,y,tangential,0.0006409235,0.0006409235,0.00036505,4.5912106964299e-11,-2.011206839233025e-11,-2.011206839233025e-11,4.5912106964299e-11
darcy_taylor_hood_p2p1,y,tangential,0.0006433224,0.0006433224,0.00036505,3.572929069312498e-11,-1.6480428228280894e-11,-1.6480428228280894e-11,3.572929069312498e-11
darcy_taylor_hood_p2p1,y,tangential,0.0006457213,0.0006457213,0.00036505,5.925596577874874e-11,-3.4690714809592275e-11,-3.4690714809592275e-11,5.925596577874874e-11
darcy_taylor_hood_p2p1,y,tangential,0.0006481202,0.0006481202,0.00036505,4.132431380565101e-06,-5.766311394690931e-06,-5.766311394690931e-06,4.132431380565101e-06
darcy_taylor_hood_p2p1,y,tangential,0.0006505191,0.0006505191,0.00036505,8.036284668226451e-06,-1.1482144741037286e-05,-1.1482144741037286e-05,8.036284668226451e-06
darcy_taylor_hood_p2p1,y,tangential,0.000652918,0.000652918,0.00036505,8.35336432230678e-06,-1.2526722781928331e-05,-1.2526722781928331e-05,8.35336432230678e-06
darcy_taylor_hood_p2p1,y,tangential,0.0006553169000000001,0.0006553169000000001,0.00036505,5.083670342806093e-06,-8.900045517364076e-06,-8.900045517364076e-06,5.083670342806093e-06
darcy_taylor_hood_p2p1,y,tangential,0.0006577158000000001,0.0006577158000000001,0.00036505,4.595592926886354e-05,-3.837084560986354e-05,-3.837084560986354e-05,4.595592926886354e-05
darcy_taylor_hood_p2p1,y,tangential,0.0006601147000000001,0.0006601147000000001,0.00036505,0.0001667856692871731,-0.00013131534810554822,-0.00013131534810554822,0.0001667856692871731
darcy_taylor_hood_p2p1,y,tangential,0.0006625136000000001,0.0006625136000000001,0.00036505,0.00020204214228528933,-0.00015793836187911017,-0.00015793836187911017,0.00020204214228528933
darcy_taylor_hood_p2p1,y,tangential,0.0006649125000000001,0.0006649125000000001,0.00036505,0.00015172534826321223,-0.00011823988693054922,-0.00011823988693054922,0.00015172534826321223
darcy_taylor_hood_p2p1,y,tangential,0.0006673114,0.0006673114,0.00036505,1.5835287220949915e-05,-1.2219923259871815e-05,-1.2219923259871815e-05,1.5835287220949915e-05
darcy_taylor_hood_p2p1,y,tangential,0.0006697103,0.0006697103,0.00036505,5.224725867116953e-07,-2.2019231749856682e-07,-2.2019231749856682e-07,5.224725867116953e-07
darcy_taylor_hood_p2p1,y,tangential,0.0006721092,0.0006721092,0.00036505,8.012422488810324e-07,-4.119116424187283e-07,-4.119116424187283e-07,8.012422488810324e-07
darcy_taylor_hood_p2p1,y,tangential,0.0006745081,0.0006745081,0.00036505,7.44189843717619e-07,-3.9909104428414677e-07,-3.9909104428414677e-07,7.44189843717619e-07
darcy_taylor_hood_p2p1,y,tangential,0.000676907,0.000676907,0.00036505,3.5131537122142483e-07,-1.8173052309475717e-07,-1.8173052309475717e-07,3.5131537122142483e-07
darcy_taylor_hood_p2p1,y,tangential,0.0006793059,0.0006793059,0.00036505,5.227868518413042e-08,-1.539302215712079e-08,-1.539302215712079e-08,5.227868518413042e-08
darcy_taylor_hood_p2p1,y,tangential,0.0006817048,0.0006817048,0.00036505,2.0735361105538233e-08,-5.756815490622314e-09,-5.756815490622314e-09,2.0735361105538233e-08
darcy_taylor_hood_p2p1,y,tangential,0.0006841037000000001,0.0006841037000000001,0.00036505,1.957777326985164e-09,-1.972339700840586e-09,-1.972339700840586e-09,1.957777326985164e-09
darcy_taylor_hood_p2p1,y,tangential,0.0006865026000000001,0.0006865026000000001,0.00036505,-4.054066151523593e-09,-4.039594787787782e-09,-4.039594787787782e-09,-4.054066151523593e-09
darcy_taylor_hood_p2p1,y,tangential,0.0006889015000000001,0.0006889015000000001,0.00036505,1.4974670254502015e-07,-1.035997980382721e-07,-1.035997980382721e-07,1.4974670254502015e-07
darcy_taylor_hood_p2p1,y,tangential,0.0006913004000000001,0.0006913004000000001,0.00036505,6.36420338693479e-07,-4.1089051215664207e-07,-4.1089051215664207e-07,6.36420338693479e-07
darcy_taylor_hood_p2p1,y,tangential,0.0006936993000000001,0.0006936993000000001,0.00036505,7.92072781802197e-07,-5.136986106123346e-07,-5.136986106123346e-07,7.92072781802197e-07
darcy_taylor_hood_p2p1,y,tangential,0.0006960982000000001,0.0006960982000000001,0.00036505,6.167040318711743e-07,-4.1202409340534976e-07,-4.1202409340534976e-07,6.167040318711743e-07
darcy_taylor_hood_p2p1,y,tangential,0.0006984971,0.0006984971,0.00036505,1.1031408890044125e-07,-1.058669605357061e-07,-1.058669605357061e-07,1.1031408890044125e-07
darcy_taylor_hood_p2p1,y,tangential,0.000700896,0.000700896,0.00036505,1.44898886680928e-08,-4.230991595559218e-08,-4.230991595559218e-08,1.44898886680928e-08
darcy_taylor_hood_p2p1,y,tangential,0.0007032949,0.0007032949,0.00036505,1.0949478823604116e-08,-3.5320147536558584e-08,-3.5320147536558584e-08,1.0949478823604116e-08
darcy_taylor_hood_p2p1,y,tangential,0.0007056938,0.0007056938,0.00036505,1.022693130683548e-08,-3.1369260353051946e-08,-3.1369260353051946e-08,1.022693130683548e-08
darcy_taylor_hood_p2p1,y,tangential,0.0007080927,0.0007080927,0.00036505,1.2322246117786898e-08,-3.045725440507225e-08,-3.045725440507225e-08,1.2322246117786898e-08
darcy_taylor_hood_p2p1,y,tangential,0.0007104916,0.0007104916,0.00036505,-5.906109608089271e-06,-2.8147407763211677e-07,-2.8147407763211677e-07,-5.906109608089271e-06
darcy_taylor_hood_p2p1,y,tangential,0.0007128905,0.0007128905,0.00036505,-1.1758428240756458e-05,-1.148077034742175e-06,-1.148077034742175e-06,-1.1758428240756458e-05
darcy_taylor_hood_p2p1,y,tangential,0.0007152894000000001,0.0007152894000000001,0.00036505,-1.0388520382177553e-05,-2.5229278488116492e-06,-2.5229278488116492e-06,-1.0388520382177553e-05
darcy_taylor_hood_p2p1,y,tangential,0.0007176883000000001,0.0007176883000000001,0.00036505,-1.7963860323525597e-06,-4.406026519840541e-06,-4.406026519840541e-06,-1.7963860323525597e-06
darcy_taylor_hood_p2p1,y,tangential,0.0007200872000000001,0.0007200872000000001,0.00036505,1.0540863911113361e-05,-5.535281582864161e-06,-5.535281582864161e-06,1.0540863911113361e-05
darcy_taylor_hood_p2p1,y,tangential,0.0007224861000000001,0.0007224861000000001,0.00036505,1.0168700789820728e-05,-1.778519874455032e-06,-1.778519874455032e-06,1.0168700789820728e-05
darcy_taylor_hood_p2p1,y,tangential,0.000724885,0.000724885,0.00036505,1.1199997920902653e-05,4.466305625977924e-07,4.466305625977924e-07,1.1199997920902653e-05
