property,estimated,units,experimental,abs_error,rel_error_pct
Porosity (image full volume),21.179338,%,24.11,-2.930661999999998,-12.155379510576516
Porosity (network absolute),21.25355185185185,%,24.11,-2.85644814814815,-11.84756594005869
Porosity (network effective),21.25355185185185,%,,,
Absolute permeability Kx,65.32757678798035,mD,63.0,2.327576787980348,3.694566330127537
Absolute permeability Ky,58.301080909939365,mD,63.0,-4.698919090060635,-7.458601730254975
Absolute permeability Kz,65.45211895996984,mD,63.0,2.4521189599698374,3.8922523174124404
"Absolute permeability arithmetic mean(Kx,Ky,Kz)",63.02692555262985,mD,63.0,0.02692555262984797,0.042738972428330115
Absolute permeability quadratic mean(sqrt(mean(K^2))),63.115471427658704,mD,63.0,0.11547142765870433,0.1832879804106418
