axis,k_m2,k_mD,n_pores,n_throats,conductance_model
x,4.7392370221180824e-14,48.02031750712626,27913.0,48475.0,generic_poiseuille
y,3.613942585826323e-14,36.61827201593399,27913.0,48475.0,generic_poiseuille
z,6.118606135550395e-14,61.99677457762315,27913.0,48475.0,generic_poiseuille
