axis,k_m2,k_mD,n_pores,n_throats,conductance_model
x,6.447330766459697e-14,65.32757678798035,5205.0,8207.0,generic_poiseuille
y,5.753869516520436e-14,58.301080909939365,5205.0,8207.0,generic_poiseuille
z,6.459622123596601e-14,65.45211895996984,5205.0,8207.0,generic_poiseuille
