property,estimated,units,experimental,abs_error,rel_error_pct
Porosity (image full volume),21.028188999999998,%,18.1,2.928188999999996,16.177839779005502
Porosity (network absolute),20.7022832,%,18.1,2.6022831999999987,14.377255248618777
Porosity (network effective),20.7022832,%,,,
Absolute permeability Kx,48.02031750712626,mD,9.0,39.02031750712626,433.5590834125139
Absolute permeability Ky,36.61827201593399,mD,9.0,27.61827201593399,306.86968906593324
Absolute permeability Kz,61.99677457762315,mD,9.0,52.99677457762315,588.8530508624794
"Absolute permeability arithmetic mean(Kx,Ky,Kz)",48.8784547002278,mD,9.0,39.8784547002278,443.0939411136422
Absolute permeability quadratic mean(sqrt(mean(K^2))),49.968152513865505,mD,9.0,40.968152513865505,455.20169459850564
