property,estimated,units,experimental,abs_error,rel_error_pct
Porosity (image full volume),22.7061513,%,24.02,-1.3138487000000012,-5.469811407160704
Porosity (network absolute),23.40394074074074,%,24.02,-0.6160592592592593,-2.5647762666913376
Porosity (network effective),23.40394074074074,%,,,
Absolute permeability Kx,390.4408172766292,mD,275.0,115.44081727662922,41.978479009683355
Absolute permeability Ky,314.58186485718255,mD,275.0,39.58186485718255,14.393405402611839
Absolute permeability Kz,206.55421598823105,mD,275.0,-68.44578401176895,-24.889376004279615
"Absolute permeability arithmetic mean(Kx,Ky,Kz)",303.8589660406809,mD,275.0,28.85896604068091,10.494169469338514
Absolute permeability quadratic mean(sqrt(mean(K^2))),313.0870090114342,mD,275.0,38.08700901143419,13.849821458703342
