backend,backend_label,axis,k_m2,k_mD,n_pores,n_throats,conductance_model,mass_balance_error,reference_viscosity
native_maximal_ball,Native maximal-ball,x,1.98188108273582e-13,200.81409393575163,998.0,1773.0,generic_poiseuille,6.621877931324196e-20,0.0008893800376331526
native_maximal_ball,Native maximal-ball,y,2.9473179023957677e-13,298.6369763887191,998.0,1773.0,generic_poiseuille,5.189918808924674e-20,0.0008893800376331526
native_maximal_ball,Native maximal-ball,z,1.0911009810678588e-13,110.55580317820632,998.0,1773.0,generic_poiseuille,5.2267719300284455e-20,0.0008893800376331526
porespy,PoreSpy snow2,x,3.8551828059023443e-13,390.62638463418017,2359.0,4143.0,generic_poiseuille,1.7536679419496063e-19,0.0008893800376331526
porespy,PoreSpy snow2,y,3.105533187083089e-13,314.668139569011,2359.0,4143.0,generic_poiseuille,1.6950519368862243e-19,0.0008893800376331526
porespy,PoreSpy snow2,z,2.0401301969248515e-13,206.71618523190722,2359.0,4143.0,generic_poiseuille,1.531515985015512e-19,0.0008893800376331526
prego,PREGO,x,7.611317410179596e-13,771.2167105771639,1373.0,3235.0,generic_poiseuille,1.5303856935385405e-19,0.0008893800376331526
prego,PREGO,y,5.361301450233416e-13,543.2338511243393,1373.0,3235.0,generic_poiseuille,1.6234830149727687e-19,0.0008893800376331526
prego,PREGO,z,4.089364648886124e-13,414.35485907426886,1373.0,3235.0,generic_poiseuille,1.6284501739608794e-19,0.0008893800376331526
