property,estimated,units,experimental,abs_error,rel_error_pct
Porosity (image full volume),26.718859600000002,%,22.64,4.078859600000001,18.016164310954068
Porosity (network absolute),27.56616296296296,%,22.64,4.926162962962959,21.758670331108476
Porosity (network effective),27.56616296296296,%,,,
Absolute permeability Kx,426.8173064468805,mD,386.0,40.81730644688048,10.574431721989761
Absolute permeability Ky,536.389636159082,mD,386.0,150.389636159082,38.96104563706787
Absolute permeability Kz,543.8496390369637,mD,386.0,157.8496390369637,40.893688869679714
"Absolute permeability arithmetic mean(Kx,Ky,Kz)",502.3521938809754,mD,386.0,116.35219388097539,30.143055409579116
Absolute permeability quadratic mean(sqrt(mean(K^2))),505.19279644576557,mD,386.0,119.19279644576557,30.878962809783825
