backend,backend_label,k_mean_mD,k_mean_m2,k_rms_mD,k_rms_m2,axis_count,aggregate_kabs_mD,aggregate_kabs_m2
native_maximal_ball,Native maximal-ball,288.1053827321461,2.8433791507377266e-13,292.3782451115435,2.885549025136934e-13,3.0,292.3782451115435,2.885549025136934e-13
porespy,PoreSpy snow2,463.5199557729383,4.574586443672824e-13,465.1050816519002,4.590230420306629e-13,3.0,465.1050816519002,4.590230420306629e-13
prego,PREGO,875.2227802596127,8.63777754528992e-13,877.8441702803166,8.66364865418812e-13,3.0,877.8441702803166,8.66364865418812e-13
