axis,k_m2,k_mD,n_pores,n_throats,conductance_model
x,4.2123594457566657e-13,426.8173064468805,2625.0,4639.0,generic_poiseuille
y,5.293754298039206e-13,536.389636159082,2625.0,4639.0,generic_poiseuille
z,5.367378804621691e-13,543.8496390369637,2625.0,4639.0,generic_poiseuille
