axis,k_m2,k_mD,n_pores,n_throats,conductance_model
x,1.4301926076904418e-13,144.91426108700054,2062.0,3373.0,generic_poiseuille
y,1.3294396627518689e-13,134.70546928539116,2062.0,3373.0,generic_poiseuille
z,1.38301898935275e-13,140.13439437013494,2062.0,3373.0,generic_poiseuille
