property,estimated,units,experimental,abs_error,rel_error_pct
Porosity (image full volume),21.671533200000002,%,18.96,2.7115332000000016,14.301335443037983
Porosity (network absolute),21.8246579170227,%,18.96,2.8646579170227007,15.108955258558547
Porosity (network effective),21.8246579170227,%,,,
Absolute permeability Kx,144.91426108700054,mD,121.0,23.91426108700054,19.763852138016976
Absolute permeability Ky,134.70546928539116,mD,121.0,13.70546928539116,11.326834120157983
Absolute permeability Kz,140.13439437013494,mD,121.0,19.13439437013494,15.813549066227225
"Absolute permeability arithmetic mean(Kx,Ky,Kz)",139.9180415808422,mD,121.0,18.918041580842214,15.63474510813406
Absolute permeability quadratic mean(sqrt(mean(K^2))),139.98018312993847,mD,121.0,18.980183129938467,15.686101760279726
