axis,k_m2,k_mD,n_pores,n_throats,conductance_model
x,1.2136786927942447e-13,122.9759894000116,3472.0,6026.0,generic_poiseuille
y,1.2100471555141173e-13,122.60802389751233,3472.0,6026.0,generic_poiseuille
z,1.332963186214351e-13,135.06249028818664,3472.0,6026.0,generic_poiseuille
