property,estimated,units,experimental,abs_error,rel_error_pct
Porosity (image full volume),19.792437500000005,%,19.07,0.7224375000000052,3.7883455689565033
Porosity (network absolute),20.19598148148148,%,19.07,1.1259814814814781,5.9044650313659055
Porosity (network effective),20.19598148148148,%,,,
Absolute permeability Kx,122.9759894000116,mD,80.0,42.9759894000116,53.719986750014506
Absolute permeability Ky,122.60802389751233,mD,80.0,42.608023897512325,53.2600298718904
Absolute permeability Kz,135.06249028818664,mD,80.0,55.06249028818664,68.82811286023329
"Absolute permeability arithmetic mean(Kx,Ky,Kz)",126.88216786190351,mD,80.0,46.88216786190351,58.602709827379385
Absolute permeability quadratic mean(sqrt(mean(K^2))),127.0140382999864,mD,80.0,47.014038299986396,58.767547874982995
