axis,k_m2,k_mD,n_pores,n_throats,conductance_model
x,7.745514828075358e-14,78.48142634868746,2903.0,4672.0,generic_poiseuille
y,1.4790440276893106e-13,149.86413105145155,2903.0,4672.0,generic_poiseuille
z,1.0037710996429449e-13,101.70710324124933,2903.0,4672.0,generic_poiseuille
