property,estimated,units,experimental,abs_error,rel_error_pct
Porosity (image full volume),19.6485546,%,18.56,1.088554600000002,5.8650571120689765
Porosity (network absolute),19.914196296296293,%,18.56,1.3541962962962941,7.296316251596413
Porosity (network effective),19.914196296296293,%,,,
Absolute permeability Kx,78.48142634868746,mD,86.0,-7.518573651312536,-8.742527501526205
Absolute permeability Ky,149.86413105145155,mD,86.0,63.86413105145155,74.26061750168785
Absolute permeability Kz,101.70710324124933,mD,86.0,15.707103241249328,18.26407353633643
"Absolute permeability arithmetic mean(Kx,Ky,Kz)",110.01755354712945,mD,86.0,24.017553547129452,27.92738784549936
Absolute permeability quadratic mean(sqrt(mean(K^2))),113.96333753632824,mD,86.0,27.96333753632824,32.51550876317237
