property,estimated,units,experimental,abs_error,rel_error_pct
Porosity (image full volume),24.6691588,%,26.54,-1.8708411999999974,-7.0491379050489735
Porosity (network absolute),25.162025925925924,%,26.54,-1.377974074074075,-5.192065086940749
Porosity (network effective),25.162025925925924,%,,,
Absolute permeability Kx,293.60624662626867,mD,269.0,24.60624662626867,9.147303578538539
Absolute permeability Ky,233.93264324521223,mD,269.0,-35.06735675478777,-13.036192102151587
Absolute permeability Kz,351.49957926851556,mD,269.0,82.49957926851556,30.66898857565634
"Absolute permeability arithmetic mean(Kx,Ky,Kz)",293.0128230466655,mD,269.0,24.012823046665517,8.926700017347775
Absolute permeability quadratic mean(sqrt(mean(K^2))),296.91809412675883,mD,269.0,27.91809412675883,10.378473653070198
