axis,k_m2,k_mD,n_pores,n_throats,conductance_model
x,2.89766845821011e-13,293.60624662626867,2832.0,4771.0,generic_poiseuille
y,2.308735762492876e-13,233.93264324521223,2832.0,4771.0,generic_poiseuille
z,3.4690312472029497e-13,351.49957926851556,2832.0,4771.0,generic_poiseuille
