property,estimated,units,experimental,abs_error,rel_error_pct
Porosity (image full volume),21.487197700000003,%,19.95,1.5371977000000037,7.705251629072701
Porosity (network absolute),21.997007407407406,%,19.95,2.0470074074074063,10.260688758934368
Porosity (network effective),21.997007407407406,%,,,
Absolute permeability Kx,119.23212497215228,mD,62.0,57.23212497215228,92.30987898734239
Absolute permeability Ky,122.97649522037909,mD,62.0,60.97649522037909,98.34918583932112
Absolute permeability Kz,138.03691746035423,mD,62.0,76.03691746035423,122.64018945218425
"Absolute permeability arithmetic mean(Kx,Ky,Kz)",126.74851255096188,mD,62.0,64.74851255096188,104.43308475961594
Absolute permeability quadratic mean(sqrt(mean(K^2))),127.00880361090395,mD,62.0,65.00880361090395,104.85290904984508
