axis,k_m2,k_mD,n_pores,n_throats,conductance_model
x,1.1767296224352894e-13,119.23212497215228,4261.0,7372.0,generic_poiseuille
y,1.2136836848533076e-13,122.97649522037909,4261.0,7372.0,generic_poiseuille
z,1.3623185010180042e-13,138.03691746035423,4261.0,7372.0,generic_poiseuille
