property,estimated,units,experimental,abs_error,rel_error_pct
Porosity (image full volume),19.503383799999995,%,20.22,-0.7166162000000043,-3.5440959446093188
Porosity (network absolute),20.00569629629629,%,20.22,-0.21430370370370966,-1.059860057881848
Porosity (network effective),20.00569629629629,%,,,
Absolute permeability Kx,475.0878066301114,mD,327.0,148.0878066301114,45.286791018382694
Absolute permeability Ky,259.72020739486635,mD,327.0,-67.27979260513365,-20.574860123894084
Absolute permeability Kz,131.63103146901653,mD,327.0,-195.36896853098347,-59.74586193608057
"Absolute permeability arithmetic mean(Kx,Ky,Kz)",288.81301516466476,mD,327.0,-38.18698483533524,-11.677977013863988
Absolute permeability quadratic mean(sqrt(mean(K^2))),321.70884278771894,mD,327.0,-5.291157212281064,-1.61809089060583
