axis,k_m2,k_mD,n_pores,n_throats,conductance_model
x,4.688752259091515e-13,475.0878066301114,1929.0,3159.0,generic_poiseuille
y,2.5632392415882594e-13,259.72020739486635,1929.0,3159.0,generic_poiseuille
z,1.2990973195980565e-13,131.63103146901653,1929.0,3159.0,generic_poiseuille
