property,estimated,units,experimental,abs_error,rel_error_pct
Porosity (image full volume),13.6520926,%,14.77,-1.1179074,-7.5687704807041305
Porosity (network absolute),12.900170370370368,%,14.77,-1.8698296296296313,-12.659645427417951
Porosity (network effective),12.900170370370368,%,,,
Absolute permeability Kx,20.506082427939003,mD,10.0,10.506082427939003,105.06082427939002
Absolute permeability Ky,18.172676502680524,mD,10.0,8.172676502680524,81.72676502680524
Absolute permeability Kz,22.3974004033747,mD,10.0,12.3974004033747,123.974004033747
"Absolute permeability arithmetic mean(Kx,Ky,Kz)",20.358719777998076,mD,10.0,10.358719777998076,103.58719777998076
Absolute permeability quadratic mean(sqrt(mean(K^2))),20.431912397371544,mD,10.0,10.431912397371544,104.31912397371543
