axis,k_m2,k_mD,n_pores,n_throats,conductance_model
x,2.0237930539853573e-14,20.506082427939003,3454.0,5647.0,generic_poiseuille
y,1.7935037863857922e-14,18.172676502680524,3454.0,5647.0,generic_poiseuille
z,2.210451631751989e-14,22.3974004033747,3454.0,5647.0,generic_poiseuille
