axis,k_m2,k_mD,n_pores,n_throats,conductance_model
x,3.6500236349334396e-13,369.83863233682285,2477.0,4392.0,valvatne_blunt
y,5.960562776519048e-14,60.395400296244375,2477.0,4392.0,valvatne_blunt
z,1.8741501842045297e-13,189.8982610102051,2477.0,4392.0,valvatne_blunt
