case,maxball_diag_retained_ball_count,maxball_diag_root_region_count,maxball_diag_occupied_region_count,maxball_diag_assigned_void_fraction,maxball_diag_unassigned_void_voxel_count,maxball_diag_zero_throat_region_count,maxball_diag_internal_zero_throat_region_count,maxball_diag_boundary_zero_throat_region_count,maxball_diag_touch_radius_side1_mean_voxels,maxball_diag_touch_radius_side2_mean_voxels
phi032_b14,2228,156,140,0.9889376311272172,116,33,15,18,1.0049458335805743,1.0024729167902873
phi035_b16,2525,119,109,0.9766326619583224,268,24,5,19,1.0013580772536823,1.0013580772536823
phi038_b18,2733,106,101,0.9691615804690009,384,20,3,17,1.002827396330192,1.0056547926603836
phi040_b18,2739,104,101,0.9755092698558022,321,10,0,10,1.002320524158953,1.0
phi041_b20,2814,88,81,0.9707480461481206,393,11,0,11,1.0012823949299476,1.0064119746497382
