case,maxball_diag_retained_ball_count,maxball_diag_root_region_count,maxball_diag_occupied_region_count,maxball_diag_assigned_void_fraction,maxball_diag_unassigned_void_voxel_count,maxball_diag_zero_throat_region_count,maxball_diag_internal_zero_throat_region_count,maxball_diag_boundary_zero_throat_region_count,maxball_diag_touch_radius_side1_mean_voxels,maxball_diag_touch_radius_side2_mean_voxels,maxball_diag_refined_support_radius_side1_mean_voxels,maxball_diag_refined_support_radius_side2_mean_voxels
phi032_b14,139,82,82,0.9103566660308984,940,1,0,1,0.5,0.5048731007338011,0.981552313362534,1.0204681837817682
phi035_b16,92,70,70,0.8910105501787426,1250,0,0,0,0.5,0.5051137476836184,1.0342574943012934,1.0508351885250167
phi038_b18,92,69,69,0.8870061034371989,1407,1,0,1,0.5,0.5,1.035615822073906,1.0402561648523327
phi040_b18,106,84,84,0.9156176089112688,1106,0,0,0,0.5,0.5033137084989847,1.0313815661051344,1.0244359135679297
phi041_b20,96,71,71,0.9044287309266841,1284,1,0,1,0.50197244553511,0.50197244553511,0.9833454105644459,1.0299498952279662
