case,reference_physical_throat_count,native_physical_throat_count,matched_physical_throat_count,native_only_physical_throat_count,reference_only_physical_throat_count,matched_fraction_of_reference,matched_fraction_of_native,median_min_native_overlap_fraction,median_min_reference_overlap_fraction,median_radius_rel_diff,median_area_rel_diff,median_shape_factor_rel_diff,median_length_rel_diff,median_core_length_rel_diff,median_conductance_rel_diff,median_conductance_signed_ratio,k_ratio_maxball_to_pnflow,k_rel_diff_maxball
phi032_b14,165,156,132,24,42,0.8,0.8461538461538461,0.7572815533980582,0.7488789237668162,0.005479549999999944,0.3378278003350267,0.29289328,0.08237013545028857,0.08237016144637502,0.3699012483641339,1.2326260129334414,1.040171058884202,0.0386196660069487
phi035_b16,167,157,134,23,37,0.8023952095808383,0.8535031847133758,0.7324561403508771,0.6310679611650486,0.0041154500000000205,0.29979145965837706,0.2928932988134456,0.09769938072198975,0.09769947283444455,0.2862809873035973,1.0673582316726524,0.8113415777556539,0.1886584222443461
phi038_b18,146,146,117,29,37,0.8013698630136986,0.8013698630136986,0.7543424317617866,0.6585735963581184,0.004559499999999939,0.29999621963280854,0.29289331762689114,0.06126293464293981,0.061262918140835815,0.28022244021986903,1.0735964149774284,0.8548735006718703,0.1451264993281297
phi040_b18,245,245,190,55,65,0.7755102040816326,0.7755102040816326,0.7709923664122137,0.717391304347826,0.004520700000000044,0.29907722732565745,0.29289328000000003,0.08607087646507805,0.08607085435627371,0.2585388675188322,1.1478873371262919,1.2186539244852572,0.1794224923844672
phi041_b20,216,206,167,39,52,0.7731481481481481,0.8106796116504854,0.7217391304347827,0.7112970711297071,0.004132848677986454,0.3002392034514959,0.29289328000000003,0.07316049641490392,0.07316044917750489,0.273021183974977,1.1326324373480536,1.2537101168570703,0.2023674479815932
